649163.0000000 0.9623279 0.5887665 0.5208181 0.3229216 8.1652712 1.5694677 8.9595206 0.1745313 0.8751551 0.3621008 0.0070243 4.4536033 2.8211533 5.7541286 0.4240088 0.9751759 0.3261459 0.0329368 3.8557499 7.0841203 2.0174062 0.0021269 0.5444115 0.0037545 0.8046151 0.2899381 4.6420143 0.1147025 6.5503313 0.7599412 0.0101850 0.0560362 9.2435808 5.3850556 6.8008011 0.1683099 28.0780670 4.0000000 1.1105428 4.0000000 1.7649926 2.1665038 0.6044151 2.9026834 1.3960366 2.2627403 6.6859457 4.2189455 1.0399035 0.8411268 8.0968371 -0.4013841 7.6415389 2.0971793 2.0059953 4.3036301 4.0924320 4.2216562 3.1631178 6.2500000 1.7004004 12.8028068 2.4833428 0.3900000 1.0000000 1.9000000 1.4400000 0.8887809 0.0000000 0.9121422 0.0209512 0.0119538 0.0105552 0.0076974 0.0040729 0.0150969 0.0104472 0.0099016 0.0033310 0.0069870 0.0076501 0.0144685 0.0133987 0.0135178 0.0112894 0.0086663 0.0151533 0.0066398 0.0093121 0.0076254 0.0031900 0.0055791 0.0088256 0.0062894 0.0127215 0.0010313 0.0108370 0.0035163 0.0088478 0.0117908 0.0056181 0.0072894 0.0034758 0.0054348 0.0082399 0.0024427 0.0018508 0.0068410 0.0075152 0.0088255 0.0061669 0.0067108 0.0069855 0.0104335 0.0115655 0.0020403 0.0069663 0.0057946 0.0034381 0.0034875 0.0054781 0.0063621 0.0082186 0.0059835 0.0077991 0.0079204 0.0039694 0.0036864 0.0061706 0.0014188 0.0028425 0.0028246 0.0057499 0.0025136 0.0095202 0.0032381 0.0040565 0.0045618 0.0039693 0.0085640 0.0032494 0.0045897 0.0021669 0.0077039 0.0039091 0.0144785 0.0073944 0.0116658 0.0103649 0.0192155 0.0118166 0.0066454 0.0071115 0.0030484 0.0027557 0.0054149 0.0047665 0.0059664 0.0080670 0.0122360 0.0193535 0.0134338 0.0150297 0.0099029 0.0092886 0.0065421 0.0140527 0.0122661 0.0097516 0.0040833 0.0008716 0.0020161 0.0037308 0.0038722 0.0060113 0.0053151 0.0037744 0.0017573 0.0030047 0.0012318 0.0014075 0.0015615 0.0003703 0.0021825 0.0013474 0.0020016 0.0022951 0.0026173 0.0044377 0.0002631 0.0004738 0.0024711 0.0003484 0.0047335 0.0005289 0.2515601 0.8983774 0.8584158 0.5193764 2.2882372
643925.0000000 0.9642184 0.6023258 0.5271264 0.3108684 7.9061164 1.9756315 9.3282442 0.1859874 0.8809754 0.3592144 0.0070462 4.4834224 2.8857742 5.7602452 0.4500209 0.9855490 0.3367462 0.0334563 4.1239027 7.4247059 1.9076496 0.0023783 0.5467776 0.0036672 0.8116766 0.2518039 4.8090966 0.2683408 6.0951418 0.7528745 0.0135163 0.0405717 9.5393427 5.3293891 7.1476153 0.1631749 27.3520011 4.0000000 1.1220322 4.0000000 1.8607836 2.2346933 0.5282619 2.9460547 1.3879477 2.3865998 6.9169742 4.2795362 0.9552925 0.8474515 8.0182719 -0.4179867 7.7661651 1.9402524 2.0935621 3.9180978 4.2104695 4.4047691 3.1700000 6.2500000 1.6793400 12.9226141 2.5002668 0.3900000 1.0000000 1.9000000 1.4400000 0.8898194 0.0000000 0.9126722 0.0211428 0.0112178 0.0111258 0.0082271 0.0051357 0.0142372 0.0107505 0.0091467 0.0034969 0.0072490 0.0078030 0.0145690 0.0138706 0.0142500 0.0106497 0.0086309 0.0153798 0.0068953 0.0085418 0.0072518 0.0036818 0.0048733 0.0090582 0.0066247 0.0126346 0.0007904 0.0111773 0.0037901 0.0085853 0.0117971 0.0058386 0.0073176 0.0034024 0.0053772 0.0081410 0.0025712 0.0017718 0.0068683 0.0082630 0.0088037 0.0055002 0.0062845 0.0070871 0.0104493 0.0116758 0.0018909 0.0069316 0.0056880 0.0029633 0.0040556 0.0052921 0.0059791 0.0080667 0.0059104 0.0076692 0.0079463 0.0039614 0.0035218 0.0061629 0.0015999 0.0026504 0.0028258 0.0057182 0.0026204 0.0090827 0.0033159 0.0038994 0.0046238 0.0040680 0.0083924 0.0031788 0.0043377 0.0023317 0.0076891 0.0039984 0.0137546 0.0067825 0.0118673 0.0099504 0.0204642 0.0120719 0.0062617 0.0073402 0.0031742 0.0025586 0.0057775 0.0046490 0.0058168 0.0076795 0.0116838 0.0199911 0.0135891 0.0149261 0.0100448 0.0092842 0.0062031 0.0136185 0.0121452 0.0097579 0.0042088 0.0005946 0.0020492 0.0038874 0.0038350 0.0062389 0.0052699 0.0038008 0.0017984 0.0031449 0.0011627 0.0014510 0.0017585 0.0003212 0.0021670 0.0016470 0.0019632 0.0022193 0.0025873 0.0045646 0.0004111 0.0004721 0.0024819 0.0002862 0.0047727 0.0005989 0.2526058 0.8962323 0.8580185 0.5082272 2.1377315
643953.0000000 0.9627181 0.6201887 0.5268799 0.3173924 7.9142147 1.6487095 9.1651513 0.1890652 0.8647284 0.3477946 0.0071262 4.2021131 2.8887327 5.3794469 0.4504066 0.9688824 0.3308254 0.0332924 4.0644307 7.3408045 1.7008125 0.0022539 0.5474083 0.0038231 0.8003988 0.2004216 4.5279374 0.2743669 5.4451010 0.7652819 0.0100000 0.0525130 9.3647116 5.4485264 6.9834635 0.1546518 27.8384822 4.0000000 1.1269954 4.0000000 1.8565474 2.2485116 0.5510676 2.9383863 1.3857884 2.2670708 6.9083604 4.0751023 1.0713667 0.8598622 7.9758678 -0.4028777 7.4798554 2.1280309 1.9297285 3.8116565 4.0855083 4.3964186 3.1673769 6.2559948 1.6992201 12.7505980 2.4826985 0.3900000 1.0000000 1.9000000 1.4400000 0.8921112 0.0000000 0.9128060 0.0204298 0.0115162 0.0113434 0.0076655 0.0050668 0.0143396 0.0112809 0.0094919 0.0034277 0.0072735 0.0076039 0.0145538 0.0134543 0.0139692 0.0106569 0.0084333 0.0153748 0.0062347 0.0088501 0.0072407 0.0036258 0.0052339 0.0090049 0.0066093 0.0128750 0.0007192 0.0111798 0.0033282 0.0088364 0.0122761 0.0059220 0.0069369 0.0035089 0.0057585 0.0080875 0.0024620 0.0016597 0.0067272 0.0077681 0.0083007 0.0058112 0.0063607 0.0069695 0.0107674 0.0115364 0.0017957 0.0065370 0.0055547 0.0030219 0.0042963 0.0050336 0.0059999 0.0080076 0.0056849 0.0082758 0.0080472 0.0039819 0.0036503 0.0060608 0.0014337 0.0027441 0.0028358 0.0056327 0.0027130 0.0093108 0.0033601 0.0040402 0.0043519 0.0038628 0.0084781 0.0032287 0.0045513 0.0022636 0.0076873 0.0039751 0.0145573 0.0074111 0.0122359 0.0106852 0.0195542 0.0122743 0.0061219 0.0068658 0.0034582 0.0026331 0.0052801 0.0046858 0.0055309 0.0074653 0.0120635 0.0192714 0.0133255 0.0151361 0.0100812 0.0093728 0.0064546 0.0133503 0.0119121 0.0099270 0.0040152 0.0008876 0.0019314 0.0039815 0.0039579 0.0061629 0.0054448 0.0038766 0.0017572 0.0031340 0.0011689 0.0014812 0.0018171 0.0002647 0.0021423 0.0015852 0.0020502 0.0019506 0.0024187 0.0045860 0.0003451 0.0004597 0.0025664 0.0001952 0.0047235 0.0006641 0.2529362 0.8978926 0.8565939 0.5027649 2.3896969
666133.0000000 0.9610941 0.6241062 0.5414056 0.2780481 8.3109123 1.7804276 9.5326936 0.1902878 0.8889603 0.3407927 0.0068594 4.4627873 2.3807142 5.7846188 0.4336919 0.9656170 0.3332803 0.0324623 3.5462547 6.8966765 1.6978249 0.0022069 0.5477985 0.0037590 0.7925621 0.2000000 4.3994886 0.1861440 6.2206335 0.7619365 0.0100000 0.0313480 9.3859471 5.3512464 6.6626757 0.1687846 30.4658968 4.0000000 1.1017161 4.0000000 1.8274138 2.2066262 0.6689974 3.0334133 1.2467968 2.1933466 6.7015963 4.3702698 0.8779754 0.7964912 8.1029304 -0.3958936 7.7970118 2.2899234 2.0996524 4.2699523 3.9959512 4.5032045 3.1657688 6.2656041 1.7113026 12.5335397 2.5050216 0.3900000 1.0000000 1.9000000 1.4400000 0.8860724 0.0000000 0.9123480 0.0200236 0.0120981 0.0101946 0.0077517 0.0038172 0.0150303 0.0110725 0.0096935 0.0037640 0.0068132 0.0076125 0.0143343 0.0131104 0.0134407 0.0108802 0.0094899 0.0156530 0.0064588 0.0091980 0.0081486 0.0030535 0.0059007 0.0086642 0.0067976 0.0121139 0.0009838 0.0112912 0.0038066 0.0086915 0.0122045 0.0052675 0.0069986 0.0032394 0.0054428 0.0079644 0.0027074 0.0018229 0.0067931 0.0081240 0.0082964 0.0059154 0.0066703 0.0071759 0.0101408 0.0112913 0.0017900 0.0070033 0.0058203 0.0034900 0.0040743 0.0056053 0.0061477 0.0081436 0.0055743 0.0077568 0.0081639 0.0037864 0.0036603 0.0062707 0.0019000 0.0028112 0.0029035 0.0056616 0.0022769 0.0093171 0.0032497 0.0042561 0.0042318 0.0038189 0.0084546 0.0030775 0.0044889 0.0019087 0.0077412 0.0037941 0.0156301 0.0077095 0.0124351 0.0097887 0.0203033 0.0122213 0.0064390 0.0066642 0.0029714 0.0022692 0.0051999 0.0053155 0.0061723 0.0078566 0.0125818 0.0198134 0.0127864 0.0153444 0.0104128 0.0092896 0.0064920 0.0135568 0.0119218 0.0099925 0.0035794 0.0006805 0.0019806 0.0037103 0.0040043 0.0058763 0.0052799 0.0035274 0.0016213 0.0030182 0.0011865 0.0015379 0.0017677 0.0003410 0.0017492 0.0016521 0.0017762 0.0021700 0.0025111 0.0045526 0.0002138 0.0006203 0.0023110 0.0001952 0.0047895 0.0005807 0.2521231 0.8978308 0.8608437 0.5120848 2.2360093
666197.0000000 0.9623774 0.5720699 0.5349496 0.2724798 7.6593130 1.3578041 9.4013483 0.1872740 0.8982200 0.3621810 0.0070643 4.5161499 2.6956938 5.8702302 0.4413784 0.9701293 0.3284777 0.0311788 3.6343548 6.6836293 1.7738201 0.0023367 0.5416119 0.0035534 0.8027955 0.3859824 4.8525323 0.1257665 6.0038053 0.7575364 0.0120920 0.0421334 9.2786305 5.5598679 6.5253109 0.1752277 29.6923393 4.0000000 1.1033606 4.0000000 1.7472343 2.2507040 0.5870821 3.1419165 1.2795913 2.4022936 6.6221157 4.2099885 1.0251760 0.8481203 8.2810832 -0.3839938 7.4478167 2.0624718 2.2422007 3.8523312 3.8673138 4.2479532 3.1623056 6.2804305 1.6268772 12.3366313 2.5460876 0.3900000 1.0000000 1.9000000 1.4400000 0.8870690 0.0000000 0.9150408 0.0208775 0.0116646 0.0107939 0.0073904 0.0056975 0.0143484 0.0104843 0.0099843 0.0038830 0.0066686 0.0070782 0.0147118 0.0124391 0.0131477 0.0114474 0.0094773 0.0156340 0.0064168 0.0089806 0.0083998 0.0029130 0.0056477 0.0087267 0.0061230 0.0118481 0.0012231 0.0107091 0.0040680 0.0088922 0.0125460 0.0053401 0.0075128 0.0031435 0.0051529 0.0081010 0.0028640 0.0016597 0.0064500 0.0082901 0.0089407 0.0059934 0.0068966 0.0070686 0.0103683 0.0116018 0.0016910 0.0072735 0.0060417 0.0032219 0.0038442 0.0048850 0.0061822 0.0077416 0.0056191 0.0075746 0.0082672 0.0038699 0.0037170 0.0064165 0.0016322 0.0027039 0.0028963 0.0057638 0.0024826 0.0097356 0.0036766 0.0043906 0.0042172 0.0037947 0.0085764 0.0033512 0.0044949 0.0015446 0.0074578 0.0037276 0.0157977 0.0078042 0.0121117 0.0100250 0.0197778 0.0116255 0.0070008 0.0062998 0.0028208 0.0024954 0.0048433 0.0052661 0.0055906 0.0084856 0.0123169 0.0198543 0.0131199 0.0153568 0.0105428 0.0099489 0.0060111 0.0135496 0.0121474 0.0098439 0.0031767 0.0007168 0.0019844 0.0037459 0.0040808 0.0059818 0.0053716 0.0036275 0.0015238 0.0031781 0.0012677 0.0015687 0.0015705 0.0003161 0.0020059 0.0017037 0.0019949 0.0021881 0.0025851 0.0044848 0.0003903 0.0006864 0.0023277 0.0003074 0.0047132 0.0003660 0.2522643 0.8991988 0.8578772 0.5266884 2.3609871
666232.0000000 0.9620009 0.6005154 0.5223347 0.2773086 8.0093943 1.6243787 9.2269238 0.1978387 0.9031996 0.3379979 0.0068394 4.7202714 2.5968552 5.9616687 0.4184281 0.9592392 0.3189022 0.0310173 3.8909092 6.9018352 1.8710440 0.0022534 0.5648522 0.0037395 0.7932765 0.2000000 4.5794949 0.1258661 5.9419997 0.7598883 0.0100000 0.0543883 9.4882321 5.5486945 6.8266209 0.1767072 29.8690551 4.0000000 1.1034499 4.0000000 1.7686010 2.2355586 0.6096819 3.1263603 1.3560607 2.2078324 6.3770069 4.3098292 1.0455762 0.8026597 8.1414499 -0.3978698 7.6366413 2.2013539 2.1322182 4.0866632 3.9361007 4.4285597 3.1674003 6.2671189 1.7164083 12.4143279 2.4972728 0.3900000 1.0000000 1.9000000 1.4400000 0.8867341 0.0000000 0.9132073 0.0208950 0.0109597 0.0104026 0.0073319 0.0046605 0.0146855 0.0106727 0.0098676 0.0037728 0.0065978 0.0072818 0.0147427 0.0133350 0.0139364 0.0114104 0.0093704 0.0153094 0.0058993 0.0085891 0.0084087 0.0024318 0.0056012 0.0090450 0.0064527 0.0121780 0.0007192 0.0109851 0.0036303 0.0083918 0.0117407 0.0051997 0.0072002 0.0032035 0.0052732 0.0078784 0.0027702 0.0017425 0.0063761 0.0080165 0.0084708 0.0061258 0.0067037 0.0071077 0.0100408 0.0116758 0.0019493 0.0069734 0.0059357 0.0035312 0.0041096 0.0049126 0.0061374 0.0080845 0.0056562 0.0075057 0.0080491 0.0036538 0.0035512 0.0062941 0.0017962 0.0028225 0.0029073 0.0057303 0.0022364 0.0093690 0.0035361 0.0042769 0.0043296 0.0039032 0.0083048 0.0031079 0.0045270 0.0019649 0.0075347 0.0035981 0.0145691 0.0074782 0.0122115 0.0099751 0.0201256 0.0119622 0.0066595 0.0061367 0.0026712 0.0023917 0.0055289 0.0054750 0.0056476 0.0081683 0.0127373 0.0192102 0.0125656 0.0155410 0.0103374 0.0096925 0.0062376 0.0132352 0.0117981 0.0096204 0.0040951 0.0005785 0.0019330 0.0036215 0.0040564 0.0059716 0.0051664 0.0036037 0.0016203 0.0031653 0.0012783 0.0015090 0.0016106 0.0002666 0.0019576 0.0016006 0.0018902 0.0020647 0.0027603 0.0046173 0.0002800 0.0006493 0.0023625 0.0002079 0.0047783 0.0003985 0.2533104 0.8977142 0.8603304 0.5295029 2.2004344
666294.0000000 0.9607125 0.5914653 0.5420149 0.2924528 8.0013927 1.5427581 9.1847102 0.1880433 0.8958471 0.3626179 0.0065590 4.4634475 2.4770755 5.8266073 0.4497417 0.9593599 0.3257176 0.0320854 3.7959702 6.8056816 1.9463349 0.0025103 0.5441939 0.0034224 0.8001375 0.3941344 4.3198406 0.0876098 5.9883546 0.7721007 0.0100000 0.0329444 9.3673624 5.8347948 6.7951016 0.1660278 27.6152470 4.0000000 1.1027230 4.0000000 1.7743961 2.1979551 0.6239507 3.2470594 1.2479479 2.3676246 6.3824544 4.2612346 0.7421386 0.8520824 8.1738888 -0.4079627 7.6864508 2.1041651 2.3613251 3.9196065 4.0173638 4.0761315 3.1593859 6.2592473 1.6787237 12.3520943 2.5377095 0.3900000 1.0000000 1.9000000 1.4400000 0.8884747 0.0000000 0.9141234 0.0212374 0.0115987 0.0106793 0.0072729 0.0044720 0.0143813 0.0105559 0.0097141 0.0041679 0.0069742 0.0072097 0.0144951 0.0129072 0.0138822 0.0115026 0.0094681 0.0154332 0.0060473 0.0089227 0.0085144 0.0033021 0.0055583 0.0087725 0.0064551 0.0124125 0.0012372 0.0104213 0.0035841 0.0083672 0.0122425 0.0053447 0.0075296 0.0030781 0.0051563 0.0083592 0.0027707 0.0016597 0.0065463 0.0082902 0.0084084 0.0060997 0.0069628 0.0071945 0.0100004 0.0115386 0.0016900 0.0071611 0.0062157 0.0031772 0.0035862 0.0046846 0.0062351 0.0080930 0.0059010 0.0077604 0.0081256 0.0036773 0.0036805 0.0063597 0.0016639 0.0026471 0.0029587 0.0057894 0.0023996 0.0096971 0.0035207 0.0042839 0.0040520 0.0038972 0.0086454 0.0031326 0.0044728 0.0018567 0.0076781 0.0038587 0.0146309 0.0070891 0.0122550 0.0094286 0.0202464 0.0124040 0.0066774 0.0063712 0.0026485 0.0023984 0.0051993 0.0051579 0.0057390 0.0076384 0.0123140 0.0193608 0.0134062 0.0158534 0.0107943 0.0097264 0.0064275 0.0132750 0.0124158 0.0094495 0.0036364 0.0007324 0.0020294 0.0034708 0.0042071 0.0058025 0.0052987 0.0035822 0.0014759 0.0031051 0.0011932 0.0015919 0.0017011 0.0002440 0.0020394 0.0016931 0.0017282 0.0020297 0.0026777 0.0045289 0.0004010 0.0006738 0.0024061 0.0002044 0.0047116 0.0004174 0.2519033 0.8999040 0.8591483 0.5212930 2.1529980
660291.0000000 0.9626557 0.6202990 0.5327503 0.2959165 7.9702369 1.6371255 9.3222761 0.2125445 0.8961800 0.3434003 0.0068340 4.3348499 2.3160324 5.9192696 0.4309456 0.9642333 0.3254679 0.0323612 4.0207323 6.7138505 1.7580031 0.0021017 0.5463606 0.0036095 0.7971526 0.2954852 4.9668901 0.0493488 6.4265896 0.7565940 0.0100000 0.0392410 9.4545796 5.1952320 6.4538632 0.1838535 29.5502030 4.0000000 1.1058872 4.0000000 1.8191258 2.1821353 0.6502940 3.0315890 1.3807878 2.3176001 6.7805679 4.2033819 1.0582614 0.8053146 8.3485872 -0.3983427 7.5013123 2.2969083 2.3100773 4.0964486 4.0311436 4.2430851 3.1676642 6.2737992 1.7088315 12.4103422 2.4941403 0.3900000 1.0000000 1.9000000 1.4400000 0.8847522 0.0000000 0.9142201 0.0195759 0.0113473 0.0102540 0.0076978 0.0044264 0.0145199 0.0107018 0.0096149 0.0033530 0.0067769 0.0068930 0.0147438 0.0131522 0.0134868 0.0102635 0.0093095 0.0159856 0.0063262 0.0087472 0.0084892 0.0029727 0.0051401 0.0090482 0.0065172 0.0125279 0.0014481 0.0111164 0.0037400 0.0085783 0.0124893 0.0054260 0.0070532 0.0034012 0.0053603 0.0077383 0.0027780 0.0016597 0.0064335 0.0075166 0.0084603 0.0059458 0.0070506 0.0070391 0.0102518 0.0116758 0.0019864 0.0071655 0.0059882 0.0034740 0.0037747 0.0049051 0.0061704 0.0082125 0.0057950 0.0074622 0.0082678 0.0037640 0.0036839 0.0064187 0.0018287 0.0027743 0.0027330 0.0056327 0.0023761 0.0097182 0.0032829 0.0042232 0.0043841 0.0038849 0.0086181 0.0030879 0.0044461 0.0018152 0.0078054 0.0038434 0.0153950 0.0075507 0.0122334 0.0104638 0.0204238 0.0120062 0.0068484 0.0069352 0.0031982 0.0024661 0.0052451 0.0051420 0.0060015 0.0082256 0.0128325 0.0200347 0.0128115 0.0154359 0.0109460 0.0095177 0.0061655 0.0132982 0.0114486 0.0095224 0.0043161 0.0005103 0.0021029 0.0036455 0.0038205 0.0059077 0.0053496 0.0036510 0.0016159 0.0030934 0.0011042 0.0016374 0.0017758 0.0002454 0.0019538 0.0016928 0.0018286 0.0020524 0.0024555 0.0045834 0.0002479 0.0006774 0.0024057 0.0002428 0.0047787 0.0005081 0.2540108 0.8963353 0.8603869 0.5049007 2.2134879
666404.0000000 0.9623038 0.6208282 0.5315432 0.2924973 8.4224339 1.7148302 9.5867231 0.1828549 0.8985972 0.3475564 0.0069536 4.4116942 3.0071714 6.0387551 0.4282302 0.9624554 0.3459949 0.0306699 3.8836060 6.9510280 1.8657429 0.0023142 0.5534926 0.0038214 0.8100769 0.3141953 4.8079971 0.1922451 6.0246524 0.7588095 0.0100000 0.0632372 9.2589889 5.6508943 6.9059353 0.1738592 29.5908330 4.0000000 1.1023080 4.0000000 1.8469638 2.0823661 0.6836798 3.1236800 1.3185882 2.2450142 6.6303919 4.2561847 0.9957167 0.8076696 8.1877559 -0.4075819 7.8841873 2.1802541 2.2010747 3.9811560 3.9845910 4.4688027 3.1700000 6.2678982 1.7135457 12.4042047 2.5219806 0.3900000 1.0000000 1.9000000 1.4400000 0.8854567 0.0000000 0.9126208 0.0203664 0.0113850 0.0101793 0.0078746 0.0043048 0.0151510 0.0107156 0.0096486 0.0035358 0.0064663 0.0073334 0.0150082 0.0124499 0.0135217 0.0115543 0.0093459 0.0157548 0.0062698 0.0089808 0.0085239 0.0028826 0.0056752 0.0086336 0.0059898 0.0120580 0.0013867 0.0112171 0.0036192 0.0089084 0.0124883 0.0054679 0.0070854 0.0031812 0.0054856 0.0080229 0.0029395 0.0018363 0.0063966 0.0080678 0.0083699 0.0062246 0.0068388 0.0073317 0.0100711 0.0115379 0.0020268 0.0071879 0.0060291 0.0036465 0.0037500 0.0051662 0.0061106 0.0085329 0.0056409 0.0075421 0.0079157 0.0037294 0.0035344 0.0064326 0.0017540 0.0027135 0.0028308 0.0055816 0.0024125 0.0095518 0.0034459 0.0042452 0.0043540 0.0040711 0.0083898 0.0031741 0.0046757 0.0018190 0.0079080 0.0039124 0.0150882 0.0069483 0.0120452 0.0096227 0.0201687 0.0116417 0.0065471 0.0064124 0.0029263 0.0023982 0.0057401 0.0052795 0.0060862 0.0080078 0.0125252 0.0196084 0.0127220 0.0153542 0.0102210 0.0095768 0.0063176 0.0136203 0.0115897 0.0096543 0.0041740 0.0007985 0.0019858 0.0037052 0.0038277 0.0059134 0.0052069 0.0035676 0.0015684 0.0030783 0.0013264 0.0014990 0.0015928 0.0002440 0.0019579 0.0017160 0.0017878 0.0021813 0.0026375 0.0046246 0.0003077 0.0005935 0.0024026 0.0003674 0.0047201 0.0005087 0.2512683 0.8995582 0.8598144 0.5384935 2.3868969
666471.0000000 0.9618673 0.5847730 0.5243770 0.2808884 7.5097105 1.4868960 9.2292610 0.1972846 0.8969383 0.3590683 0.0069659 4.4964692 2.7133230 5.6954545 0.4535451 0.9732701 0.3243682 0.0322082 3.8133339 6.5284061 1.7881801 0.0021828 0.5540476 0.0034979 0.7960909 0.2000000 4.5920039 0.1658593 5.9275207 0.7680113 0.0100000 0.0315359 9.3460403 5.6801386 6.5847919 0.1778376 29.8115260 4.0000000 1.1053628 4.0000000 1.7662603 2.2294009 0.6211939 3.2502089 1.2634031 2.3610763 6.5213327 4.2541387 0.9387628 0.8271586 8.2411871 -0.3864792 7.4926878 2.0711473 2.2080756 3.8616150 4.0032122 4.1632489 3.1626140 6.2696348 1.6427986 12.4181907 2.5412545 0.3900000 1.0000000 1.9000000 1.4400000 0.8866350 0.0000000 0.9134084 0.0211300 0.0116166 0.0106199 0.0074486 0.0053285 0.0140769 0.0109916 0.0096984 0.0040248 0.0066786 0.0069504 0.0148723 0.0127580 0.0137607 0.0114587 0.0093733 0.0152979 0.0062502 0.0088070 0.0082462 0.0030518 0.0057269 0.0086758 0.0061533 0.0123242 0.0007887 0.0107943 0.0038988 0.0089502 0.0126753 0.0052350 0.0074019 0.0031270 0.0052293 0.0080411 0.0028369 0.0018986 0.0066139 0.0083032 0.0087176 0.0062899 0.0068405 0.0070281 0.0100763 0.0116178 0.0018618 0.0073594 0.0060497 0.0031710 0.0039373 0.0049174 0.0060752 0.0079868 0.0059789 0.0074790 0.0080264 0.0038150 0.0036007 0.0064917 0.0017411 0.0025159 0.0029901 0.0056042 0.0023798 0.0098389 0.0035021 0.0041676 0.0040713 0.0036943 0.0085925 0.0031209 0.0044011 0.0017258 0.0074916 0.0038269 0.0150512 0.0076473 0.0120823 0.0095566 0.0199177 0.0116606 0.0066965 0.0059991 0.0026147 0.0024066 0.0052128 0.0053267 0.0057338 0.0080348 0.0122926 0.0199343 0.0132214 0.0154217 0.0105586 0.0096794 0.0059243 0.0136971 0.0122798 0.0098290 0.0034813 0.0007256 0.0020156 0.0036765 0.0041978 0.0059361 0.0052746 0.0035896 0.0015341 0.0031806 0.0011985 0.0015497 0.0016256 0.0003674 0.0019703 0.0016970 0.0018334 0.0021513 0.0026142 0.0045994 0.0003424 0.0007300 0.0023947 0.0002746 0.0047272 0.0003886 0.2521549 0.9000000 0.8595080 0.5218612 2.1974801
660461.0000000 0.9618076 0.5849991 0.5229634 0.3176754 8.3022019 1.4378521 9.4226828 0.2005572 0.8951231 0.3630175 0.0069393 4.4785853 2.4497316 5.9568357 0.4353243 0.9687574 0.3388097 0.0319238 3.9535823 6.8657757 1.8511998 0.0020763 0.5524610 0.0035939 0.7993706 0.2886761 4.7680562 0.1046690 6.0891856 0.7480742 0.0100000 0.0495976 9.1687857 5.4280928 6.7557296 0.1677893 28.5323246 4.0000000 1.1049073 4.0000000 1.8248150 2.1715802 0.6253562 3.1256015 1.3150971 2.2213044 6.5929150 4.2314418 1.0351236 0.7784398 8.2064675 -0.3988139 7.8340997 2.2992424 2.1224261 4.1730351 4.0757016 4.3660385 3.1684039 6.2564302 1.7030856 12.3835341 2.5064146 0.3900000 1.0000000 1.9000000 1.4400000 0.8847538 0.0000000 0.9125992 0.0207518 0.0114445 0.0102733 0.0076738 0.0042871 0.0143581 0.0102409 0.0102408 0.0039681 0.0066793 0.0073207 0.0149023 0.0132171 0.0136703 0.0116927 0.0087785 0.0158874 0.0065066 0.0092066 0.0080275 0.0026687 0.0056762 0.0086790 0.0065679 0.0120415 0.0009982 0.0111571 0.0037465 0.0085949 0.0125667 0.0049699 0.0069342 0.0034066 0.0055543 0.0078383 0.0029114 0.0019877 0.0067460 0.0078032 0.0085567 0.0060398 0.0069776 0.0070466 0.0101732 0.0116128 0.0019285 0.0069767 0.0058366 0.0035958 0.0039173 0.0054007 0.0061703 0.0084821 0.0056330 0.0074555 0.0081087 0.0037536 0.0035141 0.0063917 0.0017911 0.0026319 0.0028437 0.0056373 0.0022246 0.0098652 0.0036368 0.0041288 0.0044914 0.0040280 0.0084901 0.0031664 0.0045817 0.0018337 0.0076540 0.0038391 0.0148997 0.0073589 0.0117588 0.0095966 0.0201321 0.0116059 0.0065956 0.0069762 0.0026401 0.0025142 0.0054377 0.0048769 0.0054931 0.0080959 0.0119837 0.0197466 0.0126977 0.0152923 0.0102573 0.0097032 0.0065332 0.0134746 0.0121180 0.0098330 0.0042370 0.0007062 0.0020099 0.0036283 0.0038836 0.0059091 0.0052049 0.0035263 0.0017075 0.0032037 0.0011707 0.0015490 0.0017020 0.0002840 0.0017504 0.0015847 0.0019797 0.0019875 0.0025710 0.0044845 0.0002147 0.0004898 0.0023203 0.0003062 0.0047895 0.0003316 0.2512186 0.8993444 0.8594582 0.5170094 2.1241374
660497.0000000 0.9620732 0.6191313 0.5354608 0.2903412 8.0416289 1.6410097 9.4360433 0.1897236 0.8984772 0.3596198 0.0067927 4.4808825 2.5991083 6.0146425 0.4265539 0.9602005 0.3261084 0.0324678 3.7987204 6.9320653 1.5895896 0.0022455 0.5452684 0.0038057 0.7921423 0.2000000 4.5287601 0.0651876 6.4630454 0.7713316 0.0175203 0.0456777 9.3946705 5.4448696 6.8500287 0.1680461 27.9929689 4.0000000 1.1095695 4.0000000 1.8315354 2.1818503 0.6495458 3.0831268 1.2895760 2.1869794 6.7493161 4.1566686 1.0100022 0.7994592 8.2458650 -0.4059314 7.6371335 2.2462627 2.2249212 4.2220722 4.0595709 4.3790964 3.1655553 6.2695123 1.7548167 12.3774008 2.5066808 0.3900000 1.0000000 1.9000000 1.4400000 0.8859988 0.0000000 0.9143194 0.0203597 0.0114748 0.0101216 0.0078891 0.0045578 0.0146930 0.0108653 0.0098378 0.0038110 0.0069241 0.0070927 0.0147067 0.0130083 0.0136472 0.0110024 0.0087129 0.0157977 0.0064799 0.0087828 0.0083086 0.0029105 0.0056792 0.0087823 0.0063093 0.0124170 0.0011755 0.0107486 0.0036381 0.0085223 0.0123432 0.0053406 0.0070606 0.0032569 0.0053711 0.0079490 0.0026511 0.0017463 0.0066133 0.0076072 0.0086044 0.0059829 0.0071103 0.0070465 0.0101051 0.0116758 0.0022091 0.0068834 0.0061555 0.0035152 0.0036316 0.0046735 0.0061468 0.0080207 0.0056022 0.0077401 0.0081284 0.0036069 0.0035723 0.0061777 0.0019409 0.0026687 0.0026580 0.0057212 0.0024434 0.0096719 0.0035302 0.0041361 0.0044273 0.0038286 0.0085999 0.0031189 0.0046215 0.0018203 0.0077016 0.0037757 0.0154164 0.0076836 0.0123149 0.0101410 0.0195373 0.0118299 0.0067577 0.0069299 0.0028450 0.0023489 0.0053886 0.0055044 0.0059164 0.0085506 0.0122985 0.0200311 0.0124337 0.0157071 0.0104015 0.0095106 0.0064574 0.0133753 0.0116942 0.0098794 0.0035909 0.0006129 0.0020449 0.0035646 0.0038750 0.0060075 0.0053534 0.0036361 0.0016407 0.0031027 0.0011057 0.0014883 0.0016596 0.0003457 0.0018269 0.0015615 0.0018215 0.0020018 0.0025604 0.0046234 0.0002635 0.0005989 0.0023178 0.0002366 0.0047172 0.0004349 0.2529561 0.8975992 0.8628775 0.5005031 2.2992177
666575.0000000 0.9610230 0.5811613 0.5344013 0.2918067 7.5024023 1.4429309 9.4168804 0.1913344 0.8919089 0.3630709 0.0069489 4.4735110 2.5031078 5.8100158 0.4465362 0.9716885 0.3286618 0.0318398 3.7061909 6.7253897 1.6367270 0.0021514 0.5499240 0.0034521 0.7959956 0.2053909 4.6443101 0.2835318 6.5316171 0.7701199 0.0100000 0.0293564 9.3765990 5.7565232 6.6537705 0.1763925 29.3999727 4.0000000 1.1070489 4.0000000 1.7520151 2.2124795 0.6283314 3.2322176 1.2439770 2.3789980 6.5515441 4.2225838 0.9814072 0.8198060 8.1201231 -0.3880645 7.5381752 2.0974638 2.1758812 3.9354562 4.0188737 4.2346107 3.1652830 6.2791699 1.6596156 12.3420079 2.5510920 0.3900000 1.0000000 1.9000000 1.4400000 0.8870797 0.0000000 0.9140699 0.0211260 0.0115650 0.0103657 0.0075977 0.0052474 0.0143538 0.0110343 0.0097126 0.0040346 0.0068466 0.0069932 0.0146631 0.0128200 0.0136207 0.0113529 0.0091680 0.0153556 0.0061162 0.0088215 0.0081684 0.0030090 0.0056216 0.0088585 0.0062936 0.0124116 0.0008586 0.0108541 0.0040070 0.0088402 0.0126187 0.0054769 0.0073477 0.0031043 0.0053261 0.0080594 0.0028487 0.0018678 0.0064442 0.0081092 0.0085742 0.0062822 0.0069574 0.0071640 0.0101941 0.0115218 0.0018137 0.0072155 0.0059018 0.0031594 0.0038056 0.0047544 0.0060012 0.0080866 0.0058690 0.0076672 0.0081339 0.0037897 0.0035696 0.0065226 0.0017475 0.0025776 0.0029061 0.0056774 0.0023498 0.0097438 0.0036379 0.0041658 0.0040987 0.0037992 0.0086033 0.0031433 0.0043928 0.0018182 0.0076696 0.0036947 0.0153217 0.0077957 0.0122905 0.0096009 0.0198985 0.0120842 0.0068137 0.0062062 0.0027187 0.0024220 0.0050110 0.0053803 0.0055026 0.0080318 0.0123150 0.0198887 0.0129641 0.0152577 0.0105922 0.0099021 0.0058795 0.0137575 0.0120888 0.0095663 0.0034896 0.0007898 0.0020753 0.0036245 0.0041208 0.0058677 0.0052751 0.0035955 0.0015518 0.0031161 0.0012448 0.0015413 0.0016433 0.0002895 0.0020120 0.0017116 0.0018465 0.0021213 0.0026557 0.0045555 0.0003972 0.0007358 0.0023439 0.0003180 0.0047169 0.0004213 0.2521167 0.8991896 0.8600631 0.5168172 2.1363741
666622.0000000 0.9612394 0.6202465 0.5458321 0.2790472 8.5941308 1.7157116 9.3675349 0.1976974 0.8837555 0.3430963 0.0066772 4.5521299 2.7263610 5.7844061 0.4256826 0.9738507 0.3510044 0.0322810 3.8419694 6.8321592 1.6784486 0.0022395 0.5458384 0.0037463 0.7915222 0.3764523 4.6465052 0.0353444 5.8418732 0.7734801 0.0136730 0.0452991 9.3786722 5.2851771 6.8349866 0.1693717 29.8332882 4.0000000 1.0990770 4.0000000 1.8714558 2.2238779 0.6235987 2.9580561 1.3020208 2.2601340 6.8908669 4.2912828 0.9340192 0.8023946 8.2428055 -0.3970534 7.9478345 2.2402455 2.0236751 4.1629227 4.1690771 4.3091125 3.1625602 6.2571414 1.7113148 12.2783447 2.5049846 0.3900000 1.0000000 1.9000000 1.4400000 0.8873250 0.0000000 0.9134998 0.0205524 0.0120094 0.0100814 0.0080817 0.0035560 0.0152264 0.0110340 0.0100985 0.0035636 0.0068026 0.0074312 0.0146049 0.0130766 0.0135494 0.0107213 0.0091558 0.0154195 0.0064128 0.0091814 0.0083827 0.0030827 0.0058005 0.0088377 0.0068548 0.0119634 0.0007282 0.0111172 0.0039108 0.0086018 0.0122341 0.0053399 0.0072036 0.0030621 0.0052882 0.0076871 0.0029494 0.0018598 0.0067752 0.0082239 0.0084659 0.0059001 0.0065452 0.0073399 0.0100794 0.0113485 0.0017958 0.0069553 0.0059524 0.0036495 0.0039388 0.0056805 0.0060741 0.0082675 0.0055342 0.0074718 0.0080557 0.0038444 0.0036000 0.0064065 0.0017879 0.0026422 0.0029010 0.0054794 0.0021813 0.0095381 0.0034884 0.0042597 0.0041162 0.0037961 0.0084942 0.0031158 0.0044254 0.0018158 0.0077263 0.0038653 0.0153371 0.0077226 0.0125368 0.0097494 0.0200998 0.0117729 0.0065888 0.0066573 0.0027721 0.0023830 0.0054687 0.0053160 0.0059109 0.0081982 0.0126022 0.0195342 0.0125884 0.0156178 0.0103372 0.0092426 0.0066627 0.0133823 0.0117087 0.0098922 0.0037686 0.0006851 0.0019482 0.0035660 0.0039570 0.0058708 0.0052471 0.0035936 0.0016466 0.0030178 0.0012833 0.0015053 0.0016874 0.0002440 0.0018459 0.0016248 0.0018060 0.0021884 0.0024858 0.0046188 0.0002138 0.0006267 0.0024051 0.0001952 0.0047895 0.0004962 0.2522111 0.8983931 0.8578772 0.4896669 2.3557699
666684.0000000 0.9624620 0.5794155 0.5359747 0.3023655 7.8582647 1.2556479 9.2359593 0.1823060 0.8939776 0.3734412 0.0070129 4.6320905 2.5181042 5.7127349 0.4409647 0.9675084 0.3429434 0.0312986 3.7487585 6.7852653 1.7678644 0.0024189 0.5356989 0.0036331 0.8085477 0.3382987 4.7300023 0.1875709 5.8282908 0.7555243 0.0100000 0.0387787 9.3101296 5.4743893 6.5629874 0.1672149 29.0215793 4.0000000 1.1028365 4.0000000 1.7245223 2.2365766 0.6005580 3.2897311 1.2388011 2.4077505 6.6055138 4.4205520 0.8791244 0.8382869 8.0537588 -0.4040214 7.4041908 2.1341956 2.2569119 3.7820586 4.0437017 4.2678240 3.1632466 6.2814242 1.6829488 12.6217004 2.5283844 0.3900000 1.0000000 1.9000000 1.4400000 0.8873048 0.0000000 0.9135687 0.0204210 0.0111604 0.0104526 0.0075002 0.0053680 0.0143137 0.0109222 0.0094216 0.0037838 0.0064789 0.0071079 0.0150778 0.0128670 0.0139711 0.0111162 0.0093295 0.0154185 0.0062924 0.0088749 0.0083702 0.0030203 0.0055216 0.0089119 0.0060045 0.0122937 0.0009820 0.0107804 0.0037961 0.0085545 0.0124921 0.0051919 0.0073160 0.0030510 0.0052412 0.0081330 0.0029510 0.0016718 0.0063904 0.0082600 0.0085257 0.0060317 0.0071509 0.0071729 0.0101861 0.0115868 0.0018635 0.0073134 0.0060091 0.0032874 0.0039203 0.0049837 0.0061870 0.0081038 0.0058961 0.0075669 0.0080578 0.0037375 0.0036147 0.0064962 0.0017173 0.0026457 0.0028891 0.0057309 0.0022406 0.0095924 0.0034910 0.0042061 0.0042092 0.0036815 0.0085215 0.0031969 0.0045785 0.0017240 0.0075903 0.0038587 0.0150807 0.0079668 0.0121302 0.0094651 0.0201198 0.0116427 0.0065488 0.0065115 0.0027704 0.0022816 0.0051025 0.0054961 0.0053694 0.0077486 0.0121049 0.0193649 0.0131545 0.0154707 0.0105257 0.0096085 0.0060864 0.0135351 0.0122320 0.0097409 0.0036502 0.0007780 0.0020559 0.0035468 0.0040263 0.0058419 0.0052066 0.0036890 0.0015951 0.0032384 0.0012410 0.0016113 0.0016880 0.0002440 0.0019985 0.0015750 0.0018757 0.0020265 0.0026058 0.0046499 0.0004804 0.0006891 0.0023436 0.0002851 0.0047408 0.0004176 0.2521356 0.8995246 0.8605819 0.5348451 2.3652031
666762.0000000 0.9623133 0.6198758 0.5257467 0.3037861 8.1851773 1.7162831 9.4043962 0.1894629 0.8902309 0.3472166 0.0067991 4.3178082 2.9637012 5.9785998 0.4466962 0.9633726 0.3496990 0.0307611 3.7969403 6.9242949 1.7293245 0.0022260 0.5547196 0.0037813 0.8059957 0.2042212 4.6699095 0.1358013 6.0434095 0.7609163 0.0100000 0.0680970 9.3416727 5.5970599 6.8587918 0.1674276 29.5260292 4.0000000 1.1044754 4.0000000 1.8883169 2.0891883 0.6341502 3.1224162 1.3526093 2.2334484 6.7521122 4.2477610 0.9112850 0.8145430 8.1280535 -0.4081598 7.8842615 2.1810631 2.2316824 4.1513094 4.0259790 4.4431821 3.1684293 6.2673432 1.7238511 12.3624950 2.5420114 0.3900000 1.0000000 1.9000000 1.4400000 0.8861991 0.0000000 0.9132665 0.0202472 0.0114015 0.0104039 0.0076626 0.0044859 0.0150177 0.0106622 0.0097439 0.0035754 0.0064646 0.0073182 0.0151264 0.0124054 0.0137812 0.0116093 0.0091699 0.0155825 0.0059133 0.0091368 0.0084390 0.0026659 0.0058197 0.0086855 0.0060473 0.0122144 0.0013899 0.0109458 0.0036509 0.0090149 0.0122931 0.0053430 0.0072647 0.0032600 0.0053583 0.0079296 0.0029547 0.0017807 0.0062738 0.0079763 0.0085677 0.0062171 0.0066876 0.0073486 0.0099730 0.0113877 0.0021980 0.0069851 0.0059694 0.0036993 0.0039509 0.0052910 0.0062710 0.0084953 0.0057373 0.0075186 0.0079490 0.0038526 0.0035439 0.0063685 0.0016932 0.0027378 0.0027477 0.0055402 0.0024107 0.0094678 0.0033742 0.0041165 0.0043411 0.0039666 0.0084678 0.0031182 0.0045691 0.0018253 0.0079841 0.0038861 0.0149981 0.0072420 0.0121377 0.0097215 0.0202790 0.0116434 0.0066892 0.0063552 0.0030985 0.0024232 0.0056998 0.0053453 0.0060372 0.0083626 0.0127308 0.0195249 0.0126431 0.0154479 0.0101508 0.0092911 0.0064092 0.0134960 0.0116298 0.0097895 0.0044536 0.0008398 0.0019398 0.0038008 0.0039153 0.0059740 0.0052886 0.0036078 0.0015800 0.0030594 0.0013136 0.0014939 0.0015738 0.0002440 0.0020566 0.0016000 0.0018964 0.0021517 0.0025523 0.0046048 0.0002489 0.0006117 0.0024281 0.0003418 0.0047174 0.0005442 0.2517430 0.8991815 0.8604218 0.5267347 2.1418397
666813.0000000 0.9618579 0.5908037 0.5327655 0.3086742 7.8495003 1.4548399 9.2735860 0.2026422 0.9058497 0.3666285 0.0068937 4.4170966 2.6052503 5.9281156 0.4456397 0.9551997 0.3305544 0.0312227 3.7824276 6.7604490 1.7155091 0.0023589 0.5406271 0.0034257 0.8065564 0.2000000 4.3808161 0.2475194 5.8466767 0.7651408 0.0130194 0.0350831 9.3035635 5.5109851 6.6998652 0.1721066 28.9491441 4.0000000 1.1045789 4.0000000 1.7591916 2.1987173 0.6226470 3.2446394 1.2597011 2.3831030 6.6817736 4.4070917 0.9229365 0.8244118 8.1294655 -0.3956704 7.3387420 2.0730273 2.2454764 3.9796224 3.9613345 4.1960579 3.1602428 6.2752184 1.6484132 12.4958082 2.5204325 0.3900000 1.0000000 1.9000000 1.4400000 0.8880793 0.0000000 0.9140478 0.0210957 0.0110951 0.0107602 0.0074439 0.0050062 0.0145666 0.0106422 0.0099478 0.0038608 0.0068993 0.0071581 0.0151467 0.0128885 0.0136094 0.0111983 0.0094160 0.0149892 0.0061656 0.0091016 0.0080829 0.0027226 0.0054673 0.0090917 0.0059664 0.0123124 0.0011134 0.0109757 0.0039713 0.0084758 0.0123535 0.0051763 0.0072617 0.0031312 0.0050486 0.0081197 0.0029632 0.0017567 0.0064983 0.0083197 0.0083709 0.0058130 0.0069354 0.0071207 0.0102538 0.0114945 0.0016971 0.0072535 0.0061723 0.0030335 0.0039758 0.0049953 0.0061694 0.0082814 0.0058795 0.0077996 0.0082542 0.0038654 0.0035408 0.0063550 0.0016662 0.0026098 0.0026728 0.0055892 0.0023431 0.0097711 0.0036672 0.0041804 0.0041140 0.0038024 0.0085487 0.0030893 0.0045286 0.0019226 0.0075147 0.0039934 0.0150850 0.0078140 0.0124438 0.0094785 0.0197946 0.0119870 0.0070582 0.0064303 0.0025881 0.0024402 0.0052485 0.0054984 0.0057020 0.0080529 0.0124314 0.0195947 0.0129236 0.0154016 0.0104904 0.0098559 0.0060567 0.0136497 0.0120247 0.0096834 0.0035474 0.0009770 0.0021054 0.0035325 0.0041685 0.0057958 0.0052595 0.0036985 0.0015935 0.0031496 0.0012217 0.0016200 0.0016454 0.0002453 0.0019362 0.0017050 0.0017971 0.0020651 0.0025661 0.0046061 0.0003980 0.0006310 0.0023215 0.0003412 0.0047895 0.0003351 0.2513144 0.8979738 0.8605257 0.5284357 2.1919308
666815.0000000 0.9600775 0.5867766 0.5448074 0.2890662 7.8168181 1.6175395 9.2075340 0.1857672 0.8947568 0.3668172 0.0066421 4.4119675 2.4219897 5.8669739 0.4411755 0.9536163 0.3217981 0.0321476 3.8653693 6.6911538 2.0319548 0.0024684 0.5470498 0.0034796 0.8005800 0.3024033 4.3971765 0.2144535 5.8326306 0.7738933 0.0100000 0.0287223 9.3872458 5.7288110 6.8284672 0.1655789 26.9353828 4.0000000 1.0984415 4.0000000 1.8010049 2.1673527 0.5983073 3.2355562 1.2356155 2.3721301 6.4097152 4.2552516 0.7623495 0.8671249 8.1747707 -0.4113363 7.7687880 2.1051342 2.2961082 3.8298902 3.9787165 4.0582929 3.1590471 6.2573151 1.6877191 12.3076736 2.5433460 0.3900000 1.0000000 1.9000000 1.4400000 0.8882265 0.0000000 0.9136956 0.0209099 0.0117403 0.0107417 0.0073781 0.0043644 0.0143813 0.0105756 0.0097258 0.0041487 0.0069073 0.0070627 0.0144923 0.0127345 0.0138292 0.0113666 0.0096547 0.0154700 0.0061991 0.0090876 0.0086489 0.0031733 0.0054342 0.0089260 0.0066185 0.0124682 0.0010777 0.0105625 0.0036883 0.0083733 0.0123808 0.0052279 0.0076674 0.0029769 0.0052079 0.0084228 0.0028221 0.0016955 0.0065796 0.0083722 0.0084233 0.0061746 0.0070855 0.0072526 0.0100532 0.0114361 0.0016412 0.0072608 0.0061118 0.0032673 0.0036428 0.0045135 0.0061569 0.0080346 0.0058419 0.0078066 0.0082164 0.0037163 0.0037490 0.0063745 0.0016296 0.0026279 0.0029042 0.0057677 0.0024554 0.0097007 0.0034510 0.0041848 0.0039831 0.0039575 0.0086365 0.0030950 0.0044086 0.0018086 0.0075938 0.0039229 0.0143903 0.0073057 0.0123339 0.0093771 0.0204241 0.0125110 0.0068611 0.0065277 0.0026011 0.0023372 0.0052396 0.0052122 0.0056869 0.0077186 0.0122623 0.0194601 0.0133997 0.0158927 0.0106746 0.0096544 0.0062609 0.0133578 0.0125278 0.0096119 0.0036787 0.0008155 0.0019870 0.0034722 0.0042140 0.0058393 0.0052342 0.0035290 0.0014811 0.0031307 0.0011574 0.0015583 0.0017406 0.0002440 0.0020770 0.0017152 0.0017847 0.0019774 0.0026396 0.0045092 0.0003507 0.0007030 0.0024214 0.0002080 0.0047553 0.0004325 0.2515162 0.8993154 0.8583624 0.5292969 2.1621689
660930.0000000 0.9616342 0.6199914 0.5383717 0.3002747 8.4303695 1.4260230 9.5000580 0.1886240 0.8993111 0.3461445 0.0068230 4.4122683 2.7763393 5.7641418 0.4320301 0.9672595 0.3316103 0.0324680 3.8457941 6.9692762 1.7992932 0.0022727 0.5392163 0.0038158 0.7906978 0.2552707 4.5656256 0.0165295 5.8649404 0.7620608 0.0191932 0.0473134 9.3098329 5.5851347 6.6870186 0.1679475 30.1365061 4.0000000 1.1000980 4.0000000 1.7869994 2.2163128 0.6496468 3.0868181 1.2904236 2.2316147 6.7755450 4.1393223 1.0588132 0.7887844 8.1111934 -0.3906763 7.7642523 2.1724007 2.1753055 4.1439900 4.0249833 4.4575546 3.1700000 6.2577604 1.6921907 12.4532772 2.5158963 0.3900000 1.0000000 1.9000000 1.4400000 0.8856091 0.0000000 0.9125096 0.0202823 0.0113734 0.0103632 0.0073563 0.0045227 0.0148685 0.0109269 0.0096292 0.0036704 0.0069165 0.0074170 0.0146462 0.0132620 0.0135085 0.0111247 0.0092998 0.0156491 0.0065586 0.0091634 0.0080538 0.0027911 0.0060124 0.0089618 0.0066264 0.0120595 0.0007192 0.0108182 0.0039501 0.0084658 0.0122785 0.0051729 0.0070291 0.0030726 0.0054455 0.0078799 0.0026015 0.0018079 0.0065462 0.0079603 0.0084590 0.0057780 0.0065843 0.0069337 0.0103711 0.0116175 0.0019525 0.0069082 0.0058437 0.0034265 0.0038984 0.0051884 0.0062543 0.0082235 0.0056133 0.0076261 0.0079893 0.0036405 0.0035239 0.0063241 0.0018694 0.0027589 0.0026590 0.0055558 0.0022316 0.0092713 0.0033495 0.0040169 0.0041879 0.0040584 0.0083667 0.0030123 0.0046212 0.0018726 0.0077195 0.0038530 0.0144908 0.0077626 0.0120739 0.0100585 0.0201509 0.0118158 0.0065524 0.0066722 0.0027637 0.0022157 0.0050711 0.0055055 0.0059754 0.0083420 0.0128660 0.0195755 0.0126201 0.0153416 0.0102619 0.0093924 0.0065643 0.0138385 0.0120669 0.0097789 0.0034800 0.0005692 0.0020239 0.0036237 0.0040373 0.0058669 0.0053367 0.0035778 0.0016530 0.0030352 0.0012375 0.0015566 0.0017345 0.0002811 0.0018461 0.0016238 0.0017856 0.0023001 0.0025422 0.0044611 0.0003221 0.0006664 0.0023266 0.0002803 0.0047895 0.0004748 0.2513173 0.8982579 0.8609461 0.5096513 2.3587657
666949.0000000 0.9610644 0.5822884 0.5288331 0.2814025 7.6318970 1.3591422 9.3340246 0.1887643 0.8979917 0.3591442 0.0069551 4.4017370 2.4163171 5.8289213 0.4422962 0.9740656 0.3277214 0.0324596 3.7578157 6.7584792 1.7656261 0.0022089 0.5560976 0.0034865 0.7939194 0.2000000 4.5842938 0.3092372 6.1620793 0.7641182 0.0100000 0.0267303 9.4597464 5.8780083 6.6925693 0.1757353 29.3359599 4.0000000 1.1028186 4.0000000 1.7464950 2.1798135 0.6021340 3.2392029 1.2338978 2.3527092 6.4879742 4.2707095 0.9547183 0.8359220 8.1675821 -0.3919410 7.5395570 2.0452635 2.1853270 3.8521034 4.0412929 4.3115061 3.1675518 6.2745953 1.6491038 12.3674185 2.5629230 0.3900000 1.0000000 1.9000000 1.4400000 0.8870366 0.0000000 0.9137689 0.0208610 0.0115640 0.0102966 0.0075710 0.0053366 0.0141747 0.0111374 0.0096153 0.0039900 0.0068521 0.0069978 0.0148025 0.0129281 0.0137621 0.0112656 0.0091098 0.0152365 0.0062480 0.0087507 0.0081635 0.0028755 0.0056423 0.0087255 0.0062162 0.0124591 0.0010535 0.0107823 0.0041170 0.0089206 0.0127323 0.0053974 0.0073741 0.0030260 0.0052372 0.0079800 0.0027775 0.0018412 0.0063663 0.0079980 0.0085831 0.0062717 0.0069415 0.0072081 0.0101111 0.0115861 0.0018122 0.0072259 0.0059686 0.0030208 0.0039110 0.0047206 0.0060324 0.0080412 0.0059179 0.0076741 0.0081109 0.0037132 0.0035662 0.0065409 0.0017983 0.0026362 0.0028321 0.0057341 0.0022791 0.0097309 0.0036682 0.0042648 0.0040905 0.0037237 0.0086284 0.0032232 0.0044321 0.0018134 0.0075987 0.0036301 0.0150078 0.0078644 0.0121236 0.0096271 0.0197815 0.0122755 0.0067334 0.0062157 0.0028401 0.0024140 0.0051457 0.0053382 0.0054859 0.0081117 0.0123196 0.0198049 0.0127809 0.0152506 0.0105890 0.0098370 0.0058542 0.0136263 0.0120159 0.0097173 0.0032788 0.0008075 0.0020321 0.0035678 0.0040696 0.0058060 0.0052657 0.0036024 0.0015403 0.0031500 0.0012719 0.0015266 0.0016253 0.0003413 0.0020160 0.0017504 0.0019095 0.0020802 0.0026804 0.0045704 0.0004062 0.0007038 0.0023334 0.0002713 0.0047557 0.0004465 0.2526770 0.8995769 0.8597571 0.5137357 2.1216069
667065.0000000 0.9603382 0.6143427 0.5276231 0.2868426 8.2692235 1.4418487 9.4817862 0.1873464 0.8940378 0.3530599 0.0068217 4.3837755 2.2704695 5.9547768 0.4421677 0.9623972 0.3391266 0.0324620 3.7830492 6.9440651 1.9053448 0.0021405 0.5594629 0.0036603 0.7930236 0.4601672 4.5342108 0.0499959 6.5502302 0.7772808 0.0100000 0.0399706 9.5772605 5.1092237 6.5839709 0.1757126 28.5962659 4.0000000 1.1012861 4.0000000 1.8114618 2.1616847 0.6134030 3.1936228 1.3364675 2.2351893 6.4824682 4.0372587 0.9320856 0.7849271 8.2915977 -0.4014615 7.7830685 2.1920261 2.2743222 4.0414424 3.8266476 4.3983574 3.1655511 6.2591651 1.7080745 12.5132296 2.5240237 0.3900000 1.0000000 1.9000000 1.4400000 0.8858867 0.0000000 0.9125115 0.0205947 0.0114669 0.0106414 0.0076380 0.0043842 0.0143670 0.0109204 0.0099328 0.0035860 0.0068497 0.0070894 0.0148748 0.0128980 0.0134615 0.0106684 0.0091454 0.0156716 0.0063604 0.0087965 0.0082440 0.0028066 0.0056341 0.0090782 0.0065912 0.0118515 0.0013190 0.0104773 0.0037250 0.0085747 0.0122764 0.0055001 0.0072001 0.0030386 0.0054251 0.0078701 0.0026663 0.0019802 0.0065659 0.0078837 0.0086320 0.0061147 0.0070412 0.0067536 0.0099871 0.0116758 0.0020887 0.0067928 0.0060733 0.0034763 0.0038551 0.0051563 0.0062836 0.0081743 0.0056754 0.0076125 0.0080513 0.0035849 0.0036047 0.0063200 0.0019961 0.0027441 0.0027371 0.0058023 0.0025215 0.0095356 0.0034950 0.0041523 0.0043431 0.0039212 0.0085129 0.0030427 0.0045230 0.0018031 0.0076064 0.0037379 0.0154293 0.0072062 0.0124189 0.0101303 0.0195942 0.0116771 0.0070958 0.0069743 0.0028012 0.0024361 0.0051658 0.0051735 0.0060847 0.0081760 0.0127906 0.0200054 0.0127359 0.0155274 0.0105944 0.0096260 0.0062771 0.0133127 0.0119680 0.0100176 0.0041021 0.0005355 0.0022229 0.0036121 0.0037997 0.0060068 0.0053788 0.0036631 0.0016937 0.0031265 0.0011414 0.0015717 0.0016544 0.0004301 0.0018347 0.0016190 0.0019345 0.0020354 0.0026049 0.0046706 0.0002883 0.0005761 0.0023220 0.0002998 0.0047686 0.0005284 0.2542370 0.8977188 0.8596216 0.5014956 2.2054063
667111.0000000 0.9619670 0.5821222 0.5236314 0.2906537 7.7232049 1.4881092 9.3565865 0.1821089 0.9002273 0.3671807 0.0069319 4.4746814 2.8539926 5.7778393 0.4272589 0.9747651 0.3354880 0.0310900 3.6544785 6.7244545 1.8809223 0.0022090 0.5425289 0.0036283 0.7948791 0.3372817 4.6552901 0.1720699 6.3245331 0.7699782 0.0112957 0.0328446 9.3544950 5.4767836 6.4540738 0.1684034 29.3773014 4.0000000 1.1007679 4.0000000 1.7628857 2.2938779 0.6179664 3.1440654 1.2856271 2.3749552 6.4894039 4.2463066 1.0918046 0.8351068 8.2636534 -0.3784928 7.3982264 2.0382615 2.2156981 3.7211463 3.8857572 4.3342567 3.1580911 6.2791777 1.6162753 12.4893562 2.5251673 0.3900000 1.0000000 1.9000000 1.4400000 0.8869712 0.0000000 0.9148324 0.0207056 0.0114662 0.0106998 0.0076772 0.0053329 0.0142233 0.0108089 0.0098047 0.0040684 0.0066894 0.0071331 0.0148169 0.0125307 0.0132214 0.0113780 0.0093973 0.0156542 0.0061865 0.0089235 0.0080613 0.0028993 0.0054126 0.0086787 0.0062528 0.0122705 0.0010617 0.0105138 0.0041099 0.0089658 0.0126031 0.0052860 0.0075237 0.0030314 0.0052879 0.0081072 0.0029692 0.0016597 0.0064567 0.0083601 0.0087798 0.0059690 0.0066723 0.0071728 0.0102885 0.0115918 0.0016531 0.0072946 0.0060365 0.0032657 0.0037097 0.0047438 0.0059384 0.0079089 0.0058352 0.0075327 0.0080213 0.0037611 0.0038137 0.0063074 0.0017857 0.0026137 0.0029434 0.0057413 0.0024253 0.0097818 0.0036852 0.0042133 0.0041960 0.0037518 0.0084594 0.0032582 0.0045572 0.0015559 0.0074986 0.0036978 0.0156041 0.0078461 0.0118809 0.0099759 0.0200623 0.0115376 0.0067893 0.0062771 0.0026760 0.0024748 0.0050346 0.0054104 0.0056377 0.0081471 0.0120792 0.0196472 0.0132210 0.0156459 0.0104011 0.0097869 0.0060795 0.0134965 0.0122244 0.0098867 0.0034385 0.0007297 0.0020033 0.0037556 0.0041021 0.0059488 0.0052989 0.0035619 0.0015417 0.0031958 0.0012227 0.0016140 0.0016722 0.0003975 0.0019735 0.0017525 0.0019833 0.0021504 0.0025049 0.0045401 0.0003778 0.0007313 0.0023175 0.0002556 0.0047300 0.0003357 0.2525203 0.8997703 0.8593825 0.5292787 2.2711951
644865.0000000 0.9614493 0.5947749 0.5319396 0.3166169 8.2874708 1.5001293 9.0465845 0.1786701 0.8748487 0.3712357 0.0070314 4.5405034 2.7073535 5.8091259 0.4179445 0.9682952 0.3285919 0.0335184 3.8044235 7.2193316 2.1060959 0.0020254 0.5432802 0.0038392 0.8101266 0.3330254 4.5778072 0.2393384 6.7366567 0.7605785 0.0100000 0.0548767 9.4109231 5.5905223 6.6928405 0.1619249 27.5703990 4.0000000 1.1164361 4.0000000 1.7616390 2.1959544 0.6289404 2.8397727 1.3495819 2.2507384 6.6136627 4.2428209 0.9666455 0.8196354 8.1326576 -0.4004356 7.5985462 2.2385550 2.0755152 4.2287391 4.0356350 4.1751492 3.1633179 6.2535389 1.7210138 12.7863465 2.5130248 0.3900000 1.0000000 1.9000000 1.4400000 0.8891671 0.0000000 0.9120853 0.0210360 0.0117126 0.0106047 0.0075811 0.0041923 0.0146785 0.0104892 0.0099349 0.0032264 0.0070889 0.0075721 0.0146716 0.0134730 0.0135923 0.0113999 0.0086044 0.0150735 0.0063840 0.0091290 0.0079092 0.0031117 0.0054440 0.0090550 0.0065571 0.0128527 0.0010887 0.0110552 0.0035145 0.0085988 0.0117552 0.0058127 0.0075252 0.0032319 0.0054812 0.0081749 0.0024852 0.0019002 0.0070041 0.0074755 0.0086668 0.0061867 0.0065493 0.0069881 0.0105643 0.0116758 0.0022587 0.0068321 0.0059021 0.0034490 0.0035596 0.0053485 0.0064638 0.0081403 0.0059664 0.0076620 0.0079443 0.0040866 0.0038570 0.0061844 0.0013581 0.0028899 0.0027464 0.0058824 0.0026148 0.0095851 0.0032260 0.0040671 0.0045366 0.0040556 0.0085521 0.0032796 0.0047028 0.0020602 0.0075641 0.0040154 0.0144847 0.0070905 0.0113990 0.0101374 0.0195674 0.0117024 0.0067400 0.0071578 0.0029818 0.0026599 0.0053404 0.0047332 0.0062160 0.0079838 0.0120277 0.0193953 0.0130374 0.0154073 0.0095232 0.0093693 0.0067858 0.0141704 0.0122696 0.0100683 0.0041640 0.0007297 0.0019920 0.0037728 0.0038543 0.0060089 0.0053747 0.0038062 0.0017499 0.0030186 0.0012397 0.0013360 0.0015883 0.0003634 0.0020657 0.0013934 0.0019046 0.0022335 0.0024946 0.0045227 0.0002358 0.0004557 0.0024079 0.0003709 0.0047500 0.0005280 0.2516337 0.8988101 0.8579253 0.5115636 2.3600028
661247.0000000 0.9615070 0.5957388 0.5262878 0.2793407 8.0851495 1.5005439 9.3389185 0.1917594 0.9008761 0.3433016 0.0068665 4.6663162 2.6652623 5.9685866 0.4238228 0.9638177 0.3212213 0.0309862 3.7874504 6.9848661 1.8560041 0.0022546 0.5629803 0.0036974 0.7914655 0.2000000 4.5361562 0.1732624 5.9727340 0.7565026 0.0100000 0.0504780 9.3976374 5.5640015 6.8888546 0.1727317 29.4644317 4.0000000 1.1050401 4.0000000 1.7440482 2.2296398 0.6192028 3.1542292 1.3384220 2.2235245 6.3776985 4.2734628 1.0549384 0.8162563 8.0875322 -0.3918367 7.6173838 2.1403057 2.1908783 4.0990291 3.8757788 4.3529832 3.1663400 6.2712151 1.7050699 12.4719597 2.4881018 0.3900000 1.0000000 1.9000000 1.4400000 0.8866978 0.0000000 0.9135412 0.0208622 0.0111278 0.0103859 0.0073271 0.0048229 0.0145154 0.0107027 0.0098862 0.0037480 0.0067168 0.0072879 0.0149104 0.0134931 0.0137144 0.0115036 0.0093152 0.0151372 0.0060274 0.0087570 0.0082851 0.0024972 0.0055264 0.0088958 0.0064855 0.0121558 0.0007602 0.0109828 0.0034939 0.0084796 0.0118589 0.0051163 0.0072988 0.0032651 0.0051905 0.0079680 0.0027776 0.0018333 0.0064181 0.0079458 0.0085311 0.0061575 0.0068417 0.0070472 0.0100309 0.0116758 0.0019727 0.0070682 0.0059157 0.0035701 0.0041651 0.0049275 0.0062308 0.0081078 0.0057013 0.0074779 0.0079968 0.0036200 0.0035113 0.0062621 0.0017862 0.0027434 0.0029276 0.0057608 0.0022704 0.0094544 0.0034434 0.0041956 0.0043795 0.0039316 0.0083791 0.0031182 0.0045206 0.0020023 0.0075282 0.0036754 0.0146113 0.0077063 0.0123489 0.0097770 0.0200892 0.0119082 0.0067931 0.0062895 0.0027458 0.0023250 0.0056173 0.0053739 0.0058302 0.0083223 0.0126391 0.0193192 0.0126902 0.0155995 0.0103087 0.0095803 0.0063245 0.0133001 0.0118720 0.0094513 0.0039772 0.0006613 0.0019786 0.0035763 0.0040103 0.0060079 0.0052013 0.0035649 0.0016577 0.0031752 0.0012589 0.0015240 0.0016380 0.0002577 0.0019941 0.0016464 0.0018752 0.0020275 0.0027072 0.0046348 0.0003022 0.0006249 0.0023855 0.0002348 0.0047570 0.0003932 0.2530802 0.8976685 0.8598522 0.5213050 2.1369913
639601.0000000 0.9621582 0.6008273 0.5254310 0.2972486 8.4627406 1.7376252 9.2677453 0.1898430 0.8904133 0.3653779 0.0068754 4.4765101 2.8053367 5.7689404 0.4319863 0.9693167 0.3310420 0.0326088 4.0014987 7.0587793 1.6992605 0.0020795 0.5571057 0.0036506 0.8019687 0.2000000 4.6335579 0.2790756 6.1705011 0.7736528 0.0100000 0.0588426 9.2271398 5.4483370 6.8691429 0.1520180 28.2946190 4.0000000 1.1164875 4.0000000 1.7828741 2.2142968 0.5503520 3.0500358 1.3825830 2.2488155 6.8184549 4.1712224 0.8955701 0.8225322 8.1350379 -0.4101183 7.8324049 2.1742102 2.1188743 4.0524319 4.0647433 4.2010478 3.1680739 6.2576304 1.7074951 12.6616774 2.4973483 0.3900000 1.0000000 1.9000000 1.4400000 0.8885403 0.0000000 0.9123989 0.0202722 0.0111239 0.0101971 0.0079523 0.0047702 0.0146010 0.0108723 0.0098750 0.0036109 0.0069223 0.0074441 0.0144340 0.0131933 0.0138969 0.0110642 0.0086996 0.0154010 0.0064838 0.0091160 0.0080749 0.0030449 0.0056678 0.0090049 0.0064644 0.0125373 0.0009617 0.0108381 0.0036644 0.0085840 0.0120611 0.0055275 0.0072998 0.0032854 0.0053399 0.0081591 0.0026810 0.0016597 0.0067621 0.0079182 0.0083208 0.0063059 0.0068200 0.0072682 0.0103406 0.0116758 0.0020158 0.0069412 0.0058820 0.0035935 0.0039615 0.0051971 0.0063689 0.0082072 0.0056891 0.0075709 0.0077328 0.0038143 0.0035879 0.0063428 0.0016862 0.0027825 0.0027251 0.0057350 0.0022418 0.0095627 0.0033796 0.0039390 0.0045220 0.0040959 0.0086408 0.0032414 0.0044802 0.0020765 0.0077621 0.0039410 0.0141124 0.0076905 0.0122070 0.0103275 0.0200160 0.0117756 0.0066201 0.0071270 0.0029179 0.0025715 0.0056688 0.0053357 0.0058747 0.0080947 0.0119459 0.0196997 0.0131240 0.0153998 0.0099592 0.0097989 0.0063173 0.0137911 0.0121551 0.0096458 0.0040950 0.0005412 0.0020704 0.0037767 0.0038128 0.0061294 0.0052657 0.0036021 0.0016102 0.0031589 0.0011036 0.0014816 0.0016683 0.0003699 0.0019663 0.0015785 0.0019457 0.0021770 0.0025920 0.0045228 0.0002582 0.0004682 0.0024520 0.0003319 0.0047895 0.0005619 0.2516090 0.8972484 0.8604338 0.5081132 2.1433499
655465.0000000 0.9598275 0.5900384 0.5306644 0.2970231 8.1537324 1.6766626 9.5546098 0.1810912 0.8895454 0.3544446 0.0067413 4.5614559 2.5956427 5.9544785 0.4359604 0.9531550 0.3351778 0.0316676 3.8333586 6.8752746 1.7386081 0.0021195 0.5542422 0.0038967 0.7891759 0.2000000 4.8348888 0.2654850 6.7581676 0.7567511 0.0100000 0.0548202 9.4338290 5.5167946 6.7073089 0.1560563 29.6621143 4.0000000 1.1014611 4.0000000 1.7578304 2.1535017 0.6533795 3.0875843 1.3179639 2.3315590 6.6673437 4.2481461 1.0731855 0.8257321 8.1313156 -0.4010454 7.7398864 2.1809322 2.2273843 4.2786085 4.0636633 4.3644694 3.1690546 6.2675780 1.6916915 12.4736014 2.5064900 0.3900000 1.0000000 1.9000000 1.4400000 0.8843360 0.0000000 0.9124733 0.0210054 0.0109510 0.0105160 0.0076058 0.0047238 0.0147709 0.0101404 0.0094101 0.0036479 0.0068418 0.0071184 0.0148804 0.0130707 0.0139731 0.0110242 0.0088428 0.0162181 0.0063055 0.0090321 0.0080605 0.0029589 0.0057671 0.0087531 0.0062366 0.0117438 0.0007745 0.0108304 0.0037634 0.0086567 0.0122459 0.0050278 0.0070728 0.0033092 0.0054061 0.0079453 0.0027580 0.0016961 0.0065967 0.0080855 0.0083796 0.0062625 0.0066459 0.0070852 0.0101471 0.0116758 0.0020670 0.0069404 0.0060566 0.0036147 0.0039582 0.0051753 0.0061099 0.0082831 0.0056471 0.0075411 0.0078851 0.0036730 0.0035303 0.0063825 0.0018426 0.0028514 0.0027957 0.0056060 0.0024365 0.0097691 0.0032913 0.0040713 0.0041964 0.0039399 0.0083191 0.0030301 0.0048323 0.0020262 0.0077036 0.0036575 0.0153800 0.0074903 0.0118218 0.0097336 0.0195979 0.0114902 0.0067247 0.0067305 0.0027640 0.0023598 0.0055298 0.0053141 0.0056653 0.0083842 0.0124463 0.0199436 0.0125064 0.0155744 0.0102055 0.0094756 0.0066347 0.0135258 0.0118804 0.0097479 0.0040781 0.0006889 0.0021379 0.0036816 0.0040459 0.0059261 0.0052005 0.0036549 0.0016334 0.0031338 0.0012347 0.0015535 0.0016416 0.0002616 0.0019345 0.0016540 0.0018963 0.0021882 0.0025515 0.0045519 0.0002668 0.0006098 0.0023691 0.0003323 0.0047659 0.0004178 0.2516142 0.8986696 0.8601038 0.5048327 2.2371743
655474.0000000 0.9611084 0.6238404 0.5258748 0.2982810 8.4649074 1.7035895 9.3562034 0.1827265 0.8977100 0.3443773 0.0069743 4.4507871 2.6010171 5.8089144 0.4301567 0.9734110 0.3415776 0.0318983 3.5648721 6.7059776 1.6504614 0.0021186 0.5440640 0.0038079 0.7839858 0.2908118 4.6689826 0.1877734 6.6866809 0.7670923 0.0100000 0.0527033 9.3354870 5.2688186 6.7131292 0.1649392 30.8755874 4.0000000 1.1022195 4.0000000 1.7850833 2.1082285 0.6061809 3.1847038 1.3207921 2.2023366 6.7386652 4.1659448 1.0134901 0.8093760 8.2838776 -0.3939775 7.7237966 2.2122962 2.1037234 3.9827406 4.1115785 4.5153984 3.1664251 6.2641252 1.7091571 12.5540536 2.5215806 0.3900000 1.0000000 1.9000000 1.4400000 0.8875705 0.0000000 0.9127781 0.0200696 0.0114256 0.0104061 0.0081181 0.0040121 0.0150930 0.0109916 0.0096005 0.0039575 0.0069737 0.0074426 0.0144597 0.0130224 0.0141163 0.0105584 0.0090218 0.0157924 0.0063827 0.0093458 0.0081366 0.0025837 0.0056323 0.0089321 0.0064325 0.0124797 0.0007192 0.0110279 0.0037729 0.0083610 0.0121861 0.0052274 0.0070166 0.0033218 0.0052406 0.0078093 0.0026535 0.0020509 0.0065925 0.0080090 0.0084240 0.0060057 0.0066288 0.0070846 0.0102159 0.0115146 0.0021287 0.0070394 0.0058620 0.0037024 0.0038792 0.0051695 0.0061721 0.0082820 0.0058787 0.0078513 0.0080582 0.0037290 0.0034407 0.0062477 0.0018970 0.0027142 0.0027463 0.0057205 0.0022512 0.0096344 0.0033419 0.0040732 0.0042912 0.0040191 0.0084602 0.0032395 0.0044753 0.0018640 0.0075087 0.0037014 0.0154211 0.0078522 0.0124616 0.0099955 0.0199111 0.0121593 0.0067243 0.0066943 0.0029706 0.0023063 0.0056214 0.0054252 0.0063258 0.0082848 0.0126524 0.0194935 0.0124268 0.0155783 0.0106568 0.0098739 0.0063626 0.0136977 0.0119526 0.0100363 0.0037108 0.0006641 0.0020605 0.0035561 0.0039654 0.0058096 0.0053276 0.0035681 0.0016385 0.0030446 0.0012580 0.0015437 0.0017138 0.0002440 0.0018254 0.0014336 0.0017687 0.0021636 0.0025640 0.0044345 0.0002551 0.0005427 0.0023556 0.0003537 0.0047867 0.0006415 0.2506854 0.8992538 0.8600004 0.5053678 2.2382437
655525.0000000 0.9623572 0.5996443 0.5469116 0.3031437 8.2615485 1.4360100 9.1949438 0.1761307 0.8884411 0.3461279 0.0067332 4.5654934 2.6123737 6.0634787 0.4241048 0.9757479 0.3434134 0.0325527 3.7325076 6.9434097 1.6408968 0.0022378 0.5460415 0.0036854 0.7942157 0.2000000 4.4233282 0.2129358 6.4586992 0.7683733 0.0100000 0.0539744 9.3756529 5.5487525 6.9434390 0.1668340 28.5501560 4.0000000 1.1092742 4.0000000 1.8019085 2.1516966 0.6765454 3.1220645 1.3331334 2.2621100 6.6121171 4.2399840 1.0798782 0.8198405 8.2247193 -0.3915002 7.6521211 2.0882253 2.3191415 4.0137907 3.9583057 4.3263119 3.1615013 6.2692378 1.6745931 12.5759840 2.4782686 0.3900000 1.0000000 1.9000000 1.4400000 0.8870129 0.0000000 0.9138452 0.0205055 0.0113526 0.0102185 0.0072439 0.0045058 0.0148370 0.0103547 0.0098791 0.0040074 0.0068828 0.0073725 0.0145948 0.0130376 0.0137534 0.0114233 0.0088485 0.0156570 0.0065559 0.0088760 0.0085067 0.0024318 0.0055017 0.0088006 0.0064732 0.0124685 0.0009160 0.0108377 0.0033804 0.0082685 0.0120972 0.0054394 0.0073296 0.0032857 0.0052289 0.0080947 0.0030049 0.0020069 0.0064217 0.0079395 0.0084694 0.0060193 0.0066735 0.0071026 0.0101282 0.0115693 0.0020564 0.0070228 0.0058811 0.0034311 0.0040784 0.0049744 0.0061620 0.0081001 0.0056438 0.0076459 0.0079703 0.0038544 0.0034445 0.0062382 0.0018388 0.0028625 0.0029940 0.0054765 0.0024166 0.0097540 0.0036841 0.0041761 0.0043372 0.0040446 0.0082366 0.0030119 0.0046398 0.0018660 0.0076769 0.0037746 0.0147767 0.0079241 0.0119007 0.0099924 0.0201521 0.0119145 0.0066313 0.0064436 0.0028060 0.0024530 0.0051560 0.0056468 0.0055685 0.0078247 0.0124645 0.0192992 0.0128417 0.0156610 0.0101541 0.0095594 0.0063027 0.0134740 0.0118683 0.0096825 0.0036418 0.0007217 0.0020703 0.0037110 0.0041106 0.0060361 0.0051387 0.0036629 0.0016482 0.0031287 0.0012561 0.0015934 0.0015448 0.0002440 0.0019592 0.0017110 0.0018842 0.0021240 0.0026271 0.0045422 0.0003043 0.0006041 0.0024344 0.0002283 0.0047895 0.0004958 0.2518467 0.8990320 0.8607194 0.5140919 2.1732741
661510.0000000 0.9610734 0.5824922 0.5411004 0.2799323 7.8725369 1.3728578 9.5152336 0.1757827 0.9073325 0.3620731 0.0068415 4.4984615 2.5860396 5.9351575 0.4176314 0.9695058 0.3315615 0.0323142 3.8012157 6.7583491 1.4357145 0.0022185 0.5509916 0.0036992 0.7956966 0.4533426 4.5651515 0.0567470 6.1234187 0.7705275 0.0100000 0.0487744 9.0098175 5.8235078 6.7888644 0.1616083 29.3356685 4.0000000 1.1083644 4.0000000 1.7858922 2.1578242 0.6446454 3.2426116 1.2767000 2.3257242 6.5673017 4.2834707 1.1067887 0.8095086 8.1653264 -0.4052319 7.5453743 2.1065668 2.1657630 3.9649814 4.0098152 4.3089338 3.1644971 6.2617605 1.6734204 12.3961001 2.4778652 0.3900000 1.0000000 1.9000000 1.4400000 0.8857213 0.0000000 0.9146130 0.0208252 0.0112228 0.0101788 0.0074211 0.0050359 0.0140900 0.0107620 0.0098518 0.0039193 0.0063739 0.0074664 0.0149430 0.0132027 0.0137740 0.0113435 0.0093181 0.0153776 0.0059659 0.0090749 0.0081378 0.0027823 0.0054939 0.0089189 0.0066351 0.0121194 0.0007363 0.0110526 0.0033978 0.0084970 0.0122167 0.0050561 0.0073864 0.0032315 0.0053839 0.0079693 0.0030160 0.0019932 0.0066470 0.0081124 0.0082461 0.0056227 0.0070548 0.0069474 0.0099918 0.0116355 0.0017852 0.0070587 0.0060143 0.0034673 0.0040841 0.0050417 0.0062786 0.0081786 0.0057445 0.0076726 0.0079545 0.0038149 0.0035181 0.0064352 0.0016516 0.0027648 0.0028927 0.0057092 0.0023719 0.0096091 0.0037211 0.0041185 0.0040423 0.0039543 0.0084779 0.0030861 0.0046196 0.0018069 0.0074969 0.0034597 0.0150479 0.0074737 0.0125392 0.0097555 0.0198901 0.0122868 0.0068363 0.0062500 0.0028866 0.0024173 0.0051736 0.0053647 0.0058518 0.0079734 0.0128417 0.0198591 0.0125913 0.0153048 0.0107496 0.0092989 0.0062089 0.0135954 0.0119311 0.0099457 0.0041441 0.0007214 0.0021147 0.0036804 0.0040639 0.0061493 0.0052618 0.0036300 0.0016391 0.0031362 0.0012558 0.0014845 0.0016950 0.0003002 0.0019884 0.0016922 0.0017435 0.0022150 0.0025481 0.0045822 0.0002219 0.0006676 0.0023931 0.0001987 0.0047895 0.0003827 0.2513374 0.8978993 0.8602029 0.5294277 2.2656238
667623.0000000 0.9619035 0.6180636 0.5286117 0.2869206 8.8050452 1.8618754 9.5179116 0.1832821 0.8873222 0.3470331 0.0068021 4.5897489 2.5343675 5.7363186 0.4308467 0.9697941 0.3523316 0.0317782 3.5472589 6.9643335 1.8779367 0.0022133 0.5468702 0.0037762 0.7917214 0.2000000 4.6690254 0.1345335 6.1698950 0.7679778 0.0100000 0.0397482 9.4888567 5.4457521 6.6111384 0.1825974 30.0193226 4.0000000 1.0959704 4.0000000 1.8581119 2.1398980 0.6144108 3.0974213 1.2832148 2.1863091 6.9989646 4.2287691 0.8971624 0.7926642 8.2411393 -0.3920220 7.8358892 2.1658257 2.1592167 4.2088688 4.0117345 4.3813180 3.1663890 6.2501905 1.6973114 12.3895209 2.4974986 0.3900000 1.0000000 1.9000000 1.4400000 0.8878461 0.0000000 0.9125405 0.0210381 0.0115503 0.0101787 0.0077769 0.0043443 0.0149908 0.0111272 0.0098583 0.0035803 0.0067057 0.0073297 0.0148549 0.0128160 0.0134205 0.0108212 0.0093493 0.0155648 0.0066396 0.0093852 0.0082551 0.0030262 0.0060444 0.0089032 0.0065649 0.0117439 0.0007417 0.0112733 0.0039446 0.0084499 0.0124428 0.0051470 0.0070820 0.0033353 0.0052741 0.0078867 0.0028581 0.0018710 0.0069115 0.0078282 0.0082434 0.0060598 0.0066116 0.0072982 0.0102465 0.0114480 0.0018863 0.0070133 0.0059031 0.0034650 0.0039559 0.0055454 0.0060386 0.0083295 0.0056834 0.0076822 0.0079088 0.0038479 0.0037692 0.0062502 0.0019691 0.0027388 0.0026800 0.0055212 0.0022959 0.0095692 0.0034560 0.0042725 0.0043082 0.0038924 0.0083579 0.0030380 0.0045450 0.0019110 0.0076422 0.0039733 0.0154580 0.0080900 0.0124348 0.0101081 0.0200069 0.0114186 0.0065728 0.0064928 0.0028036 0.0024122 0.0053390 0.0055397 0.0058915 0.0082531 0.0127615 0.0199553 0.0126388 0.0152097 0.0104021 0.0094023 0.0063760 0.0133462 0.0117339 0.0098595 0.0035221 0.0008038 0.0019605 0.0035588 0.0039741 0.0059514 0.0053216 0.0036258 0.0016986 0.0029918 0.0012476 0.0015505 0.0017041 0.0002440 0.0018006 0.0015088 0.0018699 0.0022302 0.0025429 0.0044544 0.0002358 0.0005929 0.0023944 0.0002311 0.0047895 0.0006407 0.2522692 0.8982760 0.8615066 0.5054069 2.2061265
655677.0000000 0.9622334 0.5878720 0.5328539 0.2963029 8.6316637 1.4514786 9.4041954 0.1738829 0.8905223 0.3439272 0.0066525 4.5266058 2.4506805 5.9166537 0.4344292 0.9743011 0.3287208 0.0324206 3.7597617 6.9545397 1.6408642 0.0022689 0.5483118 0.0036499 0.7966099 0.2000000 4.5999163 0.1626567 6.4609838 0.7698368 0.0100000 0.0579931 9.3999473 5.6828380 6.8999921 0.1768415 28.1116049 4.0000000 1.1056332 4.0000000 1.8135755 2.1824656 0.6413718 3.1182604 1.3206164 2.2546731 6.6199789 4.2550979 1.0920718 0.8141957 8.1922403 -0.3904059 7.6267568 2.1607136 2.3243064 3.9978125 3.9749696 4.3262430 3.1655288 6.2792900 1.6828411 12.5534814 2.4977651 0.3900000 1.0000000 1.9000000 1.4400000 0.8858413 0.0000000 0.9142861 0.0207301 0.0111310 0.0102375 0.0073507 0.0046933 0.0145006 0.0103475 0.0099248 0.0038135 0.0067766 0.0073110 0.0147954 0.0131438 0.0135845 0.0112660 0.0090223 0.0157147 0.0063396 0.0089159 0.0085695 0.0026269 0.0056126 0.0086987 0.0063062 0.0124665 0.0010489 0.0111291 0.0033957 0.0085218 0.0119886 0.0052530 0.0073238 0.0033796 0.0052948 0.0079756 0.0028231 0.0019508 0.0064831 0.0079482 0.0085529 0.0062471 0.0068855 0.0072631 0.0099011 0.0115840 0.0021180 0.0071287 0.0057990 0.0034415 0.0039360 0.0049803 0.0061892 0.0080657 0.0056425 0.0075375 0.0082258 0.0036538 0.0034826 0.0062867 0.0019291 0.0027314 0.0029758 0.0054732 0.0023632 0.0097253 0.0036181 0.0041196 0.0042434 0.0038723 0.0083202 0.0030812 0.0046529 0.0018798 0.0076445 0.0038590 0.0142732 0.0078276 0.0121050 0.0096355 0.0201436 0.0121917 0.0064575 0.0064296 0.0026194 0.0024415 0.0052081 0.0054015 0.0055973 0.0081074 0.0123072 0.0191530 0.0128814 0.0159042 0.0102285 0.0094769 0.0061154 0.0135958 0.0119250 0.0098861 0.0037037 0.0006775 0.0020627 0.0035915 0.0041081 0.0059309 0.0052652 0.0035979 0.0016465 0.0030827 0.0012867 0.0016092 0.0015620 0.0003007 0.0020450 0.0016611 0.0017863 0.0020789 0.0025730 0.0045088 0.0002792 0.0006724 0.0023489 0.0003153 0.0047895 0.0005663 0.2522208 0.8989341 0.8596239 0.5142479 2.2570305
667693.0000000 0.9598604 0.5864500 0.5215974 0.2905014 8.4190556 1.5482140 9.3299766 0.1798152 0.8986043 0.3651876 0.0069027 4.6260864 2.6536302 5.9083263 0.4170328 0.9664347 0.3245661 0.0330081 3.7107690 6.6738327 1.7414049 0.0020833 0.5545585 0.0036653 0.7863411 0.2000000 4.7224979 0.2708774 6.1349599 0.7629502 0.0100000 0.0448913 9.3356022 5.5941174 6.6003570 0.1732660 28.7111453 4.0000000 1.1018734 4.0000000 1.7826176 2.2793024 0.6068831 3.2243955 1.3129694 2.2191571 6.6209872 4.2879421 0.9930558 0.8106299 8.1615224 -0.3874664 7.4698092 2.1488383 2.2399421 3.9909567 3.8840568 4.2558045 3.1642977 6.2637443 1.6480956 12.4473802 2.5264997 0.3900000 1.0000000 1.9000000 1.4400000 0.8867829 0.0000000 0.9145324 0.0206915 0.0113219 0.0104085 0.0072064 0.0041947 0.0145666 0.0106833 0.0095398 0.0041014 0.0064357 0.0074719 0.0150261 0.0131549 0.0137205 0.0112497 0.0091846 0.0153813 0.0062649 0.0088812 0.0077465 0.0025375 0.0057999 0.0087268 0.0066909 0.0123777 0.0007192 0.0111149 0.0037473 0.0083928 0.0122162 0.0050678 0.0071731 0.0033006 0.0052935 0.0079052 0.0029320 0.0018812 0.0067245 0.0081717 0.0083204 0.0058114 0.0069098 0.0071245 0.0101900 0.0115626 0.0020971 0.0072966 0.0059435 0.0033400 0.0043058 0.0051533 0.0061710 0.0081990 0.0056885 0.0072485 0.0079597 0.0037082 0.0035239 0.0064200 0.0017512 0.0027483 0.0027089 0.0056832 0.0021839 0.0097295 0.0035810 0.0042705 0.0040784 0.0037954 0.0084593 0.0029692 0.0046641 0.0018626 0.0078091 0.0039130 0.0149828 0.0077949 0.0123815 0.0097027 0.0203136 0.0120192 0.0068197 0.0061785 0.0026783 0.0022036 0.0056117 0.0053662 0.0059525 0.0081241 0.0122631 0.0197111 0.0125522 0.0156145 0.0101844 0.0093712 0.0064813 0.0133849 0.0117835 0.0099877 0.0034746 0.0006088 0.0021656 0.0036773 0.0039710 0.0060322 0.0053786 0.0036314 0.0015622 0.0032114 0.0012613 0.0015751 0.0017132 0.0003088 0.0018984 0.0017116 0.0019042 0.0021495 0.0026955 0.0045264 0.0004188 0.0007597 0.0024630 0.0002394 0.0047333 0.0004313 0.2517470 0.8988980 0.8580512 0.5035660 2.1717130
661761.0000000 0.9608550 0.6085236 0.5375051 0.2887899 8.5860607 1.4695255 9.4893765 0.1747834 0.8980244 0.3463283 0.0069675 4.3809477 2.5899614 5.7960771 0.4371039 0.9744843 0.3480610 0.0326610 3.7514385 6.9470438 1.9297987 0.0022998 0.5418491 0.0037418 0.7870196 0.3670221 4.5366020 0.0391730 6.4350685 0.7592436 0.0133208 0.0498456 9.3011001 5.4856208 6.7637033 0.1681299 30.8091339 4.0000000 1.1006788 4.0000000 1.7727911 2.1417279 0.6218421 3.1442089 1.3452972 2.2290539 6.7973385 4.1731157 0.9450453 0.7890517 8.2201307 -0.3902401 7.6913398 2.1840353 2.1083098 4.0959754 4.1039000 4.3872694 3.1695855 6.2676432 1.7244856 12.4788618 2.5260574 0.3900000 1.0000000 1.9000000 1.4400000 0.8857086 0.0000000 0.9133143 0.0206447 0.0116876 0.0104198 0.0074512 0.0044052 0.0149578 0.0109465 0.0094621 0.0036350 0.0067645 0.0073198 0.0148742 0.0130159 0.0135734 0.0107859 0.0093982 0.0155730 0.0066283 0.0089148 0.0079278 0.0029291 0.0058804 0.0088990 0.0066602 0.0120880 0.0010545 0.0110697 0.0038688 0.0084385 0.0124706 0.0051797 0.0071854 0.0030455 0.0052538 0.0078652 0.0026590 0.0019219 0.0067098 0.0081487 0.0086247 0.0059355 0.0066995 0.0070033 0.0102892 0.0114900 0.0020820 0.0068651 0.0058947 0.0036474 0.0037639 0.0053303 0.0061082 0.0081871 0.0057238 0.0074272 0.0078670 0.0038128 0.0034826 0.0063911 0.0019279 0.0028420 0.0027849 0.0055948 0.0023383 0.0093632 0.0033450 0.0040885 0.0042995 0.0039598 0.0084909 0.0030558 0.0046503 0.0018982 0.0077236 0.0039997 0.0146285 0.0075469 0.0121301 0.0103578 0.0201396 0.0115759 0.0069293 0.0066044 0.0029152 0.0022010 0.0053578 0.0055481 0.0062687 0.0080932 0.0124638 0.0197405 0.0128809 0.0152062 0.0102031 0.0094057 0.0063119 0.0137157 0.0118129 0.0098810 0.0036912 0.0005973 0.0020059 0.0035969 0.0040451 0.0059452 0.0052771 0.0035507 0.0016630 0.0030733 0.0012413 0.0015445 0.0017797 0.0003797 0.0018873 0.0016479 0.0018885 0.0022275 0.0026008 0.0044211 0.0002168 0.0006071 0.0022786 0.0003220 0.0047644 0.0005664 0.2513413 0.8978372 0.8610009 0.5136057 2.3178113
667845.0000000 0.9620840 0.5779562 0.5212348 0.3168786 7.8462880 1.2390454 9.1812681 0.1842101 0.8951043 0.3725660 0.0068860 4.5987889 2.6689795 5.7020750 0.4460751 0.9619277 0.3336586 0.0309464 3.6746777 6.7340115 1.7989521 0.0023378 0.5424382 0.0035853 0.8084173 0.2000000 4.4650879 0.3352470 6.3488841 0.7692186 0.0154836 0.0394939 9.2477583 5.5771257 6.6640672 0.1666060 28.7248936 4.0000000 1.1048762 4.0000000 1.7633106 2.2568845 0.5738664 3.3317024 1.2511579 2.3157317 6.3292282 4.3310696 0.8805962 0.8198926 8.1564923 -0.4006285 7.4493859 2.0846618 2.2410661 4.0606854 3.9088227 4.2683307 3.1607086 6.2719936 1.6086749 12.4732119 2.5547677 0.3900000 1.0000000 1.9000000 1.4400000 0.8864444 0.0000000 0.9145021 0.0205509 0.0111460 0.0104039 0.0071104 0.0054234 0.0144279 0.0111012 0.0095155 0.0040599 0.0066932 0.0074128 0.0150909 0.0128971 0.0139557 0.0110384 0.0092086 0.0153422 0.0061845 0.0088600 0.0080478 0.0026967 0.0053654 0.0088725 0.0062931 0.0123758 0.0007584 0.0111424 0.0040371 0.0086740 0.0126284 0.0052998 0.0070909 0.0029592 0.0052809 0.0080931 0.0028541 0.0017646 0.0065628 0.0081621 0.0084002 0.0061392 0.0071441 0.0073127 0.0103327 0.0112998 0.0018536 0.0072520 0.0060910 0.0031958 0.0038683 0.0049185 0.0062512 0.0080849 0.0060241 0.0077615 0.0081990 0.0038447 0.0036868 0.0064456 0.0017895 0.0026016 0.0028086 0.0057658 0.0023839 0.0100110 0.0036203 0.0044052 0.0038692 0.0039147 0.0084621 0.0031030 0.0043650 0.0015640 0.0073249 0.0039167 0.0153104 0.0080717 0.0122647 0.0097761 0.0202408 0.0121038 0.0070771 0.0061995 0.0027682 0.0026646 0.0053664 0.0055200 0.0057034 0.0081075 0.0125682 0.0194948 0.0128173 0.0156518 0.0104421 0.0096455 0.0063744 0.0133057 0.0123106 0.0093478 0.0037332 0.0008985 0.0019136 0.0037364 0.0041438 0.0057675 0.0053352 0.0037159 0.0015219 0.0031632 0.0012995 0.0016429 0.0016481 0.0003000 0.0019770 0.0016967 0.0018221 0.0019814 0.0026180 0.0046573 0.0003587 0.0005839 0.0022903 0.0002787 0.0047712 0.0004065 0.2519903 0.9000000 0.8583375 0.5272387 2.2069794
667899.0000000 0.9608673 0.6171788 0.5302044 0.2963047 8.3715139 1.3580638 9.5210956 0.1914318 0.8952285 0.3498161 0.0068841 4.4025713 2.2647789 6.0275874 0.4397973 0.9656678 0.3317633 0.0323020 3.7666521 6.9297645 2.0010088 0.0020910 0.5627573 0.0036529 0.7967559 0.3674631 4.5755914 0.1170783 6.9237819 0.7731118 0.0100000 0.0427506 9.4695469 5.0999540 6.4747337 0.1673599 28.6269556 4.0000000 1.1051830 4.0000000 1.7969570 2.1335375 0.6203131 3.1546722 1.3545041 2.2392344 6.4628828 4.1056065 0.9117404 0.7920205 8.2732615 -0.3962913 7.8717569 2.2298409 2.3388045 3.9591956 3.8589776 4.4188488 3.1679740 6.2638132 1.7058073 12.5485439 2.5337871 0.3900000 1.0000000 1.9000000 1.4400000 0.8858083 0.0000000 0.9127529 0.0206713 0.0113862 0.0105876 0.0076476 0.0042734 0.0142229 0.0109236 0.0097937 0.0034753 0.0069836 0.0070489 0.0148517 0.0127633 0.0134260 0.0105322 0.0090903 0.0158338 0.0063729 0.0086126 0.0081342 0.0028888 0.0056138 0.0089937 0.0064115 0.0118021 0.0014663 0.0105033 0.0037690 0.0085378 0.0121591 0.0054274 0.0070910 0.0031349 0.0053560 0.0079621 0.0026783 0.0019384 0.0066867 0.0077527 0.0085861 0.0061058 0.0070128 0.0068800 0.0099165 0.0116050 0.0021032 0.0067651 0.0061718 0.0034539 0.0039504 0.0050178 0.0062600 0.0081068 0.0057240 0.0075750 0.0080279 0.0035053 0.0036739 0.0063808 0.0020262 0.0026713 0.0026882 0.0058978 0.0024773 0.0096238 0.0034930 0.0042481 0.0043046 0.0038756 0.0084252 0.0029561 0.0045920 0.0017224 0.0075056 0.0037115 0.0152395 0.0072109 0.0123654 0.0100189 0.0195508 0.0115182 0.0069996 0.0070822 0.0027779 0.0024834 0.0052205 0.0052635 0.0062532 0.0081160 0.0128226 0.0198294 0.0128481 0.0154031 0.0104524 0.0095963 0.0061263 0.0134742 0.0119622 0.0101322 0.0043029 0.0005437 0.0022236 0.0035831 0.0037890 0.0060678 0.0053418 0.0037163 0.0017279 0.0031560 0.0011601 0.0015725 0.0016933 0.0004306 0.0019038 0.0015725 0.0018795 0.0020773 0.0026397 0.0046348 0.0002586 0.0005945 0.0022839 0.0002889 0.0047234 0.0005671 0.2543525 0.8975680 0.8593175 0.5102098 2.2188304
645592.0000000 0.9629833 0.6128105 0.4998244 0.3024005 7.9358836 2.0792448 9.1736271 0.1781915 0.8845003 0.3623743 0.0070209 4.4352251 2.7719103 5.5766612 0.4413181 0.9674558 0.3247409 0.0329485 4.2805341 7.3102341 1.6192845 0.0022278 0.5480291 0.0035834 0.8091943 0.2000000 4.6774586 0.3254829 5.7364421 0.7677110 0.0100000 0.0438498 9.3198950 5.1614710 7.1477454 0.1657168 28.1921809 4.0000000 1.1199138 4.0000000 1.8629543 2.1807673 0.5612740 2.7905162 1.3909501 2.3311014 6.7441920 4.2627936 0.8493259 0.8311884 8.0739065 -0.4104128 7.6608688 2.0595641 2.1405372 3.8685440 4.1701203 4.4028983 3.1693019 6.2640170 1.6681005 12.7265566 2.4528516 0.3900000 1.0000000 1.9000000 1.4400000 0.8916562 0.0000000 0.9127731 0.0211716 0.0116008 0.0110927 0.0076360 0.0055259 0.0144831 0.0108955 0.0095210 0.0035889 0.0072744 0.0076580 0.0148510 0.0134162 0.0143548 0.0099226 0.0083702 0.0153979 0.0065770 0.0085827 0.0074591 0.0036762 0.0048080 0.0096678 0.0061967 0.0126945 0.0007192 0.0112020 0.0036829 0.0084567 0.0118539 0.0060608 0.0074525 0.0035259 0.0054665 0.0083476 0.0022941 0.0017373 0.0065707 0.0080411 0.0086547 0.0057633 0.0062210 0.0069157 0.0104365 0.0116758 0.0018909 0.0068113 0.0055805 0.0028996 0.0040727 0.0052958 0.0059666 0.0079768 0.0055231 0.0078329 0.0080358 0.0039599 0.0034644 0.0061954 0.0013255 0.0026827 0.0028450 0.0057402 0.0026503 0.0093164 0.0033500 0.0038427 0.0045093 0.0039502 0.0085459 0.0033185 0.0045166 0.0022648 0.0077003 0.0041586 0.0142939 0.0066449 0.0121198 0.0104029 0.0198868 0.0120907 0.0060697 0.0073728 0.0032505 0.0026543 0.0057173 0.0046901 0.0056461 0.0078312 0.0119465 0.0197618 0.0131171 0.0147740 0.0102828 0.0092922 0.0063572 0.0137212 0.0122447 0.0097392 0.0037956 0.0007936 0.0021918 0.0039944 0.0037385 0.0061637 0.0053509 0.0037341 0.0016590 0.0030957 0.0011783 0.0015633 0.0016967 0.0002625 0.0022279 0.0016632 0.0019035 0.0020989 0.0026029 0.0044474 0.0003756 0.0005144 0.0025746 0.0003055 0.0047857 0.0005404 0.2532339 0.8964962 0.8574235 0.4936085 2.3145558
668053.0000000 0.9614181 0.5745862 0.5328251 0.2780161 7.8754019 1.4509651 9.2469529 0.1845617 0.9002170 0.3649742 0.0068727 4.4394509 2.7989616 5.7080765 0.4375631 0.9690007 0.3306469 0.0309916 3.5508512 6.7233198 1.9663384 0.0022013 0.5446021 0.0036048 0.7983625 0.2117388 4.6200153 0.2112224 6.2649594 0.7645836 0.0156356 0.0313807 9.4229240 5.6129029 6.6074436 0.1753100 30.5135475 4.0000000 1.1032439 4.0000000 1.7361077 2.2701141 0.5889041 3.0852334 1.3015413 2.4501421 6.6227045 4.2552398 1.0860213 0.8436067 8.3135150 -0.3841739 7.4840737 2.0425035 2.2213978 3.7513303 3.9801767 4.3056231 3.1576085 6.2746670 1.6472153 12.4583582 2.5202682 0.3900000 1.0000000 1.9000000 1.4400000 0.8870766 0.0000000 0.9142947 0.0208480 0.0115771 0.0107339 0.0074388 0.0053770 0.0144941 0.0106531 0.0100459 0.0040886 0.0067638 0.0069449 0.0147243 0.0125664 0.0134260 0.0113116 0.0092354 0.0158895 0.0064107 0.0090863 0.0080698 0.0028212 0.0056095 0.0089009 0.0061609 0.0119818 0.0012797 0.0106597 0.0041192 0.0088560 0.0125640 0.0053412 0.0073859 0.0030583 0.0052339 0.0081671 0.0029029 0.0016597 0.0066997 0.0084090 0.0088799 0.0060989 0.0067014 0.0073299 0.0103938 0.0115735 0.0016804 0.0073773 0.0059870 0.0031465 0.0037029 0.0049105 0.0061525 0.0077933 0.0057187 0.0073763 0.0082324 0.0037810 0.0037962 0.0064415 0.0016623 0.0026298 0.0029598 0.0058951 0.0024737 0.0096597 0.0037210 0.0044088 0.0041924 0.0037512 0.0084266 0.0032268 0.0045248 0.0016305 0.0074240 0.0038682 0.0154366 0.0079696 0.0121328 0.0097477 0.0198339 0.0115227 0.0068691 0.0062425 0.0027607 0.0023200 0.0049720 0.0053882 0.0055730 0.0082520 0.0123184 0.0198245 0.0132215 0.0154864 0.0104736 0.0097566 0.0061202 0.0135478 0.0122919 0.0101612 0.0034443 0.0007864 0.0019368 0.0036724 0.0041796 0.0059917 0.0053240 0.0036390 0.0015816 0.0031876 0.0012792 0.0015414 0.0016340 0.0004291 0.0020683 0.0016534 0.0019858 0.0021826 0.0025636 0.0044717 0.0003303 0.0006896 0.0023730 0.0003484 0.0047079 0.0003143 0.2521587 0.8996856 0.8591329 0.5281510 2.2288178
656097.0000000 0.9620049 0.6159363 0.5247957 0.3255754 8.4853473 1.7614689 9.3589004 0.2045849 0.8863742 0.3582850 0.0068054 4.5859727 2.6987950 5.8404235 0.4331427 0.9547392 0.3429696 0.0317146 3.7915589 7.1077588 1.5414550 0.0022614 0.5485602 0.0037578 0.7880649 0.2000000 4.8220619 0.1032278 5.8315926 0.7604235 0.0100000 0.0462623 9.3409276 5.4584689 7.0311379 0.1759128 28.5938869 4.0000000 1.1029595 4.0000000 1.7811917 2.1593404 0.6445486 3.1032124 1.3006034 2.1952213 6.6122348 4.1710576 0.9673418 0.7960428 8.2482689 -0.4004276 7.7439491 2.1864981 2.2413352 4.2802070 3.9198824 4.4229630 3.1680395 6.2570280 1.6627971 12.5165435 2.5237584 0.3900000 1.0000000 1.9000000 1.4400000 0.8869169 0.0000000 0.9120949 0.0204635 0.0118655 0.0100795 0.0073698 0.0041655 0.0148194 0.0106382 0.0098614 0.0037476 0.0068014 0.0073593 0.0149939 0.0130778 0.0136583 0.0114669 0.0089618 0.0156406 0.0063310 0.0090417 0.0082948 0.0026257 0.0057226 0.0088740 0.0066594 0.0120192 0.0007956 0.0111282 0.0037345 0.0087498 0.0119412 0.0050483 0.0072481 0.0031861 0.0054347 0.0080888 0.0027258 0.0018181 0.0067618 0.0080122 0.0088844 0.0058839 0.0065296 0.0072103 0.0100145 0.0116758 0.0020919 0.0068540 0.0058633 0.0035828 0.0037409 0.0050587 0.0060228 0.0083931 0.0056061 0.0076370 0.0078823 0.0037022 0.0035127 0.0063117 0.0016067 0.0027920 0.0026972 0.0056395 0.0025463 0.0097024 0.0034252 0.0039797 0.0042375 0.0038796 0.0084623 0.0029959 0.0045646 0.0018458 0.0077754 0.0037835 0.0147168 0.0074240 0.0120554 0.0098075 0.0195570 0.0119390 0.0065295 0.0066674 0.0030599 0.0026300 0.0055299 0.0052092 0.0060857 0.0085844 0.0126743 0.0196706 0.0129708 0.0155573 0.0103641 0.0092737 0.0066681 0.0137001 0.0118881 0.0100118 0.0040001 0.0005708 0.0021718 0.0036174 0.0039782 0.0060160 0.0054344 0.0036436 0.0015898 0.0031970 0.0011681 0.0015492 0.0016245 0.0002440 0.0019063 0.0015391 0.0019174 0.0021404 0.0025691 0.0045238 0.0002138 0.0005172 0.0023544 0.0003087 0.0047010 0.0004867 0.2523182 0.8977129 0.8618070 0.5102577 2.1670360
662107.0000000 0.9615247 0.5967830 0.5301931 0.3155119 8.2837684 1.3782959 9.4686877 0.1906465 0.8926967 0.3614801 0.0070470 4.3893685 2.4056889 5.7845033 0.4275849 0.9674097 0.3436747 0.0323343 3.7187760 6.8465608 1.7780183 0.0021778 0.5425013 0.0035831 0.7922180 0.3979629 4.7541229 0.1348597 6.3830183 0.7482066 0.0100000 0.0474534 9.2623624 5.5981963 6.8823844 0.1582576 28.2205019 4.0000000 1.1046373 4.0000000 1.7903096 2.1953184 0.6323689 3.1089209 1.3711112 2.2303896 6.5911889 4.1065590 1.0674219 0.7923478 8.1592259 -0.3924920 7.9068348 2.2617387 2.2247118 4.1910412 4.1063533 4.2615641 3.1690163 6.2642551 1.6977194 12.4168673 2.4802461 0.3900000 1.0000000 1.9000000 1.4400000 0.8860763 0.0000000 0.9125383 0.0203868 0.0116414 0.0101825 0.0074756 0.0044390 0.0141985 0.0104100 0.0099370 0.0039472 0.0067171 0.0075856 0.0147068 0.0132667 0.0135543 0.0116876 0.0090029 0.0157255 0.0062544 0.0091079 0.0081518 0.0029034 0.0054379 0.0088620 0.0065766 0.0119167 0.0009540 0.0112590 0.0039463 0.0085893 0.0122814 0.0052489 0.0069301 0.0034416 0.0055156 0.0079650 0.0030389 0.0020298 0.0067654 0.0077165 0.0087640 0.0059378 0.0068931 0.0070100 0.0099282 0.0116758 0.0020010 0.0070142 0.0057658 0.0036106 0.0038266 0.0053995 0.0061011 0.0084867 0.0056343 0.0074199 0.0079639 0.0037251 0.0035329 0.0063088 0.0016512 0.0026109 0.0028040 0.0055488 0.0022073 0.0097319 0.0037147 0.0040523 0.0044730 0.0039879 0.0083912 0.0031490 0.0047208 0.0019267 0.0076589 0.0038780 0.0149630 0.0074994 0.0118344 0.0098874 0.0197930 0.0115688 0.0066261 0.0069212 0.0028229 0.0026930 0.0055398 0.0051484 0.0052811 0.0079438 0.0119514 0.0200785 0.0126877 0.0154368 0.0105107 0.0097792 0.0064271 0.0133524 0.0121414 0.0101916 0.0043052 0.0007972 0.0021214 0.0035407 0.0039747 0.0059859 0.0053108 0.0034865 0.0017134 0.0031417 0.0011741 0.0015989 0.0017103 0.0002488 0.0017770 0.0016376 0.0019468 0.0020847 0.0026110 0.0044953 0.0002138 0.0004677 0.0022865 0.0002790 0.0047056 0.0003913 0.2511741 0.8990245 0.8598094 0.5054750 2.2155416
662114.0000000 0.9625276 0.6124951 0.5268127 0.3038765 8.0399987 1.6538110 9.4030855 0.2106333 0.9009165 0.3433176 0.0069052 4.2541523 2.3941528 5.8642336 0.4282000 0.9593035 0.3261411 0.0320975 3.9706185 6.6988174 1.7072645 0.0020561 0.5424362 0.0036476 0.7984252 0.3974983 5.0779334 0.0753093 6.2618365 0.7510331 0.0122338 0.0409236 9.5407104 5.1293456 6.3873060 0.1863006 29.3777002 4.0000000 1.1023209 4.0000000 1.7961124 2.2053435 0.6293131 3.0424125 1.3717637 2.2990599 6.8067896 4.2728745 1.0425074 0.8007545 8.3202710 -0.3915533 7.4292458 2.3537896 2.2452707 4.1972507 4.0536573 4.1719110 3.1700000 6.2766256 1.6940370 12.3642587 2.4758722 0.3900000 1.0000000 1.9000000 1.4400000 0.8839889 0.0000000 0.9143665 0.0195393 0.0111554 0.0102568 0.0074811 0.0046804 0.0147214 0.0108689 0.0096008 0.0032727 0.0068306 0.0070183 0.0147380 0.0130885 0.0135759 0.0100899 0.0094138 0.0158701 0.0061441 0.0086155 0.0085510 0.0030656 0.0049728 0.0091126 0.0064530 0.0125809 0.0015290 0.0112880 0.0038800 0.0085822 0.0125686 0.0054892 0.0071766 0.0034160 0.0053323 0.0077363 0.0028128 0.0016597 0.0064905 0.0075816 0.0083140 0.0060091 0.0071530 0.0069705 0.0102577 0.0116758 0.0019399 0.0072729 0.0058977 0.0035529 0.0037520 0.0047348 0.0062311 0.0081054 0.0058359 0.0075376 0.0081610 0.0036677 0.0036338 0.0063655 0.0018381 0.0028199 0.0027818 0.0056439 0.0023950 0.0096835 0.0032917 0.0042410 0.0043481 0.0039838 0.0085916 0.0030146 0.0044269 0.0018181 0.0078717 0.0039146 0.0151148 0.0073384 0.0120565 0.0104146 0.0203080 0.0121690 0.0068436 0.0069252 0.0032302 0.0023785 0.0053758 0.0052782 0.0061158 0.0082360 0.0127489 0.0200612 0.0127574 0.0154874 0.0108217 0.0093821 0.0062898 0.0131337 0.0114339 0.0094486 0.0040959 0.0005566 0.0021013 0.0037076 0.0038412 0.0059302 0.0053052 0.0037047 0.0016084 0.0030894 0.0011119 0.0016494 0.0017987 0.0002440 0.0019311 0.0016878 0.0018146 0.0021154 0.0024031 0.0045487 0.0002958 0.0006638 0.0024250 0.0002167 0.0047895 0.0005173 0.2543476 0.8965936 0.8603309 0.5068641 2.3823181
662177.0000000 0.9614478 0.6151318 0.5371748 0.2909244 8.3860580 1.4798403 9.3888887 0.1953610 0.8962691 0.3431948 0.0069482 4.2817667 2.5056088 5.5779366 0.4364547 0.9758924 0.3429337 0.0333973 3.5997600 6.8202072 1.8258225 0.0022465 0.5480853 0.0037749 0.7893680 0.4687345 4.7748680 0.0996106 6.0598374 0.7647036 0.0114394 0.0407160 9.3751961 5.5174753 6.8719928 0.1758445 31.1729898 4.0000000 1.1079803 4.0000000 1.7915909 2.1620997 0.6361742 3.0203314 1.3498903 2.2109684 6.7886338 4.1237146 0.9382406 0.7875822 8.1791264 -0.4000435 7.7301073 2.0650778 2.1495092 4.2378616 4.1507909 4.4800926 3.1700000 6.2676205 1.7152441 12.4670672 2.5158190 0.3900000 1.0000000 1.9000000 1.4400000 0.8856650 0.0000000 0.9130270 0.0205697 0.0117134 0.0106250 0.0076579 0.0043481 0.0149086 0.0107927 0.0096986 0.0036429 0.0069325 0.0073344 0.0149752 0.0130781 0.0137375 0.0110623 0.0092835 0.0153209 0.0061471 0.0089366 0.0078729 0.0031701 0.0058395 0.0089216 0.0066359 0.0124749 0.0007192 0.0108086 0.0039768 0.0083447 0.0127333 0.0049420 0.0070698 0.0031740 0.0052174 0.0077766 0.0025465 0.0018059 0.0066136 0.0080531 0.0084683 0.0059551 0.0068469 0.0070309 0.0101355 0.0114178 0.0018563 0.0068769 0.0056893 0.0035526 0.0039972 0.0052500 0.0061796 0.0081544 0.0058962 0.0073261 0.0079782 0.0037168 0.0035972 0.0063147 0.0018653 0.0027665 0.0026267 0.0055097 0.0023511 0.0095521 0.0033274 0.0039768 0.0043074 0.0040719 0.0083988 0.0030449 0.0044720 0.0019564 0.0077964 0.0037756 0.0145277 0.0075471 0.0121881 0.0105419 0.0202074 0.0116198 0.0069711 0.0066915 0.0026312 0.0021959 0.0052720 0.0056842 0.0061226 0.0079474 0.0125090 0.0197035 0.0127388 0.0153528 0.0101528 0.0096448 0.0065442 0.0138085 0.0119048 0.0100648 0.0039825 0.0006316 0.0020034 0.0035688 0.0040360 0.0059808 0.0053094 0.0034938 0.0016396 0.0029909 0.0012084 0.0015330 0.0017930 0.0002887 0.0019056 0.0016308 0.0018474 0.0022502 0.0026469 0.0044671 0.0002353 0.0006363 0.0023818 0.0002517 0.0047882 0.0005094 0.2503276 0.8987017 0.8592724 0.5215416 2.2174572
645871.0000000 0.9628628 0.6199751 0.5354935 0.3456866 7.6228385 1.8573520 9.0810614 0.1847756 0.8717607 0.3592110 0.0072674 4.4381767 2.6027269 5.7317591 0.4467287 0.9809904 0.3389875 0.0317249 3.9887320 7.3898078 1.8238995 0.0021947 0.5748189 0.0039137 0.7985211 0.2000000 4.6541699 0.2731069 5.7167178 0.7526943 0.0100000 0.0499511 9.3861009 5.6561929 6.7290088 0.1716701 26.3860595 4.0000000 1.1294020 4.0000000 1.8580643 2.3201763 0.4957530 3.0677634 1.3204305 2.3297811 6.6153463 4.3723797 1.0567362 0.8359732 8.1206137 -0.4073163 7.8177966 2.0340568 1.9352256 3.9211816 4.1225561 4.2667316 3.1685725 6.2554514 1.7110844 12.5185220 2.4751227 0.3900000 1.0000000 1.9000000 1.4400000 0.8906403 0.0000000 0.9121799 0.0214897 0.0107224 0.0109127 0.0080078 0.0049826 0.0138623 0.0108102 0.0094104 0.0037681 0.0075809 0.0072048 0.0151852 0.0131810 0.0141674 0.0099594 0.0085313 0.0155308 0.0069276 0.0087949 0.0070051 0.0032261 0.0048266 0.0098317 0.0068421 0.0134577 0.0014941 0.0108139 0.0040197 0.0089406 0.0119458 0.0059764 0.0068965 0.0033328 0.0057304 0.0085973 0.0025434 0.0019284 0.0071788 0.0082827 0.0085012 0.0060997 0.0061794 0.0065953 0.0106785 0.0115929 0.0020707 0.0068996 0.0060265 0.0027324 0.0036585 0.0053240 0.0062905 0.0083520 0.0056683 0.0083050 0.0077514 0.0038337 0.0034504 0.0060619 0.0013466 0.0025766 0.0029528 0.0058253 0.0025871 0.0089755 0.0034842 0.0037833 0.0043063 0.0037506 0.0084825 0.0032842 0.0047341 0.0023088 0.0075780 0.0044865 0.0142744 0.0073323 0.0124792 0.0105255 0.0197854 0.0113708 0.0057130 0.0075976 0.0029233 0.0028786 0.0051717 0.0047422 0.0055392 0.0071839 0.0122267 0.0202084 0.0133682 0.0148804 0.0105667 0.0101760 0.0065361 0.0134109 0.0120115 0.0101791 0.0039084 0.0009652 0.0020662 0.0038497 0.0038725 0.0059365 0.0053099 0.0037617 0.0016515 0.0031516 0.0012294 0.0015443 0.0017159 0.0002830 0.0020436 0.0016334 0.0019842 0.0019248 0.0026007 0.0045092 0.0004386 0.0003874 0.0025469 0.0003357 0.0047177 0.0005943 0.2501968 0.8977403 0.8527538 0.4948106 2.2677566
668368.0000000 0.9608682 0.5847009 0.5332166 0.2824017 7.4971547 1.4367453 9.3406900 0.1937870 0.8857411 0.3614647 0.0069854 4.5015431 2.5231844 5.8437115 0.4530664 0.9774387 0.3368873 0.0314940 3.6444636 6.8228099 1.5720716 0.0021411 0.5524903 0.0035256 0.7972891 0.2161012 4.7436029 0.1787413 6.4870436 0.7666042 0.0113396 0.0300086 9.4680364 5.7281281 6.5856341 0.1810552 29.5361423 4.0000000 1.1046804 4.0000000 1.7305961 2.2456777 0.6273840 3.2548945 1.2505864 2.3634803 6.5869464 4.2745143 0.9328640 0.8060383 8.0944637 -0.3887898 7.4621274 2.0717467 2.2079976 3.8830286 4.0660150 4.3001744 3.1672475 6.2771818 1.6717048 12.4410339 2.5407676 0.3900000 1.0000000 1.9000000 1.4400000 0.8869657 0.0000000 0.9136148 0.0213487 0.0116454 0.0104539 0.0075818 0.0050476 0.0143114 0.0109799 0.0096945 0.0040726 0.0067599 0.0070860 0.0148170 0.0128338 0.0135865 0.0111901 0.0093006 0.0154223 0.0062478 0.0088208 0.0082227 0.0030455 0.0055377 0.0087881 0.0061467 0.0125029 0.0010668 0.0108825 0.0041325 0.0088516 0.0125773 0.0054586 0.0073893 0.0032068 0.0053787 0.0080208 0.0028255 0.0018047 0.0063114 0.0082421 0.0084490 0.0061636 0.0069958 0.0071444 0.0101714 0.0114246 0.0018360 0.0073289 0.0059503 0.0032170 0.0039396 0.0047440 0.0060190 0.0079879 0.0058930 0.0077128 0.0080505 0.0037543 0.0035366 0.0064651 0.0017344 0.0025488 0.0028822 0.0056884 0.0023089 0.0097772 0.0036011 0.0041967 0.0041242 0.0036995 0.0086340 0.0031768 0.0044728 0.0018306 0.0077362 0.0037704 0.0150201 0.0080286 0.0122165 0.0095300 0.0199702 0.0122543 0.0068594 0.0063049 0.0026465 0.0025239 0.0048835 0.0053400 0.0055861 0.0080374 0.0124887 0.0199791 0.0129857 0.0153644 0.0105003 0.0098423 0.0059925 0.0138744 0.0119428 0.0097071 0.0035053 0.0007475 0.0020612 0.0036046 0.0041115 0.0059104 0.0052948 0.0036326 0.0015522 0.0031088 0.0012211 0.0015793 0.0016635 0.0002548 0.0020674 0.0017197 0.0018126 0.0020971 0.0026779 0.0045896 0.0003976 0.0007490 0.0023254 0.0003247 0.0047654 0.0003709 0.2517639 0.8986435 0.8601419 0.5079567 2.2777252
656471.0000000 0.9608597 0.6045682 0.5426271 0.3251012 7.8781978 2.1621071 9.4994019 0.1986452 0.8643161 0.3772708 0.0070563 4.6587613 3.0882913 5.2309390 0.4429264 0.9586122 0.3685088 0.0340044 4.1450614 7.3307670 1.4638374 0.0022925 0.5529209 0.0037625 0.8157420 0.3243714 4.6687617 0.1572002 6.0721881 0.7506732 0.0109470 0.0464211 9.2752477 4.9976535 7.0728644 0.1520432 28.2904263 4.0000000 1.1319517 4.0000000 1.9385656 2.1599849 0.5909750 3.0002530 1.3912721 2.3830873 6.9181697 4.2497415 0.9045257 0.8108156 7.9569737 -0.4119260 7.5336232 2.2133460 1.9369927 3.5951777 4.2208829 4.2069484 3.1675012 6.2520226 1.7222027 13.0435361 2.5270141 0.3900000 1.0000000 1.9000000 1.4400000 0.8929464 0.0000000 0.9125859 0.0202077 0.0107534 0.0108059 0.0077925 0.0046095 0.0136803 0.0104149 0.0096728 0.0032949 0.0071463 0.0081453 0.0154709 0.0137573 0.0144365 0.0107586 0.0088445 0.0149535 0.0055382 0.0092399 0.0073939 0.0036968 0.0053753 0.0091974 0.0059961 0.0118950 0.0007192 0.0111969 0.0032905 0.0090638 0.0122884 0.0052147 0.0069518 0.0030294 0.0058585 0.0082243 0.0026614 0.0018536 0.0068186 0.0083066 0.0083531 0.0059071 0.0057943 0.0070011 0.0099896 0.0115859 0.0018206 0.0065039 0.0054871 0.0034759 0.0038439 0.0055848 0.0056020 0.0079830 0.0054866 0.0078419 0.0078912 0.0039744 0.0038667 0.0058729 0.0013847 0.0025661 0.0026868 0.0058950 0.0025460 0.0090116 0.0033045 0.0035663 0.0038113 0.0041131 0.0087017 0.0032279 0.0043616 0.0021877 0.0077269 0.0041649 0.0145191 0.0069113 0.0116717 0.0099816 0.0189248 0.0119879 0.0059330 0.0070591 0.0032588 0.0025917 0.0059337 0.0046814 0.0051512 0.0078865 0.0119985 0.0207413 0.0133853 0.0150260 0.0103637 0.0093698 0.0062963 0.0131827 0.0126474 0.0107800 0.0035100 0.0006818 0.0018976 0.0039959 0.0037611 0.0059352 0.0052165 0.0038724 0.0017390 0.0032053 0.0011329 0.0014327 0.0017616 0.0003510 0.0020023 0.0016981 0.0022122 0.0020384 0.0026941 0.0046150 0.0002204 0.0002904 0.0025354 0.0003920 0.0046474 0.0005266 0.2513144 0.8956059 0.8633740 0.5288235 2.3091900
662406.0000000 0.9614184 0.6125216 0.5362650 0.3011092 8.5700080 1.3292093 9.4139660 0.1882922 0.9014588 0.3503279 0.0068405 4.3579844 2.6575108 5.5656802 0.4284893 0.9726510 0.3490711 0.0333794 3.7594981 6.8181408 1.9315258 0.0021873 0.5408667 0.0037586 0.7909614 0.3864904 4.7987124 0.0714222 5.9616138 0.7657538 0.0105596 0.0457121 9.3094260 5.3970982 6.9945938 0.1742456 30.3075005 4.0000000 1.1040262 4.0000000 1.7650477 2.1469005 0.6045233 2.9890176 1.3759826 2.1855939 6.7623944 4.1986285 0.9078972 0.7676184 8.2645707 -0.3933840 7.7122505 2.1686810 2.0936705 4.1148124 4.0643780 4.5290347 3.1700000 6.2695003 1.7315953 12.5831257 2.5112037 0.3900000 1.0000000 1.9000000 1.4400000 0.8851628 0.0000000 0.9129415 0.0205337 0.0116275 0.0104123 0.0078701 0.0038885 0.0153154 0.0107092 0.0097508 0.0034579 0.0068765 0.0073374 0.0148466 0.0130188 0.0135081 0.0113156 0.0092370 0.0152215 0.0065320 0.0090263 0.0081141 0.0030290 0.0057968 0.0088484 0.0064742 0.0122738 0.0009623 0.0109409 0.0038570 0.0084865 0.0127455 0.0052112 0.0069698 0.0031362 0.0052174 0.0077107 0.0025290 0.0019987 0.0065703 0.0080244 0.0083014 0.0058622 0.0068014 0.0073020 0.0102650 0.0113287 0.0020265 0.0067941 0.0058131 0.0036501 0.0039929 0.0052627 0.0061222 0.0083333 0.0058884 0.0075835 0.0079510 0.0035372 0.0036168 0.0063827 0.0018768 0.0028416 0.0027239 0.0055891 0.0023932 0.0093219 0.0034330 0.0038590 0.0041102 0.0040159 0.0084477 0.0031472 0.0045207 0.0019401 0.0078926 0.0039240 0.0142087 0.0075435 0.0125156 0.0102634 0.0200467 0.0114052 0.0070322 0.0064663 0.0027161 0.0022511 0.0052040 0.0055779 0.0061949 0.0081458 0.0129036 0.0197610 0.0125435 0.0154455 0.0100330 0.0094372 0.0064183 0.0137627 0.0117892 0.0096637 0.0037075 0.0007505 0.0019896 0.0036214 0.0040453 0.0060050 0.0053101 0.0035121 0.0017140 0.0030200 0.0011711 0.0015620 0.0017502 0.0003293 0.0018194 0.0016516 0.0018447 0.0022441 0.0025752 0.0043846 0.0002820 0.0006979 0.0023336 0.0002061 0.0047895 0.0005102 0.2504571 0.8987538 0.8594757 0.5345087 2.1419629
662513.0000000 0.9615941 0.5947943 0.5400955 0.2891247 8.3332231 1.4157245 9.4851838 0.1922190 0.8845763 0.3578606 0.0067794 4.6902316 2.4798795 5.8954757 0.4483245 0.9710023 0.3445326 0.0324150 3.6806797 6.8506000 1.7453899 0.0022256 0.5600984 0.0036837 0.8030162 0.4493778 4.7161945 0.2194889 6.5353162 0.7668897 0.0115803 0.0551184 9.2825605 5.5214775 6.8571494 0.1627035 29.9784484 4.0000000 1.1051082 4.0000000 1.7984958 2.1984286 0.6311012 3.0993220 1.3621029 2.3082660 6.5879195 4.1692974 1.0077192 0.8396753 8.1527161 -0.4016637 7.6774552 2.1795995 2.4059130 4.1396513 3.8956479 4.3876954 3.1634126 6.2727476 1.6844207 12.4074254 2.5129204 0.3900000 1.0000000 1.9000000 1.4400000 0.8859669 0.0000000 0.9127466 0.0205586 0.0112627 0.0104099 0.0076694 0.0041944 0.0147605 0.0106154 0.0100433 0.0039238 0.0069059 0.0073644 0.0146991 0.0131207 0.0136055 0.0112043 0.0091401 0.0152323 0.0065549 0.0087724 0.0083254 0.0025407 0.0055951 0.0087615 0.0067743 0.0123054 0.0007875 0.0109197 0.0035848 0.0086167 0.0122941 0.0051706 0.0072113 0.0034574 0.0052537 0.0078406 0.0028126 0.0018012 0.0068625 0.0081302 0.0084438 0.0059548 0.0067907 0.0071622 0.0099144 0.0116758 0.0019173 0.0071205 0.0060918 0.0033557 0.0042116 0.0047019 0.0064518 0.0080973 0.0057302 0.0076501 0.0078871 0.0036636 0.0034824 0.0062971 0.0017833 0.0027412 0.0028093 0.0056858 0.0023431 0.0097503 0.0034144 0.0039726 0.0043107 0.0038075 0.0084288 0.0030669 0.0044935 0.0018271 0.0077524 0.0040183 0.0151722 0.0081487 0.0123900 0.0095609 0.0196755 0.0119451 0.0067474 0.0065603 0.0026396 0.0025091 0.0053832 0.0054167 0.0055921 0.0078275 0.0127763 0.0197141 0.0128812 0.0157538 0.0104671 0.0096675 0.0063311 0.0138381 0.0117261 0.0096886 0.0043142 0.0007167 0.0019929 0.0035105 0.0039936 0.0060020 0.0052002 0.0036269 0.0016167 0.0031661 0.0011772 0.0015978 0.0017045 0.0002620 0.0020500 0.0015741 0.0017452 0.0021071 0.0025370 0.0046457 0.0002138 0.0006152 0.0023722 0.0003557 0.0046985 0.0005184 0.2504299 0.8986140 0.8600864 0.5112316 2.3840818
651811.0000000 0.9605470 0.5957369 0.5387905 0.2988458 8.0946139 1.4124542 9.5327087 0.1781216 0.8893586 0.3578050 0.0068682 4.3531755 2.6044802 5.9641490 0.4273151 0.9702099 0.3428030 0.0314008 3.7530302 6.7681012 1.8295550 0.0022776 0.5455487 0.0036470 0.7991715 0.2620688 4.5331665 0.0844415 6.1960996 0.7628136 0.0104329 0.0550332 9.4440922 5.5275566 6.7449596 0.1894882 30.7529178 4.0000000 1.0996363 4.0000000 1.8233224 2.1564645 0.6457317 3.1997844 1.3345299 2.2098643 6.6708164 4.1045776 1.0104884 0.8013409 8.1803089 -0.3988550 7.8076975 2.3221284 2.2354569 4.1605660 4.0036659 4.4236487 3.1700000 6.2704955 1.7398015 12.4680463 2.5001782 0.3900000 1.0000000 1.9000000 1.4400000 0.8858134 0.0000000 0.9135212 0.0205151 0.0112163 0.0104661 0.0074885 0.0045598 0.0145529 0.0106052 0.0097516 0.0040195 0.0065697 0.0071691 0.0149522 0.0133473 0.0133369 0.0106548 0.0088753 0.0157276 0.0063631 0.0088953 0.0081224 0.0030249 0.0056518 0.0089081 0.0067040 0.0118146 0.0007192 0.0109290 0.0035506 0.0082696 0.0122572 0.0051947 0.0070582 0.0031755 0.0052478 0.0079465 0.0027940 0.0018177 0.0063693 0.0080887 0.0084502 0.0059609 0.0066521 0.0070531 0.0101809 0.0115485 0.0018973 0.0070640 0.0060848 0.0035108 0.0036005 0.0052491 0.0061325 0.0082277 0.0056992 0.0078022 0.0080259 0.0037485 0.0035959 0.0062822 0.0016351 0.0026775 0.0026899 0.0057345 0.0024846 0.0094041 0.0036184 0.0040228 0.0044158 0.0039095 0.0083815 0.0030957 0.0045756 0.0019398 0.0078450 0.0037224 0.0146539 0.0078187 0.0119157 0.0097621 0.0200678 0.0113972 0.0067547 0.0065273 0.0027957 0.0024938 0.0057503 0.0054392 0.0057537 0.0085234 0.0122256 0.0198127 0.0125957 0.0151591 0.0102282 0.0098578 0.0065749 0.0138191 0.0121128 0.0098382 0.0043721 0.0007678 0.0021265 0.0035138 0.0039345 0.0059741 0.0053733 0.0035626 0.0016075 0.0030547 0.0012396 0.0015680 0.0016851 0.0002440 0.0018390 0.0015684 0.0018029 0.0021255 0.0026475 0.0045816 0.0003082 0.0005785 0.0023933 0.0002163 0.0047895 0.0005364 0.2513050 0.8988551 0.8575094 0.5004903 2.3604352
656707.0000000 0.9618518 0.6007061 0.5234565 0.3140228 8.4888056 1.4864604 9.3475997 0.1818893 0.8941054 0.3627779 0.0067743 4.5424145 2.7967731 5.8746332 0.4367600 0.9659456 0.3325035 0.0312775 3.6999743 6.8565330 1.7571219 0.0023763 0.5533167 0.0036615 0.7990676 0.2101731 4.7043432 0.2428764 6.3338178 0.7571013 0.0100000 0.0478557 9.3570218 5.5943384 6.8396885 0.1760643 30.5459207 4.0000000 1.1103230 4.0000000 1.7827654 2.1383338 0.6656454 3.1386681 1.3373153 2.2767620 6.7230775 4.2412488 1.0142050 0.8169275 8.2341708 -0.4104051 7.6498164 2.0942661 2.1159592 4.0923305 3.9056714 4.3290544 3.1677989 6.2740884 1.7048569 12.5602355 2.4668699 0.3900000 1.0000000 1.9000000 1.4400000 0.8858223 0.0000000 0.9134141 0.0211738 0.0116081 0.0103768 0.0074229 0.0040445 0.0150325 0.0108371 0.0097340 0.0037482 0.0069235 0.0073423 0.0146208 0.0128628 0.0138499 0.0112534 0.0092030 0.0156890 0.0062835 0.0090311 0.0084700 0.0028513 0.0057400 0.0086469 0.0063490 0.0117967 0.0010738 0.0110714 0.0036201 0.0082237 0.0123924 0.0051270 0.0070866 0.0033080 0.0053520 0.0080191 0.0027402 0.0016597 0.0068408 0.0080753 0.0083196 0.0060033 0.0068680 0.0071750 0.0100147 0.0115829 0.0020501 0.0068793 0.0059014 0.0038478 0.0036207 0.0053620 0.0063604 0.0081119 0.0057978 0.0075874 0.0079800 0.0037139 0.0035098 0.0061904 0.0018245 0.0027041 0.0027308 0.0057247 0.0021856 0.0096189 0.0034653 0.0038526 0.0043013 0.0040094 0.0084597 0.0032802 0.0045478 0.0019253 0.0076981 0.0037874 0.0152146 0.0078053 0.0121058 0.0098207 0.0201670 0.0119296 0.0066602 0.0068325 0.0026006 0.0025746 0.0054422 0.0054471 0.0056576 0.0083250 0.0122973 0.0199484 0.0128659 0.0155783 0.0102795 0.0095212 0.0064615 0.0135691 0.0118942 0.0098373 0.0037709 0.0007596 0.0021249 0.0036961 0.0040725 0.0060148 0.0053406 0.0035303 0.0015752 0.0031084 0.0012614 0.0015336 0.0017091 0.0002576 0.0019460 0.0016725 0.0018582 0.0021286 0.0025850 0.0046083 0.0002395 0.0005268 0.0023197 0.0002060 0.0047361 0.0004572 0.2527831 0.8986415 0.8579970 0.5171143 2.2159464
668772.0000000 0.9618735 0.5806439 0.5285042 0.2816320 7.7712956 1.3109154 9.3360644 0.1899702 0.8944627 0.3644508 0.0069708 4.4953176 2.5320445 5.6844899 0.4427020 0.9642247 0.3239251 0.0315201 3.7666653 6.5978549 1.5986579 0.0022542 0.5541583 0.0035411 0.8011899 0.2621687 4.5448771 0.1259192 5.8875492 0.7623537 0.0100000 0.0335111 9.2733840 5.7872631 6.4975831 0.1760135 29.2251066 4.0000000 1.1024784 4.0000000 1.7762985 2.1933570 0.6125496 3.2128275 1.2506377 2.3589689 6.5914161 4.2595393 0.9198255 0.8296628 8.1982972 -0.3871403 7.5399900 2.0690414 2.2582751 3.8674067 4.0067146 4.1270551 3.1637000 6.2717875 1.6458291 12.4830342 2.5570732 0.3900000 1.0000000 1.9000000 1.4400000 0.8867397 0.0000000 0.9143989 0.0207028 0.0116146 0.0105507 0.0075021 0.0050064 0.0144921 0.0109418 0.0098716 0.0039566 0.0066141 0.0069088 0.0146398 0.0129274 0.0135012 0.0113807 0.0094928 0.0154690 0.0063625 0.0091107 0.0080917 0.0029986 0.0057862 0.0089540 0.0061864 0.0124070 0.0008634 0.0105079 0.0039124 0.0089203 0.0124350 0.0054116 0.0073804 0.0030561 0.0052520 0.0080259 0.0029176 0.0018828 0.0064479 0.0083418 0.0086108 0.0062804 0.0068592 0.0070866 0.0100799 0.0114999 0.0018213 0.0073486 0.0060346 0.0030925 0.0040028 0.0048003 0.0062113 0.0078971 0.0058734 0.0076396 0.0080065 0.0038639 0.0036961 0.0064442 0.0018552 0.0025132 0.0029991 0.0056945 0.0023218 0.0098981 0.0034927 0.0042431 0.0040743 0.0037941 0.0084575 0.0031829 0.0044606 0.0017911 0.0075127 0.0038627 0.0151689 0.0073717 0.0123617 0.0096813 0.0200827 0.0117261 0.0067772 0.0060241 0.0026427 0.0026621 0.0049657 0.0051995 0.0057057 0.0082110 0.0123609 0.0199939 0.0131338 0.0153391 0.0105135 0.0097849 0.0061190 0.0136122 0.0120136 0.0098133 0.0035960 0.0007640 0.0019654 0.0035942 0.0041108 0.0059261 0.0053085 0.0036477 0.0015839 0.0031115 0.0012513 0.0015807 0.0016901 0.0002905 0.0020065 0.0018193 0.0018628 0.0021601 0.0025951 0.0045828 0.0003705 0.0007459 0.0023318 0.0002971 0.0047844 0.0003706 0.2518857 0.8991568 0.8592810 0.5268933 2.2386688
656803.0000000 0.9617099 0.6085508 0.5273899 0.3130307 8.5478899 1.4055479 9.2810967 0.1875101 0.8975184 0.3607509 0.0068640 4.4191067 2.7348872 5.9200438 0.4326139 0.9688048 0.3332916 0.0308066 3.6926769 6.7657501 1.7010806 0.0022765 0.5541924 0.0036057 0.7968739 0.2000000 4.8086820 0.2760110 6.1790477 0.7520711 0.0100000 0.0536854 9.3433351 5.6812001 6.8797251 0.1826083 30.8997528 4.0000000 1.1073495 4.0000000 1.7677480 2.0972346 0.6580057 3.2022857 1.3142187 2.2382719 6.8094654 4.2119699 0.9818721 0.8311349 8.1893582 -0.4113755 7.5627498 2.1306010 2.1685314 4.0213321 3.8842847 4.2848301 3.1665309 6.2794006 1.7148291 12.5157099 2.4481000 0.3900000 1.0000000 1.9000000 1.4400000 0.8863211 0.0000000 0.9130803 0.0211775 0.0113734 0.0103311 0.0075095 0.0042177 0.0152884 0.0109695 0.0095976 0.0036186 0.0068552 0.0072720 0.0145418 0.0129392 0.0136500 0.0113570 0.0093339 0.0158967 0.0064136 0.0091329 0.0086057 0.0027259 0.0056487 0.0085258 0.0062588 0.0119948 0.0013073 0.0111417 0.0035185 0.0082553 0.0125086 0.0051148 0.0069720 0.0033060 0.0052660 0.0080557 0.0027456 0.0017833 0.0069108 0.0081761 0.0082735 0.0060833 0.0067974 0.0071160 0.0101049 0.0116733 0.0019511 0.0067891 0.0058506 0.0037856 0.0035686 0.0052644 0.0063654 0.0081507 0.0059211 0.0074469 0.0080162 0.0036244 0.0035759 0.0061400 0.0017832 0.0027607 0.0028018 0.0056141 0.0021458 0.0095657 0.0033456 0.0038608 0.0043962 0.0040065 0.0085216 0.0033067 0.0044747 0.0018968 0.0077860 0.0036651 0.0150869 0.0080517 0.0120215 0.0096635 0.0202865 0.0121779 0.0065961 0.0068102 0.0026009 0.0025637 0.0053167 0.0056037 0.0057976 0.0082110 0.0123745 0.0201428 0.0128668 0.0156241 0.0101073 0.0094288 0.0063550 0.0135569 0.0118352 0.0098304 0.0037826 0.0008068 0.0021062 0.0037247 0.0040613 0.0059765 0.0052946 0.0035083 0.0015720 0.0030835 0.0012898 0.0014926 0.0016838 0.0002685 0.0018801 0.0016527 0.0018279 0.0021927 0.0026488 0.0045566 0.0002308 0.0005607 0.0023449 0.0001952 0.0047411 0.0004498 0.2533131 0.8985523 0.8570109 0.5276171 2.0767360
668906.0000000 0.9603786 0.5833805 0.5361466 0.2990091 8.4296912 1.3125346 9.4847870 0.1882977 0.8943833 0.3541534 0.0068019 4.4482963 2.7293727 5.7711395 0.4238782 0.9641732 0.3307370 0.0324839 3.6000386 6.9061037 1.8192463 0.0022818 0.5519761 0.0036347 0.7907277 0.2813130 4.6659177 0.0448537 6.1054998 0.7672199 0.0100000 0.0454804 9.1811574 5.7907363 6.5848075 0.1558491 29.7403993 4.0000000 1.1016936 4.0000000 1.7982482 2.1880514 0.6046370 3.1350760 1.3029524 2.2770944 6.6473502 4.1935584 0.9634184 0.8230856 8.2328525 -0.3983405 7.4939769 2.0958367 2.3073848 4.0306983 3.9475700 4.3157259 3.1639468 6.2653970 1.6636349 12.5231532 2.5205947 0.3900000 1.0000000 1.9000000 1.4400000 0.8866420 0.0000000 0.9134293 0.0209380 0.0112717 0.0105965 0.0074573 0.0045576 0.0141489 0.0108546 0.0096446 0.0039152 0.0066371 0.0073406 0.0149082 0.0132325 0.0138379 0.0111074 0.0092084 0.0150997 0.0063526 0.0087442 0.0079256 0.0024682 0.0056774 0.0086878 0.0062499 0.0125180 0.0008871 0.0109779 0.0036820 0.0084282 0.0120699 0.0049532 0.0070986 0.0033054 0.0052217 0.0078548 0.0029811 0.0019002 0.0065721 0.0081854 0.0083950 0.0057676 0.0069693 0.0069443 0.0100724 0.0116758 0.0020821 0.0072048 0.0057870 0.0033761 0.0041585 0.0047443 0.0063189 0.0080339 0.0059262 0.0073283 0.0081041 0.0035611 0.0035752 0.0064975 0.0018473 0.0027666 0.0028180 0.0056200 0.0022053 0.0097545 0.0034716 0.0041637 0.0043183 0.0037972 0.0085104 0.0030928 0.0046120 0.0019541 0.0075660 0.0037905 0.0148506 0.0079227 0.0122711 0.0099225 0.0199028 0.0117751 0.0068423 0.0062787 0.0028342 0.0024638 0.0052195 0.0054352 0.0059816 0.0079988 0.0120513 0.0196759 0.0126691 0.0156400 0.0103675 0.0095684 0.0062763 0.0133315 0.0121942 0.0097492 0.0037484 0.0006603 0.0021877 0.0036941 0.0039581 0.0059623 0.0053610 0.0035660 0.0016336 0.0031992 0.0013381 0.0015168 0.0016273 0.0002440 0.0020030 0.0017446 0.0018281 0.0022019 0.0025697 0.0045127 0.0004022 0.0007239 0.0024690 0.0003316 0.0047895 0.0003965 0.2513457 0.8976825 0.8579022 0.5125097 2.2567110
656901.0000000 0.9593987 0.5955623 0.5294667 0.3189376 8.5371816 1.5092741 9.6269107 0.1899010 0.8935062 0.3562324 0.0068872 4.5401070 2.4698764 6.1034105 0.4353031 0.9531126 0.3452726 0.0308857 3.8281976 6.8244753 1.6708854 0.0020771 0.5656315 0.0037930 0.7884603 0.2000000 4.6993359 0.2221249 6.4385197 0.7460778 0.0100000 0.0504061 9.4166978 5.6905563 6.6592978 0.1500000 29.8670202 4.0000000 1.1018769 4.0000000 1.7725685 2.1169471 0.6396851 3.0076757 1.3594604 2.3355714 6.6296387 4.2925159 1.0656216 0.8337956 8.1630700 -0.3936062 7.7161692 2.2862284 2.1788458 4.3306684 4.1171826 4.3875632 3.1649773 6.2658704 1.7091630 12.4792468 2.5054620 0.3900000 1.0000000 1.9000000 1.4400000 0.8853982 0.0000000 0.9117718 0.0204950 0.0112871 0.0105999 0.0079858 0.0049856 0.0148618 0.0101420 0.0094408 0.0034639 0.0068702 0.0071468 0.0150066 0.0130531 0.0142877 0.0112728 0.0088061 0.0165349 0.0060443 0.0092538 0.0078040 0.0028841 0.0059824 0.0087326 0.0061562 0.0116050 0.0008581 0.0107856 0.0037113 0.0087656 0.0121660 0.0049553 0.0071226 0.0032910 0.0052460 0.0079742 0.0027650 0.0016597 0.0064244 0.0080729 0.0084166 0.0064572 0.0065993 0.0070503 0.0101065 0.0114470 0.0018756 0.0069330 0.0059233 0.0036797 0.0038875 0.0050708 0.0059580 0.0081366 0.0056485 0.0077035 0.0077037 0.0036035 0.0034576 0.0064291 0.0019058 0.0028900 0.0029363 0.0055515 0.0025159 0.0097613 0.0032980 0.0039281 0.0042624 0.0038803 0.0082759 0.0030736 0.0048515 0.0019620 0.0077895 0.0034902 0.0157443 0.0076109 0.0117403 0.0098579 0.0200222 0.0117203 0.0068827 0.0068554 0.0029097 0.0023377 0.0055656 0.0051651 0.0057623 0.0085134 0.0125097 0.0202153 0.0123597 0.0154089 0.0098859 0.0092880 0.0068422 0.0135977 0.0118395 0.0099577 0.0041620 0.0006388 0.0021604 0.0036914 0.0040258 0.0060442 0.0050810 0.0036472 0.0015863 0.0031251 0.0012731 0.0016059 0.0016865 0.0002754 0.0019305 0.0016075 0.0018926 0.0022551 0.0025529 0.0045841 0.0002745 0.0006316 0.0023709 0.0004094 0.0047492 0.0003855 0.2526322 0.8984251 0.8605102 0.5185490 2.2126367
623464.0000000 0.9606571 0.6655829 0.5584674 0.2672624 5.6652449 1.7116298 8.9044933 0.2023074 0.9053915 0.3686906 0.0065227 4.0839487 2.9050482 5.0457612 0.4488926 0.9578663 0.3561909 0.0340395 3.4393070 6.9048627 2.6703603 0.0021187 0.5451878 0.0037594 0.8108741 0.2000000 5.4253021 0.7331317 6.2892670 0.7638244 0.0100000 0.0855534 9.3746034 5.9571245 6.1186726 0.1676531 23.7846948 4.0000000 1.1018022 4.0000000 1.7056294 2.3667818 0.4875036 3.1692725 1.4970204 2.1367215 6.2172991 4.6292819 0.5694856 0.8215392 8.0862888 -0.4150068 7.9704544 2.2894271 1.6376526 3.6117963 3.8245148 4.6946581 3.1677245 6.2868985 1.7651091 12.9010367 2.4053702 0.3900000 1.0000000 1.9000000 1.4400000 0.8867747 0.0000000 0.9099230 0.0215990 0.0123349 0.0103852 0.0074827 0.0062970 0.0135007 0.0104649 0.0092071 0.0030200 0.0066674 0.0076857 0.0128772 0.0141496 0.0156541 0.0127982 0.0087084 0.0149667 0.0066305 0.0085731 0.0082903 0.0038804 0.0061980 0.0088188 0.0088734 0.0152957 0.0009094 0.0090345 0.0042110 0.0082777 0.0106993 0.0060481 0.0061959 0.0035590 0.0060281 0.0083224 0.0033716 0.0029555 0.0087123 0.0081692 0.0093704 0.0056184 0.0082856 0.0067703 0.0109718 0.0110106 0.0029812 0.0060655 0.0053602 0.0038884 0.0039175 0.0051148 0.0070858 0.0071504 0.0064738 0.0069685 0.0097340 0.0044547 0.0037105 0.0063907 0.0015945 0.0027790 0.0028134 0.0055978 0.0035893 0.0089656 0.0043692 0.0034484 0.0048549 0.0048514 0.0081724 0.0037171 0.0036453 0.0024123 0.0074284 0.0034907 0.0130913 0.0077791 0.0126231 0.0109774 0.0210432 0.0113176 0.0052898 0.0072709 0.0027316 0.0038575 0.0052144 0.0056697 0.0054786 0.0079631 0.0131037 0.0182593 0.0137636 0.0151333 0.0083978 0.0090737 0.0058326 0.0133062 0.0116660 0.0105007 0.0044219 0.0001254 0.0029737 0.0035745 0.0041203 0.0060012 0.0055162 0.0038436 0.0015112 0.0028657 0.0011419 0.0013636 0.0017048 0.0006268 0.0018906 0.0024527 0.0016743 0.0015703 0.0024029 0.0043041 0.0005503 0.0006414 0.0022883 0.0003726 0.0042063 0.0010640 0.2535978 0.8992385 0.8619954 0.5255170 2.0481249
663019.0000000 0.9609817 0.6254442 0.5398638 0.2850096 8.3244086 1.8066633 9.4482474 0.1858197 0.8935119 0.3416195 0.0069067 4.4219107 2.4453154 5.7283818 0.4232251 0.9680647 0.3380314 0.0318810 3.6015866 6.8397295 1.5752275 0.0022419 0.5429577 0.0037336 0.7908847 0.2000000 4.5063648 0.1578442 5.9393286 0.7648454 0.0118054 0.0335446 9.2833454 5.4169011 6.7661040 0.1765959 30.2632667 4.0000000 1.0994074 4.0000000 1.8085894 2.1835860 0.6466582 3.0936739 1.2643040 2.2042786 6.7498690 4.3193695 0.9059300 0.8014734 8.1633965 -0.3989791 7.8756545 2.2913268 2.1388412 4.1971459 4.0111247 4.4412659 3.1683459 6.2604592 1.6941789 12.4358436 2.5047399 0.3900000 1.0000000 1.9000000 1.4400000 0.8863658 0.0000000 0.9128719 0.0202889 0.0118516 0.0101948 0.0077676 0.0040600 0.0149603 0.0110022 0.0096745 0.0036734 0.0069217 0.0075320 0.0144381 0.0132190 0.0134351 0.0107248 0.0093396 0.0155028 0.0065876 0.0090240 0.0083079 0.0029345 0.0059638 0.0088023 0.0066507 0.0119038 0.0009181 0.0111835 0.0039020 0.0086568 0.0123086 0.0052933 0.0070044 0.0033151 0.0053846 0.0078844 0.0027782 0.0018954 0.0067951 0.0081371 0.0081556 0.0059717 0.0066830 0.0070469 0.0100228 0.0113255 0.0017983 0.0070690 0.0058980 0.0036251 0.0039610 0.0055744 0.0061133 0.0081013 0.0056620 0.0076636 0.0081115 0.0038336 0.0037209 0.0062663 0.0019193 0.0028144 0.0028231 0.0056727 0.0023456 0.0093773 0.0033687 0.0041917 0.0043182 0.0038350 0.0085034 0.0030182 0.0045337 0.0019142 0.0078326 0.0037666 0.0155767 0.0075558 0.0125086 0.0096858 0.0202217 0.0120870 0.0064209 0.0067165 0.0029582 0.0024112 0.0053194 0.0053776 0.0060892 0.0080622 0.0124359 0.0196084 0.0126630 0.0154945 0.0102247 0.0093670 0.0065738 0.0134699 0.0120068 0.0099747 0.0036532 0.0007078 0.0020243 0.0036641 0.0039661 0.0058547 0.0052970 0.0035832 0.0016688 0.0029872 0.0011847 0.0015104 0.0017435 0.0002981 0.0018029 0.0015915 0.0017896 0.0021701 0.0024503 0.0045574 0.0002138 0.0005699 0.0023302 0.0001952 0.0047374 0.0006032 0.2514744 0.8982052 0.8614367 0.5029220 2.2217170
669103.0000000 0.9602697 0.5747551 0.5249231 0.2887927 8.2748435 1.3247716 9.5114258 0.1864778 0.8943469 0.3600109 0.0069200 4.5537320 2.5947814 5.9238497 0.4345925 0.9655425 0.3258955 0.0330299 3.8056208 6.8103052 1.6109155 0.0022404 0.5569488 0.0036711 0.7922338 0.2000000 4.7180279 0.0869148 6.3161928 0.7696459 0.0100000 0.0452583 9.2625389 5.6544423 6.6231366 0.1787355 28.1679004 4.0000000 1.1048534 4.0000000 1.8190484 2.2720674 0.6080529 3.1585577 1.2764892 2.2701465 6.5950512 4.2075154 0.9962691 0.8299969 8.1221795 -0.3871975 7.5228819 2.0763627 2.2563632 4.0840592 4.0040914 4.2989619 3.1640455 6.2716223 1.6538065 12.4344826 2.5193662 0.3900000 1.0000000 1.9000000 1.4400000 0.8859659 0.0000000 0.9144012 0.0209022 0.0111113 0.0103845 0.0073107 0.0040262 0.0144373 0.0108848 0.0095192 0.0040213 0.0063271 0.0073763 0.0147634 0.0132735 0.0139882 0.0108742 0.0089274 0.0150941 0.0061250 0.0090089 0.0080102 0.0024318 0.0057621 0.0089177 0.0066040 0.0122484 0.0007192 0.0111202 0.0039396 0.0083487 0.0121521 0.0052079 0.0072867 0.0032593 0.0052774 0.0079445 0.0030225 0.0017698 0.0067332 0.0083885 0.0080603 0.0057572 0.0068187 0.0071782 0.0101352 0.0116314 0.0019973 0.0073076 0.0059385 0.0034419 0.0041002 0.0050094 0.0061226 0.0082495 0.0057634 0.0075092 0.0080954 0.0036467 0.0035776 0.0064815 0.0017662 0.0027713 0.0028325 0.0056686 0.0021003 0.0097145 0.0036210 0.0042439 0.0040728 0.0037930 0.0083320 0.0030164 0.0046233 0.0018729 0.0077829 0.0038698 0.0146952 0.0077343 0.0127444 0.0099635 0.0200030 0.0119112 0.0069061 0.0063730 0.0027549 0.0022202 0.0055721 0.0053245 0.0059407 0.0078907 0.0126407 0.0197097 0.0125288 0.0156063 0.0102887 0.0093268 0.0063115 0.0132441 0.0117551 0.0100083 0.0036004 0.0006769 0.0021508 0.0037135 0.0039703 0.0060615 0.0053101 0.0036314 0.0016038 0.0032132 0.0012760 0.0015335 0.0017226 0.0002921 0.0018690 0.0018054 0.0019002 0.0021078 0.0025859 0.0045272 0.0004079 0.0007273 0.0024896 0.0002561 0.0047895 0.0004021 0.2510354 0.8979149 0.8587467 0.5057671 2.2686630
657147.0000000 0.9616328 0.6000812 0.5366937 0.2922920 8.7417320 1.5181717 9.6547641 0.1857117 0.8926035 0.3576778 0.0068911 4.5630666 2.5457189 6.0884144 0.4517050 0.9725932 0.3444029 0.0325900 4.0156327 6.6998069 1.5101978 0.0021426 0.5454794 0.0035871 0.7915783 0.2000000 4.6816371 0.1471319 6.5252958 0.7754258 0.0100000 0.0440112 9.2124591 5.5390856 6.7644253 0.1769705 28.6537079 4.0000000 1.1082857 4.0000000 1.7409097 2.1903460 0.6290515 3.1837643 1.3138258 2.2652928 6.3967049 4.3232104 0.9735212 0.7953872 8.1243840 -0.4088349 7.6359842 2.0735427 2.2967816 4.0900191 3.9720840 4.2888689 3.1607239 6.2658899 1.6499832 12.6036131 2.5001309 0.3900000 1.0000000 1.9000000 1.4400000 0.8861613 0.0000000 0.9127254 0.0203283 0.0108019 0.0102715 0.0074115 0.0046428 0.0146192 0.0104163 0.0099055 0.0039191 0.0070612 0.0075530 0.0147511 0.0132097 0.0137141 0.0113489 0.0092214 0.0154605 0.0062866 0.0089966 0.0080075 0.0025421 0.0054836 0.0085823 0.0067120 0.0122164 0.0009176 0.0107887 0.0035667 0.0082598 0.0122160 0.0050853 0.0071894 0.0031695 0.0052062 0.0080748 0.0030346 0.0018383 0.0066234 0.0081543 0.0081915 0.0058816 0.0069007 0.0069058 0.0099583 0.0116758 0.0018867 0.0069859 0.0060446 0.0034583 0.0039987 0.0050873 0.0063017 0.0081283 0.0058204 0.0072842 0.0081262 0.0037951 0.0035419 0.0063834 0.0017292 0.0027271 0.0028000 0.0056480 0.0023789 0.0098249 0.0034523 0.0041352 0.0043057 0.0039736 0.0085437 0.0030503 0.0044838 0.0017215 0.0074698 0.0036587 0.0151792 0.0078861 0.0121401 0.0096080 0.0195572 0.0119762 0.0064387 0.0063133 0.0026455 0.0025047 0.0054074 0.0052341 0.0060083 0.0075810 0.0122528 0.0194320 0.0123542 0.0154659 0.0100712 0.0096100 0.0064221 0.0136823 0.0119078 0.0096808 0.0040692 0.0007406 0.0021125 0.0036278 0.0039746 0.0060749 0.0051666 0.0035200 0.0016696 0.0032092 0.0012495 0.0015683 0.0016488 0.0003612 0.0020221 0.0015833 0.0017323 0.0020289 0.0025019 0.0045578 0.0002272 0.0006368 0.0023054 0.0002805 0.0047115 0.0005145 0.2526606 0.8988699 0.8584633 0.5144044 2.0259862
657184.0000000 0.9614449 0.5994233 0.5321395 0.3043128 8.3870978 1.5750373 9.3782568 0.1923773 0.8956735 0.3441333 0.0068688 4.4950457 2.5055805 5.8241883 0.4194480 0.9675390 0.3401874 0.0320739 3.8432286 6.7574976 1.5642801 0.0022110 0.5442290 0.0036701 0.7972244 0.4768887 4.6441588 0.0913072 6.1485453 0.7730866 0.0100000 0.0456002 9.1672939 5.8183977 6.8882973 0.1661821 30.0142444 4.0000000 1.1096094 4.0000000 1.8256040 2.1289592 0.6476270 3.1835098 1.3110466 2.2305351 6.4846267 4.2681475 1.1027544 0.8213771 8.2675608 -0.3892470 7.5208063 2.2292022 2.2506657 4.2193449 3.9622074 4.2605256 3.1628515 6.2766637 1.7095073 12.5089864 2.4806556 0.3900000 1.0000000 1.9000000 1.4400000 0.8866064 0.0000000 0.9135925 0.0203105 0.0111902 0.0099459 0.0073084 0.0049258 0.0143154 0.0108845 0.0101500 0.0037045 0.0068218 0.0071124 0.0148443 0.0131713 0.0139333 0.0113478 0.0090614 0.0154534 0.0061500 0.0087995 0.0082665 0.0024339 0.0052200 0.0088205 0.0062902 0.0122130 0.0007192 0.0110961 0.0037080 0.0082688 0.0118886 0.0051170 0.0072843 0.0030455 0.0051851 0.0079932 0.0029290 0.0017877 0.0066091 0.0081541 0.0084211 0.0058971 0.0066868 0.0072009 0.0102037 0.0114546 0.0020127 0.0069479 0.0058038 0.0035173 0.0038755 0.0049704 0.0060698 0.0081482 0.0056760 0.0074058 0.0080175 0.0037312 0.0035156 0.0063823 0.0017796 0.0026644 0.0029549 0.0056636 0.0022148 0.0095733 0.0035182 0.0040693 0.0044096 0.0040002 0.0083139 0.0030978 0.0045490 0.0018186 0.0076210 0.0037951 0.0151492 0.0080531 0.0121324 0.0095586 0.0197518 0.0118548 0.0066158 0.0068220 0.0027093 0.0023770 0.0055758 0.0052808 0.0058345 0.0080103 0.0128454 0.0196205 0.0128379 0.0156621 0.0102659 0.0094537 0.0061477 0.0135633 0.0117124 0.0094432 0.0039632 0.0006932 0.0020435 0.0035484 0.0040110 0.0059127 0.0052707 0.0035637 0.0016116 0.0030978 0.0012707 0.0015096 0.0016647 0.0002440 0.0019410 0.0015992 0.0016707 0.0021019 0.0025547 0.0045339 0.0002278 0.0006857 0.0024020 0.0002195 0.0047446 0.0005043 0.2519891 0.8983336 0.8578074 0.5177332 2.1162114
669278.0000000 0.9610244 0.5961314 0.5419637 0.2863957 8.2072326 1.4836344 9.0735750 0.1866210 0.8993449 0.3586056 0.0066514 4.4089392 2.4321827 5.9237350 0.4546068 0.9538024 0.3270399 0.0325859 3.8514070 6.7777018 2.0284368 0.0025978 0.5403138 0.0033694 0.7997017 0.3020716 4.4474052 0.1518814 6.1768958 0.7661620 0.0100000 0.0270878 9.4498260 5.7439833 6.6808844 0.1705681 28.0129394 4.0000000 1.1044186 4.0000000 1.7942162 2.2025787 0.5998335 3.2189142 1.2691054 2.3828213 6.3625074 4.2985565 0.7662251 0.8646202 8.2330599 -0.4017661 7.7728313 2.1691645 2.3585965 3.8831377 3.9720217 4.0249248 3.1616719 6.2606150 1.6857080 12.4332370 2.5182510 0.3900000 1.0000000 1.9000000 1.4400000 0.8887083 0.0000000 0.9145632 0.0211958 0.0118020 0.0104908 0.0071854 0.0045100 0.0142970 0.0104423 0.0098359 0.0042758 0.0069588 0.0072441 0.0143742 0.0129091 0.0141060 0.0114150 0.0096157 0.0154815 0.0058837 0.0088131 0.0085189 0.0033153 0.0054358 0.0087876 0.0066196 0.0124518 0.0011424 0.0103075 0.0035213 0.0083605 0.0123941 0.0052199 0.0076311 0.0030055 0.0051144 0.0084148 0.0027013 0.0016597 0.0065730 0.0083615 0.0084894 0.0062531 0.0070948 0.0072371 0.0099620 0.0114566 0.0016874 0.0072349 0.0063115 0.0033172 0.0034552 0.0045600 0.0061444 0.0080976 0.0059145 0.0077986 0.0080661 0.0037306 0.0037410 0.0062875 0.0016767 0.0026751 0.0029836 0.0058680 0.0025004 0.0097875 0.0035666 0.0042776 0.0040681 0.0039656 0.0085540 0.0031419 0.0045563 0.0019244 0.0076266 0.0037569 0.0146874 0.0069702 0.0124400 0.0095754 0.0204184 0.0126116 0.0064951 0.0062497 0.0025886 0.0024747 0.0053502 0.0050997 0.0057126 0.0074261 0.0121995 0.0195139 0.0136045 0.0160248 0.0109017 0.0099084 0.0062850 0.0134373 0.0124669 0.0092545 0.0038655 0.0006450 0.0020179 0.0034707 0.0042620 0.0058097 0.0052363 0.0035955 0.0014457 0.0030747 0.0011613 0.0015943 0.0016529 0.0002574 0.0020643 0.0017633 0.0017918 0.0019961 0.0027256 0.0045075 0.0004081 0.0007260 0.0024350 0.0002323 0.0047640 0.0003875 0.2515590 0.9000000 0.8598311 0.5148014 2.2112795
657296.0000000 0.9618907 0.6086732 0.5307920 0.3332309 8.3070531 1.8020705 9.3868060 0.1958961 0.8803318 0.3558723 0.0069086 4.6175168 2.7027567 5.8674976 0.4229064 0.9580619 0.3339482 0.0316973 3.7017802 7.2429526 1.4735863 0.0022118 0.5468649 0.0038315 0.7852130 0.3342940 4.8571159 0.0295468 6.0401673 0.7553588 0.0100000 0.0509223 9.3983279 5.4870982 7.0161445 0.1820914 29.2441251 4.0000000 1.1031154 4.0000000 1.8128844 2.1268904 0.6426281 3.0809673 1.3261102 2.1918891 6.5590812 4.2119585 0.9785424 0.8011410 8.3026818 -0.4009456 7.8134115 2.2499796 2.3044865 4.3654192 3.9114483 4.3769936 3.1656418 6.2528802 1.6444950 12.4921455 2.5406229 0.3900000 1.0000000 1.9000000 1.4400000 0.8873560 0.0000000 0.9126120 0.0203849 0.0116404 0.0100653 0.0074019 0.0038974 0.0147992 0.0107284 0.0100088 0.0038728 0.0068311 0.0075012 0.0148794 0.0132600 0.0138810 0.0116104 0.0091260 0.0158571 0.0064396 0.0091640 0.0084873 0.0025151 0.0057473 0.0088882 0.0064931 0.0118730 0.0008104 0.0109603 0.0036986 0.0088004 0.0120037 0.0051249 0.0073242 0.0030833 0.0053622 0.0081640 0.0027417 0.0019485 0.0067679 0.0078920 0.0089852 0.0057795 0.0065601 0.0072332 0.0100795 0.0116729 0.0021418 0.0068990 0.0058230 0.0035595 0.0037345 0.0049216 0.0060611 0.0084480 0.0056302 0.0077438 0.0079448 0.0037081 0.0034590 0.0063727 0.0015759 0.0028277 0.0027235 0.0057090 0.0026510 0.0096216 0.0034693 0.0039076 0.0041307 0.0038315 0.0085470 0.0029046 0.0045354 0.0018583 0.0078600 0.0037453 0.0145938 0.0076541 0.0121429 0.0096753 0.0193014 0.0119070 0.0063973 0.0065294 0.0029718 0.0027474 0.0054509 0.0051363 0.0059326 0.0088225 0.0127848 0.0195026 0.0128937 0.0153856 0.0101647 0.0093457 0.0067558 0.0135566 0.0117462 0.0100382 0.0040194 0.0005941 0.0021669 0.0036718 0.0040063 0.0060015 0.0053626 0.0036405 0.0015759 0.0031957 0.0011239 0.0015628 0.0016675 0.0002765 0.0018960 0.0015230 0.0019129 0.0021975 0.0025121 0.0044709 0.0002138 0.0005499 0.0023265 0.0002774 0.0046437 0.0004904 0.2518644 0.8984297 0.8611797 0.5127987 2.1471071
657339.0000000 0.9614488 0.5994585 0.5386026 0.3053661 8.3594819 1.5814240 9.3306971 0.1998082 0.8920848 0.3475385 0.0066694 4.3229207 2.6077079 5.9087635 0.4196925 0.9673050 0.3447409 0.0319378 3.8879851 6.6546482 1.6460063 0.0022626 0.5442384 0.0037277 0.7900362 0.3783725 4.6008414 0.0230767 6.3634399 0.7714706 0.0101071 0.0532772 9.3349715 5.8171449 6.8935544 0.1661837 28.5694814 4.0000000 1.1054009 4.0000000 1.8094735 2.1700121 0.6647472 3.1549258 1.2705834 2.2299279 6.4774120 4.3581273 1.0274716 0.8314356 8.2560183 -0.3937876 7.5895479 2.2159847 2.3430622 4.0932508 3.8921250 4.2812191 3.1669496 6.2735889 1.7005704 12.5462591 2.4680770 0.3900000 1.0000000 1.9000000 1.4400000 0.8864814 0.0000000 0.9137189 0.0204684 0.0112867 0.0102594 0.0072634 0.0048591 0.0142426 0.0108453 0.0099761 0.0038588 0.0067902 0.0071630 0.0147175 0.0130225 0.0138357 0.0111638 0.0091382 0.0157151 0.0060775 0.0090630 0.0082266 0.0024318 0.0055383 0.0085383 0.0063598 0.0122782 0.0007701 0.0110278 0.0037433 0.0081458 0.0120692 0.0052821 0.0072092 0.0030900 0.0052244 0.0078035 0.0029663 0.0018615 0.0065697 0.0080881 0.0086920 0.0061974 0.0066510 0.0070600 0.0100004 0.0116758 0.0019891 0.0071427 0.0058834 0.0033968 0.0038639 0.0050040 0.0061261 0.0081468 0.0055477 0.0073490 0.0078747 0.0035935 0.0035509 0.0062898 0.0016836 0.0027462 0.0028965 0.0056846 0.0024215 0.0096826 0.0033185 0.0040846 0.0042793 0.0040534 0.0082642 0.0030951 0.0046121 0.0018401 0.0076783 0.0037893 0.0149182 0.0080661 0.0121781 0.0097245 0.0196440 0.0119786 0.0065199 0.0066699 0.0027342 0.0026563 0.0054002 0.0053770 0.0058569 0.0081841 0.0125313 0.0195530 0.0128861 0.0158469 0.0102616 0.0094440 0.0061509 0.0137996 0.0117939 0.0094757 0.0041296 0.0007425 0.0021367 0.0036204 0.0040719 0.0059867 0.0052644 0.0035621 0.0015738 0.0031203 0.0012756 0.0015182 0.0016551 0.0003075 0.0019437 0.0015233 0.0017894 0.0021747 0.0026477 0.0044630 0.0002226 0.0006914 0.0023947 0.0002910 0.0047895 0.0004976 0.2529457 0.8980875 0.8595186 0.5142382 2.2637368
663446.0000000 0.9613284 0.5983016 0.5212407 0.3168726 8.3935405 1.4430837 9.5293998 0.1976482 0.8882073 0.3605624 0.0068725 4.3063504 2.3686487 5.7453497 0.4450326 0.9697016 0.3361878 0.0313981 3.9482588 6.7744271 1.9369586 0.0020835 0.5535316 0.0036241 0.7938777 0.3517182 4.7412249 0.1812506 5.5946151 0.7569968 0.0158119 0.0506764 9.1112622 5.5777906 6.8905450 0.1556290 28.6825852 4.0000000 1.1121164 4.0000000 1.7644798 2.1588856 0.6275898 3.2008325 1.3354161 2.2188835 6.6763240 4.1186991 1.0865034 0.7712611 8.1533343 -0.3934228 7.8798643 2.2294459 2.1281649 4.0520759 4.0290889 4.3291287 3.1684354 6.2606862 1.6807908 12.4367781 2.4819145 0.3900000 1.0000000 1.9000000 1.4400000 0.8860156 0.0000000 0.9126643 0.0208957 0.0115691 0.0101266 0.0076672 0.0044882 0.0142116 0.0106351 0.0101031 0.0040588 0.0066081 0.0075590 0.0148220 0.0131368 0.0138594 0.0113484 0.0090564 0.0159497 0.0063493 0.0091974 0.0081684 0.0028668 0.0056023 0.0086001 0.0065931 0.0119500 0.0010591 0.0111814 0.0038210 0.0085533 0.0125088 0.0050862 0.0069312 0.0032424 0.0055709 0.0078072 0.0029039 0.0018477 0.0067297 0.0077741 0.0084524 0.0062212 0.0068729 0.0071084 0.0101168 0.0115644 0.0019717 0.0070010 0.0059133 0.0035610 0.0038990 0.0053922 0.0061455 0.0083593 0.0056888 0.0073197 0.0080256 0.0036767 0.0035148 0.0062838 0.0017601 0.0027064 0.0028334 0.0055288 0.0024259 0.0099208 0.0035525 0.0040049 0.0044544 0.0040761 0.0083690 0.0031301 0.0046363 0.0018940 0.0076912 0.0040096 0.0151238 0.0075460 0.0117744 0.0099239 0.0199030 0.0114862 0.0064561 0.0068366 0.0028052 0.0026197 0.0054076 0.0050123 0.0055002 0.0080247 0.0121587 0.0197819 0.0128476 0.0155389 0.0106136 0.0098720 0.0064076 0.0133415 0.0121063 0.0101751 0.0041065 0.0008357 0.0020206 0.0035980 0.0039186 0.0059048 0.0052312 0.0034884 0.0016853 0.0031954 0.0011833 0.0015631 0.0016845 0.0002440 0.0018379 0.0015821 0.0019316 0.0019667 0.0025334 0.0045255 0.0002138 0.0004319 0.0023562 0.0002734 0.0047238 0.0004366 0.2514080 0.8985786 0.8604367 0.4997678 2.3498316
669525.0000000 0.9620812 0.5825039 0.5326032 0.2914720 7.4990123 1.5452012 9.1340695 0.2045803 0.9017815 0.3554011 0.0070431 4.4977236 2.6795969 5.7132084 0.4635332 0.9744400 0.3284206 0.0316439 3.7908413 6.6125319 1.7613672 0.0022401 0.5563606 0.0034448 0.8007490 0.2819537 4.4746816 0.1736539 6.0487081 0.7640666 0.0100000 0.0278634 9.3973288 5.6694055 6.5210319 0.1708315 29.1038509 4.0000000 1.1041332 4.0000000 1.7491991 2.1902203 0.6091419 3.3066162 1.2462749 2.3981160 6.5927197 4.2164663 0.9298049 0.8292037 8.2145836 -0.3910690 7.5664241 2.1259304 2.1672092 3.8054159 4.0165285 4.1851405 3.1616501 6.2749676 1.6222201 12.5133910 2.5316013 0.3900000 1.0000000 1.9000000 1.4400000 0.8867813 0.0000000 0.9130518 0.0213788 0.0114585 0.0105365 0.0074916 0.0051847 0.0139029 0.0110639 0.0096449 0.0040213 0.0068238 0.0070013 0.0147214 0.0128940 0.0138090 0.0116922 0.0093918 0.0153396 0.0064004 0.0088668 0.0080884 0.0030134 0.0055956 0.0085667 0.0060568 0.0124687 0.0007192 0.0108311 0.0039665 0.0088147 0.0127809 0.0050929 0.0072983 0.0032318 0.0052982 0.0080362 0.0027361 0.0018868 0.0066745 0.0084270 0.0088342 0.0064280 0.0069809 0.0069908 0.0099611 0.0115151 0.0018645 0.0073680 0.0060567 0.0031032 0.0038791 0.0050483 0.0059836 0.0079414 0.0059926 0.0075312 0.0079624 0.0038410 0.0035825 0.0064750 0.0017337 0.0025526 0.0029872 0.0056964 0.0022621 0.0098457 0.0034604 0.0042722 0.0041496 0.0037093 0.0085224 0.0031855 0.0044120 0.0016341 0.0074592 0.0038400 0.0152941 0.0078456 0.0118965 0.0093542 0.0200316 0.0116205 0.0067349 0.0058768 0.0026785 0.0022732 0.0051638 0.0053619 0.0058781 0.0078157 0.0123554 0.0199356 0.0131051 0.0152548 0.0107061 0.0095162 0.0060632 0.0137472 0.0123869 0.0096934 0.0034470 0.0007784 0.0020176 0.0036996 0.0042253 0.0059994 0.0052503 0.0035494 0.0015781 0.0031958 0.0011927 0.0015767 0.0016354 0.0003493 0.0020277 0.0016920 0.0018039 0.0021776 0.0026255 0.0045500 0.0003076 0.0007193 0.0024438 0.0002544 0.0046690 0.0003284 0.2526039 0.9000000 0.8587269 0.5262224 2.0818690
663541.0000000 0.9613345 0.5905771 0.5437555 0.2892750 8.3255365 1.3946540 9.5103958 0.1910458 0.9046164 0.3615550 0.0068801 4.4800145 2.6083463 5.8345203 0.4278181 0.9709232 0.3295027 0.0314211 3.6704198 6.7433175 1.5048567 0.0022904 0.5461600 0.0035927 0.7992774 0.5578082 4.3742540 0.0250659 6.0141700 0.7754335 0.0100000 0.0520233 9.1410156 5.7696396 6.7516814 0.1509514 29.5027897 4.0000000 1.1080732 4.0000000 1.7755899 2.1956447 0.6142409 3.2540844 1.2847948 2.2875393 6.5377163 4.3666412 1.1033821 0.8279305 8.1107292 -0.3939477 7.5612957 2.1037710 2.1257155 3.9661703 3.9884358 4.2966528 3.1605222 6.2634811 1.6795314 12.5363988 2.4854265 0.3900000 1.0000000 1.9000000 1.4400000 0.8859241 0.0000000 0.9143441 0.0212191 0.0112420 0.0103700 0.0075288 0.0046852 0.0140677 0.0105816 0.0098341 0.0039053 0.0063367 0.0075080 0.0149144 0.0132544 0.0139437 0.0112319 0.0094230 0.0155727 0.0060273 0.0087915 0.0081166 0.0027412 0.0054474 0.0087245 0.0063359 0.0121495 0.0007192 0.0107883 0.0035248 0.0085869 0.0124680 0.0047775 0.0071541 0.0033658 0.0053369 0.0079613 0.0030026 0.0018321 0.0067010 0.0078159 0.0083932 0.0058574 0.0071186 0.0070975 0.0099411 0.0116758 0.0018746 0.0070178 0.0059858 0.0032823 0.0040040 0.0050190 0.0061138 0.0080628 0.0058650 0.0074301 0.0080785 0.0036606 0.0034393 0.0064069 0.0017504 0.0027363 0.0029657 0.0057769 0.0022888 0.0095392 0.0036023 0.0040533 0.0041136 0.0037928 0.0083296 0.0030015 0.0046118 0.0018124 0.0075736 0.0034689 0.0145357 0.0078176 0.0123014 0.0100827 0.0200550 0.0123015 0.0067758 0.0063110 0.0028289 0.0025052 0.0053999 0.0053850 0.0059049 0.0082436 0.0127497 0.0196896 0.0125493 0.0152069 0.0106955 0.0093856 0.0062278 0.0137603 0.0118838 0.0098232 0.0038913 0.0006083 0.0021057 0.0035824 0.0039926 0.0061439 0.0052689 0.0035231 0.0016181 0.0031993 0.0012321 0.0014921 0.0016006 0.0002440 0.0020178 0.0015865 0.0017273 0.0021394 0.0026442 0.0045606 0.0002325 0.0007125 0.0023864 0.0002350 0.0047895 0.0003919 0.2511844 0.8990113 0.8598766 0.5288496 2.2348525
669654.0000000 0.9624445 0.5866911 0.5275891 0.2901044 7.5634301 1.4322810 9.2571584 0.1880331 0.9013745 0.3636830 0.0069647 4.5403654 2.7206690 5.6937916 0.4365655 0.9743591 0.3306999 0.0310082 3.5488307 6.8042889 1.7208807 0.0022140 0.5501367 0.0036266 0.8026321 0.2000000 4.7591933 0.1378156 6.4838038 0.7637789 0.0100000 0.0342962 9.4687486 5.5582331 6.5753755 0.1767373 29.9715379 4.0000000 1.1028481 4.0000000 1.7569946 2.2891736 0.5879969 3.1580601 1.2904739 2.3922808 6.5721574 4.1772538 1.0024337 0.8480901 8.2838927 -0.3832851 7.3947342 2.0665151 2.2247855 3.6927678 3.9337266 4.1886118 3.1610786 6.2796131 1.6316742 12.2980490 2.5312007 0.3900000 1.0000000 1.9000000 1.4400000 0.8873729 0.0000000 0.9143286 0.0212389 0.0112407 0.0106758 0.0078109 0.0056121 0.0145361 0.0104706 0.0099579 0.0040592 0.0066766 0.0068846 0.0146746 0.0124451 0.0135404 0.0113817 0.0093281 0.0158463 0.0062924 0.0090731 0.0082607 0.0028773 0.0056198 0.0086527 0.0063137 0.0120119 0.0011594 0.0105229 0.0041199 0.0089105 0.0126798 0.0055285 0.0073349 0.0031873 0.0052377 0.0081613 0.0029764 0.0016597 0.0066726 0.0082937 0.0088830 0.0060502 0.0066876 0.0072086 0.0104474 0.0116443 0.0016706 0.0072460 0.0060793 0.0030128 0.0037058 0.0049323 0.0060083 0.0078490 0.0057625 0.0075191 0.0082232 0.0038804 0.0037483 0.0064000 0.0017510 0.0026157 0.0029659 0.0057293 0.0024524 0.0097707 0.0036078 0.0042217 0.0041447 0.0037761 0.0085349 0.0032072 0.0044604 0.0016632 0.0075529 0.0038523 0.0155219 0.0077303 0.0122664 0.0099337 0.0200102 0.0115443 0.0069355 0.0062728 0.0028286 0.0023480 0.0047668 0.0054393 0.0056938 0.0082191 0.0121990 0.0198220 0.0131419 0.0156222 0.0104301 0.0098919 0.0061629 0.0135287 0.0124349 0.0101019 0.0032730 0.0006351 0.0019807 0.0037191 0.0041615 0.0059027 0.0053248 0.0036244 0.0015554 0.0031973 0.0012751 0.0015523 0.0016595 0.0003908 0.0020324 0.0016652 0.0018968 0.0021155 0.0025259 0.0044950 0.0003889 0.0006898 0.0023579 0.0002700 0.0047823 0.0003464 0.2518068 0.8994589 0.8581189 0.5253026 2.1447980
669711.0000000 0.9613664 0.5865127 0.5273788 0.3041869 7.9075423 1.3393947 9.2913308 0.1766389 0.9032943 0.3655057 0.0066645 4.5008903 2.4620416 5.8787796 0.4341989 0.9574782 0.3249719 0.0323794 3.6680171 6.9508216 1.7412764 0.0024515 0.5497721 0.0034302 0.7969926 0.3136343 4.3633842 0.1081236 6.4958256 0.7726793 0.0120391 0.0365113 9.2531015 5.7699471 6.6766806 0.1651041 28.3217457 4.0000000 1.1045274 4.0000000 1.7652574 2.1582543 0.6586668 3.3399616 1.2629216 2.3829649 6.4154095 4.2250680 0.7646984 0.8314298 8.1896065 -0.3978250 7.5486001 2.1469467 2.3978470 3.8758977 3.9861709 4.1242261 3.1603396 6.2589337 1.6431656 12.4102486 2.5347602 0.3900000 1.0000000 1.9000000 1.4400000 0.8889446 0.0000000 0.9140230 0.0209236 0.0113161 0.0108464 0.0072694 0.0045686 0.0144330 0.0103660 0.0098952 0.0040721 0.0067490 0.0071107 0.0145497 0.0130630 0.0140569 0.0118317 0.0093678 0.0150588 0.0062313 0.0087168 0.0085773 0.0030510 0.0056164 0.0088654 0.0064978 0.0127714 0.0008260 0.0106097 0.0038233 0.0084053 0.0123876 0.0055290 0.0074058 0.0030934 0.0052126 0.0081837 0.0028593 0.0016597 0.0064438 0.0083126 0.0086733 0.0060321 0.0069811 0.0071491 0.0101527 0.0116562 0.0016521 0.0071362 0.0062544 0.0031572 0.0036594 0.0049601 0.0062406 0.0082752 0.0059129 0.0077689 0.0079502 0.0037778 0.0035988 0.0063091 0.0016476 0.0025909 0.0028116 0.0058600 0.0022614 0.0095462 0.0036900 0.0041466 0.0041006 0.0039466 0.0085392 0.0030655 0.0045250 0.0018387 0.0075775 0.0038746 0.0147295 0.0071052 0.0124613 0.0097497 0.0199026 0.0120790 0.0069315 0.0064223 0.0027331 0.0022641 0.0050744 0.0053780 0.0059944 0.0078167 0.0122665 0.0192731 0.0134121 0.0160538 0.0108089 0.0097639 0.0061253 0.0132515 0.0124663 0.0095502 0.0038052 0.0007151 0.0020657 0.0035023 0.0041647 0.0058414 0.0053573 0.0035563 0.0014857 0.0031671 0.0011913 0.0015930 0.0016765 0.0002440 0.0019902 0.0016921 0.0017578 0.0021322 0.0027282 0.0045411 0.0004071 0.0007044 0.0023488 0.0001952 0.0047862 0.0004373 0.2517179 0.8991375 0.8574282 0.5132749 2.2894451
663763.0000000 0.9615812 0.5845342 0.5323404 0.2793092 7.4876322 1.4841357 9.2273753 0.1886325 0.8914056 0.3619521 0.0069108 4.4196799 2.7169935 5.7470614 0.4467088 0.9686232 0.3321319 0.0313489 3.6584075 6.7172598 1.8043692 0.0022105 0.5464867 0.0035073 0.8001831 0.2000000 4.6476124 0.2945591 6.0810722 0.7659505 0.0100000 0.0380061 9.3730682 5.5346618 6.5897467 0.1702606 30.2782495 4.0000000 1.1029410 4.0000000 1.7675205 2.2654237 0.6271012 3.2038839 1.2775893 2.3745460 6.6291091 4.2079055 0.9918351 0.8284029 8.2433111 -0.3875723 7.4711011 2.1027696 2.1838863 3.8361442 3.9789951 4.1790408 3.1622795 6.2769196 1.6279353 12.4914271 2.5339890 0.3900000 1.0000000 1.9000000 1.4400000 0.8869537 0.0000000 0.9140454 0.0209683 0.0112488 0.0105045 0.0075417 0.0051978 0.0142609 0.0108403 0.0097710 0.0038587 0.0067613 0.0070821 0.0148647 0.0127438 0.0134668 0.0114027 0.0095056 0.0156251 0.0062831 0.0088009 0.0080855 0.0031281 0.0055412 0.0088352 0.0062808 0.0123168 0.0009761 0.0105368 0.0040217 0.0087866 0.0124589 0.0053308 0.0074224 0.0030853 0.0051539 0.0080500 0.0028256 0.0016894 0.0066046 0.0082811 0.0087414 0.0060000 0.0068089 0.0072005 0.0102688 0.0115335 0.0017099 0.0072332 0.0060603 0.0030960 0.0037215 0.0049533 0.0060612 0.0078945 0.0058433 0.0076083 0.0080472 0.0038711 0.0036827 0.0064504 0.0017585 0.0026248 0.0028742 0.0057457 0.0024726 0.0096928 0.0036702 0.0042302 0.0041779 0.0038338 0.0085959 0.0032188 0.0044738 0.0017189 0.0076321 0.0038620 0.0154806 0.0076901 0.0121083 0.0097187 0.0202435 0.0116505 0.0068115 0.0060731 0.0027470 0.0025467 0.0050189 0.0052446 0.0057813 0.0083845 0.0124816 0.0196915 0.0131967 0.0155961 0.0106653 0.0098140 0.0061583 0.0135074 0.0121148 0.0098167 0.0035089 0.0007689 0.0020578 0.0036602 0.0041454 0.0058857 0.0053986 0.0035954 0.0015600 0.0031156 0.0012642 0.0016051 0.0016338 0.0003323 0.0019344 0.0017273 0.0019068 0.0021176 0.0025545 0.0044871 0.0003790 0.0007367 0.0023686 0.0003250 0.0047381 0.0003493 0.2518709 0.9000000 0.8585984 0.5271680 2.0425773
657733.0000000 0.9615701 0.5831763 0.5274693 0.3003323 8.3943886 1.6438709 9.2532198 0.1805959 0.8832841 0.3589645 0.0067674 4.5376881 2.7162691 5.9473275 0.4175895 0.9767788 0.3343239 0.0316751 3.7457724 6.8173422 1.6084436 0.0022369 0.5683086 0.0036393 0.8002052 0.4620919 4.8054117 0.0775116 6.2065494 0.7640411 0.0100000 0.0554411 9.3548546 5.6169820 6.6723407 0.1746090 29.5003418 4.0000000 1.1114031 4.0000000 1.8010347 2.1761243 0.6161208 3.1014814 1.2679041 2.2415726 6.5818278 4.3131858 0.9588032 0.8096813 8.1550341 -0.3902496 7.8047102 2.1529866 2.3357805 4.1490958 3.9810639 4.4102521 3.1659788 6.2680739 1.6983465 12.5355596 2.4724207 0.3900000 1.0000000 1.9000000 1.4400000 0.8861851 0.0000000 0.9132125 0.0207215 0.0113675 0.0101893 0.0070134 0.0043008 0.0146108 0.0108815 0.0101235 0.0040049 0.0069899 0.0075074 0.0148930 0.0129806 0.0136045 0.0114561 0.0089396 0.0152894 0.0065963 0.0088721 0.0081314 0.0027778 0.0053894 0.0088441 0.0063888 0.0117820 0.0012481 0.0109547 0.0038251 0.0085242 0.0118111 0.0051740 0.0069072 0.0031364 0.0051707 0.0079929 0.0027417 0.0019515 0.0068697 0.0080610 0.0082673 0.0059771 0.0068509 0.0073195 0.0103098 0.0116758 0.0020921 0.0071372 0.0058766 0.0036777 0.0038069 0.0050620 0.0060885 0.0080047 0.0055964 0.0075385 0.0080910 0.0036814 0.0035253 0.0063851 0.0017655 0.0027610 0.0029651 0.0054743 0.0023591 0.0097025 0.0034682 0.0041319 0.0044163 0.0039905 0.0083311 0.0031750 0.0046242 0.0017905 0.0078203 0.0037572 0.0143551 0.0080216 0.0124335 0.0096733 0.0199201 0.0119032 0.0064978 0.0065946 0.0027190 0.0027345 0.0053051 0.0053304 0.0059670 0.0080539 0.0123949 0.0191886 0.0124468 0.0152938 0.0103060 0.0095160 0.0062258 0.0134683 0.0118734 0.0094647 0.0040150 0.0008272 0.0022000 0.0036247 0.0039321 0.0059742 0.0052345 0.0036463 0.0017300 0.0031419 0.0012374 0.0016259 0.0016376 0.0002948 0.0020437 0.0016251 0.0018719 0.0021660 0.0026045 0.0045592 0.0002138 0.0006669 0.0024065 0.0003023 0.0047895 0.0004037 0.2517407 0.8986238 0.8575763 0.5095527 2.2516949
669834.0000000 0.9623064 0.6232851 0.5282672 0.3123397 8.1907681 1.7675977 9.5125716 0.1869317 0.8860732 0.3513283 0.0068480 4.2836007 2.9622881 6.0440292 0.4433096 0.9582130 0.3575919 0.0308157 3.8461963 6.8941113 1.6264607 0.0022391 0.5575924 0.0037227 0.8031289 0.2000000 4.6564019 0.1055856 6.1986922 0.7576458 0.0150699 0.0672945 9.3922959 5.4863864 6.7576951 0.1662302 29.0556946 4.0000000 1.1008868 4.0000000 1.8637912 2.0994394 0.6536265 3.1047695 1.3217415 2.2265964 6.7351364 4.3099961 0.8540630 0.8178382 8.0831923 -0.4043646 7.8970439 2.1283252 2.2447466 4.0953639 4.0221234 4.4839376 3.1685694 6.2637640 1.7404880 12.3414933 2.5377774 0.3900000 1.0000000 1.9000000 1.4400000 0.8859837 0.0000000 0.9134594 0.0200351 0.0114463 0.0105390 0.0076900 0.0047135 0.0150485 0.0107711 0.0096694 0.0035315 0.0063534 0.0072147 0.0152079 0.0122528 0.0137276 0.0114439 0.0092371 0.0157745 0.0057788 0.0091379 0.0083177 0.0026597 0.0058846 0.0088555 0.0059231 0.0123093 0.0015711 0.0110728 0.0037453 0.0091482 0.0124740 0.0055132 0.0073265 0.0031928 0.0052667 0.0080021 0.0030445 0.0018478 0.0063685 0.0080622 0.0085474 0.0062404 0.0067426 0.0074007 0.0098885 0.0113643 0.0023181 0.0069940 0.0059024 0.0038368 0.0038900 0.0052664 0.0063869 0.0085276 0.0056958 0.0076306 0.0078289 0.0039054 0.0035471 0.0064260 0.0017191 0.0027360 0.0027633 0.0054970 0.0023852 0.0094980 0.0034801 0.0042162 0.0042990 0.0039943 0.0083826 0.0030963 0.0044857 0.0018429 0.0079671 0.0037832 0.0150609 0.0070912 0.0119436 0.0097092 0.0201752 0.0117802 0.0064887 0.0064004 0.0032279 0.0024359 0.0057439 0.0052123 0.0058610 0.0085004 0.0129564 0.0193092 0.0128412 0.0154550 0.0100270 0.0092430 0.0063550 0.0135448 0.0117477 0.0099538 0.0042611 0.0008494 0.0018843 0.0038354 0.0039369 0.0060139 0.0053112 0.0036557 0.0015700 0.0030572 0.0013332 0.0014699 0.0015616 0.0002440 0.0020076 0.0015792 0.0019186 0.0021363 0.0025635 0.0045664 0.0002138 0.0006353 0.0024559 0.0003858 0.0047768 0.0004962 0.2518194 0.8994110 0.8614717 0.5214485 2.2340168
657900.0000000 0.9612911 0.6171736 0.5316471 0.2958976 8.7940901 1.4594440 9.5020794 0.1786061 0.8995999 0.3512242 0.0069512 4.3731215 2.7307855 5.8508613 0.4278079 0.9720939 0.3372926 0.0328867 3.8046839 6.9859729 1.7154741 0.0022298 0.5397498 0.0037154 0.7896425 0.3028834 4.7032427 0.1431562 6.1234228 0.7644191 0.0101814 0.0449598 9.3619246 5.4867205 6.9032095 0.1692325 29.9674717 4.0000000 1.1073259 4.0000000 1.7999098 2.1708639 0.6207898 3.1540498 1.2983428 2.2675062 6.8258332 4.2105523 0.9682795 0.7953147 8.1745652 -0.3986628 7.7519491 2.1039071 2.0871538 4.2329648 4.1048819 4.5164487 3.1664209 6.2646731 1.7012925 12.4260939 2.5037501 0.3900000 1.0000000 1.9000000 1.4400000 0.8857817 0.0000000 0.9131339 0.0205802 0.0115712 0.0103285 0.0073099 0.0040787 0.0151005 0.0109931 0.0096294 0.0034658 0.0067881 0.0074377 0.0146427 0.0133564 0.0135311 0.0107378 0.0095689 0.0155171 0.0062828 0.0089676 0.0081131 0.0027523 0.0060592 0.0088944 0.0064076 0.0123226 0.0008036 0.0109546 0.0037988 0.0085018 0.0126437 0.0052310 0.0071200 0.0031309 0.0052891 0.0077327 0.0025675 0.0017979 0.0065079 0.0082160 0.0083368 0.0056947 0.0067618 0.0071397 0.0103426 0.0113747 0.0020795 0.0067992 0.0059107 0.0035981 0.0040105 0.0053623 0.0061183 0.0081054 0.0057108 0.0076382 0.0078686 0.0037586 0.0035011 0.0063507 0.0018900 0.0026988 0.0028331 0.0055728 0.0023301 0.0093562 0.0032998 0.0041598 0.0041212 0.0039510 0.0084026 0.0031459 0.0046619 0.0020140 0.0077345 0.0039167 0.0147803 0.0075720 0.0122454 0.0100767 0.0198519 0.0119115 0.0067942 0.0065428 0.0030578 0.0022428 0.0052753 0.0057137 0.0062024 0.0080341 0.0126652 0.0196402 0.0127346 0.0151439 0.0102862 0.0093905 0.0064618 0.0137648 0.0121247 0.0101384 0.0037386 0.0006658 0.0019970 0.0035635 0.0040324 0.0059438 0.0052919 0.0034726 0.0016928 0.0030578 0.0012455 0.0015651 0.0016955 0.0003716 0.0017723 0.0015365 0.0018853 0.0021953 0.0025812 0.0044599 0.0002839 0.0006219 0.0022808 0.0003170 0.0047895 0.0004655 0.2498020 0.8986802 0.8609373 0.5224185 2.2050269
669940.0000000 0.9614497 0.5795448 0.5249413 0.3221730 8.2565471 1.5449069 9.5024823 0.1892257 0.8954754 0.3650486 0.0068579 4.4915456 2.3895521 6.0779614 0.4268555 0.9688124 0.3347696 0.0318298 3.8828607 6.9393515 1.7956732 0.0021632 0.5519572 0.0036652 0.7963063 0.3110312 4.7930675 0.0908430 6.0408939 0.7430541 0.0114686 0.0487505 9.1727784 5.3876728 6.6418879 0.1759115 28.0402853 4.0000000 1.1059477 4.0000000 1.7925661 2.2107926 0.6169433 3.0843025 1.3063592 2.1952157 6.6734567 4.2563886 1.0892899 0.7705108 8.2217695 -0.3926807 7.8486860 2.2542127 2.1313272 4.1176306 4.0642484 4.4355023 3.1700000 6.2614560 1.7011448 12.4360710 2.4978457 0.3900000 1.0000000 1.9000000 1.4400000 0.8853540 0.0000000 0.9123483 0.0208357 0.0113146 0.0101438 0.0078770 0.0040251 0.0141507 0.0101369 0.0101364 0.0039787 0.0067182 0.0072753 0.0148614 0.0130773 0.0134621 0.0116233 0.0088342 0.0159321 0.0064557 0.0091271 0.0080115 0.0025656 0.0057969 0.0085414 0.0066028 0.0118454 0.0011977 0.0112500 0.0037681 0.0086467 0.0124714 0.0050588 0.0069904 0.0033152 0.0054874 0.0078926 0.0028950 0.0019138 0.0066385 0.0079185 0.0086326 0.0060865 0.0068705 0.0070573 0.0101260 0.0115091 0.0019199 0.0069669 0.0057280 0.0036639 0.0037826 0.0053231 0.0061800 0.0085380 0.0056373 0.0075875 0.0081451 0.0037208 0.0034322 0.0064366 0.0017179 0.0026029 0.0028483 0.0057103 0.0022405 0.0099470 0.0037010 0.0042333 0.0043992 0.0040783 0.0084601 0.0032393 0.0045275 0.0018353 0.0076397 0.0039033 0.0146042 0.0073286 0.0117368 0.0096311 0.0201963 0.0117452 0.0064992 0.0068615 0.0027144 0.0023817 0.0055244 0.0047981 0.0053827 0.0080187 0.0120466 0.0197608 0.0128085 0.0154794 0.0103244 0.0097073 0.0063644 0.0133234 0.0121671 0.0097621 0.0043225 0.0007757 0.0020563 0.0036779 0.0039265 0.0059554 0.0052406 0.0035068 0.0016761 0.0031711 0.0011323 0.0015333 0.0017048 0.0002928 0.0017475 0.0015207 0.0019962 0.0019986 0.0025409 0.0045086 0.0002482 0.0005149 0.0023275 0.0002758 0.0047895 0.0003718 0.2511024 0.8994464 0.8597837 0.5117940 2.1423949
670032.0000000 0.9619922 0.5905329 0.5274830 0.2867834 7.4015331 1.5499689 9.3352977 0.1863297 0.9047674 0.3626675 0.0068755 4.4483458 2.7331016 5.6205612 0.4272138 0.9798987 0.3240423 0.0305229 3.4798331 6.6979476 1.6706546 0.0021502 0.5509358 0.0035807 0.8033719 0.2849237 4.8105681 0.2073815 6.2176205 0.7609038 0.0142437 0.0354129 9.4131199 5.5717544 6.5524607 0.1686785 30.3088793 4.0000000 1.1057583 4.0000000 1.7496115 2.2571386 0.6076422 3.0985807 1.2817137 2.3634371 6.6653830 4.1756256 0.9750026 0.8385261 8.3334783 -0.3836022 7.4936661 2.0299367 2.1908495 3.7198992 3.8981240 4.1416670 3.1632156 6.2742754 1.6185999 12.3023406 2.5437090 0.3900000 1.0000000 1.9000000 1.4400000 0.8880072 0.0000000 0.9138129 0.0210000 0.0110477 0.0105527 0.0075900 0.0054943 0.0145359 0.0103274 0.0098980 0.0040883 0.0065612 0.0070106 0.0146978 0.0122914 0.0136543 0.0114176 0.0093021 0.0157450 0.0064377 0.0089690 0.0083122 0.0030055 0.0057784 0.0087432 0.0062742 0.0119447 0.0013655 0.0104926 0.0039805 0.0088028 0.0126091 0.0056273 0.0073715 0.0031127 0.0052516 0.0082306 0.0028876 0.0016597 0.0065400 0.0082257 0.0087224 0.0060532 0.0066818 0.0070845 0.0105337 0.0115560 0.0016486 0.0071649 0.0061547 0.0029735 0.0037930 0.0047705 0.0060094 0.0078015 0.0056437 0.0076404 0.0081259 0.0038656 0.0037351 0.0063667 0.0017081 0.0026770 0.0028808 0.0057022 0.0024644 0.0098395 0.0035840 0.0041946 0.0042404 0.0036825 0.0084959 0.0031252 0.0043924 0.0015775 0.0075401 0.0037935 0.0154065 0.0077137 0.0121454 0.0099890 0.0197538 0.0116490 0.0067812 0.0064112 0.0027899 0.0022281 0.0047119 0.0053082 0.0057408 0.0083767 0.0121180 0.0196361 0.0131181 0.0157929 0.0104187 0.0097848 0.0061878 0.0135655 0.0125400 0.0102086 0.0032957 0.0006483 0.0019551 0.0036668 0.0041275 0.0059225 0.0053157 0.0036175 0.0015364 0.0032173 0.0012902 0.0015365 0.0016098 0.0003661 0.0020514 0.0017188 0.0018284 0.0021512 0.0025241 0.0044442 0.0004299 0.0006588 0.0023100 0.0003150 0.0047895 0.0003088 0.2515621 0.9000000 0.8575377 0.5187822 2.2236853
670063.0000000 0.9600038 0.6143330 0.5270877 0.2975481 8.1140359 1.4785630 9.4732721 0.1989303 0.9001706 0.3489350 0.0067887 4.4583543 2.3003246 5.8904629 0.4313955 0.9566066 0.3379911 0.0330778 3.6951388 6.8687693 1.8839391 0.0020626 0.5657312 0.0036546 0.7978511 0.4782202 4.5022391 0.0722072 6.8066792 0.7809600 0.0100000 0.0368749 9.6256783 5.1639444 6.6269397 0.1788670 28.4424017 4.0000000 1.1042039 4.0000000 1.7989804 2.1562532 0.6280188 3.1663316 1.3568310 2.2452833 6.5361396 4.0839679 0.8972441 0.7799076 8.2464379 -0.4043048 7.7091689 2.1477150 2.2199915 4.0422064 3.7877026 4.3530302 3.1645229 6.2617377 1.7155380 12.4127850 2.5128204 0.3900000 1.0000000 1.9000000 1.4400000 0.8855337 0.0000000 0.9124783 0.0207137 0.0112380 0.0105999 0.0075223 0.0042274 0.0145499 0.0110544 0.0099604 0.0037100 0.0068864 0.0071945 0.0147883 0.0127280 0.0132971 0.0107166 0.0092440 0.0158750 0.0063795 0.0088453 0.0083196 0.0027452 0.0057885 0.0090015 0.0063963 0.0119830 0.0011318 0.0106167 0.0037178 0.0086893 0.0124212 0.0054509 0.0071358 0.0031474 0.0054283 0.0078791 0.0025875 0.0020891 0.0066228 0.0080161 0.0085441 0.0061663 0.0071576 0.0066197 0.0098706 0.0116758 0.0020209 0.0066783 0.0060457 0.0035012 0.0038337 0.0052858 0.0062913 0.0082638 0.0056284 0.0075400 0.0081544 0.0035780 0.0036011 0.0063897 0.0020227 0.0027582 0.0028036 0.0058877 0.0024824 0.0096386 0.0035387 0.0041131 0.0043231 0.0039823 0.0085239 0.0030788 0.0045212 0.0018710 0.0075044 0.0037877 0.0154105 0.0070227 0.0123193 0.0102259 0.0198176 0.0115553 0.0068985 0.0069056 0.0027267 0.0024381 0.0052426 0.0053356 0.0061361 0.0082051 0.0127741 0.0199319 0.0128487 0.0156876 0.0106513 0.0096985 0.0063562 0.0133120 0.0120427 0.0100900 0.0038756 0.0006156 0.0022936 0.0035549 0.0038465 0.0060015 0.0053905 0.0036191 0.0016647 0.0031162 0.0011516 0.0016044 0.0016215 0.0004343 0.0018287 0.0015530 0.0019306 0.0020141 0.0026444 0.0047124 0.0002822 0.0006146 0.0023209 0.0003257 0.0047895 0.0004666 0.2545754 0.8982811 0.8595040 0.4909833 2.1970761
670120.0000000 0.9620702 0.5978825 0.5354171 0.2888764 7.4782504 1.4843358 9.6306924 0.1867041 0.8985136 0.3711482 0.0068663 4.5168807 2.5379825 5.7169225 0.4239547 0.9665940 0.3360486 0.0316051 3.9525752 6.9864394 1.6186613 0.0023220 0.5512542 0.0034634 0.8093685 0.2000000 4.3942038 0.1143416 5.9212484 0.7580503 0.0100000 0.0443172 9.2091761 5.5395841 6.6875208 0.1697208 30.2131418 4.0000000 1.1049557 4.0000000 1.7777146 2.2226898 0.6395662 3.3286429 1.2657486 2.3367697 6.5984732 4.4013494 0.8356955 0.8359968 8.1073178 -0.4124300 7.3160628 2.0108780 2.3208581 4.0275813 3.9068714 4.2055693 3.1628045 6.2630947 1.6666860 12.4205539 2.5375231 0.3900000 1.0000000 1.9000000 1.4400000 0.8886566 0.0000000 0.9140178 0.0211269 0.0110237 0.0106648 0.0073728 0.0050640 0.0144601 0.0110247 0.0095620 0.0037913 0.0065732 0.0074430 0.0149836 0.0131728 0.0139717 0.0112911 0.0096805 0.0154420 0.0060560 0.0089175 0.0085185 0.0028224 0.0056651 0.0085585 0.0060173 0.0121901 0.0010690 0.0109442 0.0037883 0.0088000 0.0125334 0.0051931 0.0072495 0.0030341 0.0050823 0.0081130 0.0030231 0.0017122 0.0063195 0.0082200 0.0085324 0.0061185 0.0068489 0.0071302 0.0104378 0.0114987 0.0017178 0.0074286 0.0061390 0.0031442 0.0038513 0.0051223 0.0061309 0.0080071 0.0056715 0.0074511 0.0080987 0.0036398 0.0036579 0.0065876 0.0016765 0.0024967 0.0029290 0.0057373 0.0022797 0.0098387 0.0034586 0.0041904 0.0040147 0.0038157 0.0083799 0.0031291 0.0044926 0.0016920 0.0075639 0.0038793 0.0146624 0.0078257 0.0124152 0.0096363 0.0195827 0.0123830 0.0068629 0.0061794 0.0026116 0.0027017 0.0050259 0.0054716 0.0057621 0.0077315 0.0122026 0.0193933 0.0131503 0.0156816 0.0108511 0.0101031 0.0063907 0.0137699 0.0122600 0.0094152 0.0034134 0.0006553 0.0020983 0.0036616 0.0040005 0.0058769 0.0051441 0.0036752 0.0015111 0.0032533 0.0011658 0.0016475 0.0016470 0.0002733 0.0018944 0.0016868 0.0018190 0.0020936 0.0025137 0.0047153 0.0003784 0.0006511 0.0023981 0.0002185 0.0047453 0.0005428 0.2523639 0.8989959 0.8596294 0.5307129 2.2790591
664227.0000000 0.9621318 0.5817164 0.5389515 0.2927272 7.6653022 1.2694150 9.3634879 0.1883099 0.8972472 0.3658171 0.0070237 4.5126287 2.4416325 5.7961409 0.4358514 0.9641960 0.3404871 0.0319516 3.8212734 6.5878869 1.7429931 0.0024596 0.5462821 0.0035054 0.7990150 0.2678808 4.6128419 0.2686348 5.8420840 0.7577794 0.0150890 0.0373616 9.4578513 5.5281829 6.7265241 0.1733268 29.1856071 4.0000000 1.1096162 4.0000000 1.7761968 2.2487410 0.6136795 3.2991086 1.2725855 2.3333698 6.5469332 4.4150211 0.9111673 0.8221379 8.1224483 -0.3992722 7.3738159 2.0484101 2.3595287 3.9494168 4.0504427 4.1581291 3.1646623 6.2776523 1.6763108 12.4394427 2.5308522 0.3900000 1.0000000 1.9000000 1.4400000 0.8879184 0.0000000 0.9132416 0.0202960 0.0109557 0.0105372 0.0075262 0.0051451 0.0145267 0.0110198 0.0097142 0.0037708 0.0064136 0.0071429 0.0148209 0.0131411 0.0137498 0.0114294 0.0095192 0.0152930 0.0064715 0.0086871 0.0082421 0.0031858 0.0056565 0.0087913 0.0062640 0.0121396 0.0009026 0.0107451 0.0038018 0.0087296 0.0124898 0.0052480 0.0075568 0.0029628 0.0051681 0.0079962 0.0027928 0.0017919 0.0064494 0.0082352 0.0083085 0.0060299 0.0070257 0.0073373 0.0100796 0.0114753 0.0018164 0.0073318 0.0060200 0.0031879 0.0039419 0.0050045 0.0061643 0.0081798 0.0059057 0.0076308 0.0080183 0.0036610 0.0036598 0.0065134 0.0018466 0.0026297 0.0028052 0.0056640 0.0022105 0.0096943 0.0036969 0.0041716 0.0041434 0.0037110 0.0083611 0.0031449 0.0045729 0.0016267 0.0074784 0.0039046 0.0147785 0.0076763 0.0120207 0.0096268 0.0200576 0.0117193 0.0065930 0.0063312 0.0025934 0.0022968 0.0051952 0.0056846 0.0053230 0.0079393 0.0119986 0.0194733 0.0128563 0.0154243 0.0104733 0.0096808 0.0060739 0.0134628 0.0121732 0.0098229 0.0037757 0.0006719 0.0021137 0.0035150 0.0039796 0.0058531 0.0052018 0.0036965 0.0015915 0.0031906 0.0012188 0.0015845 0.0016197 0.0002440 0.0019688 0.0015960 0.0017718 0.0020128 0.0026427 0.0046269 0.0004465 0.0005967 0.0023642 0.0002428 0.0046979 0.0004776 0.2516819 0.9000000 0.8594751 0.5371205 2.2587083
664302.0000000 0.9630628 0.6180974 0.5145199 0.2987661 8.6088153 1.6223876 9.5861391 0.1906661 0.8952419 0.3465696 0.0067981 4.3897289 2.8865350 6.0242443 0.4355757 0.9710341 0.3456590 0.0308917 3.8626613 6.9871995 1.7564567 0.0021833 0.5484417 0.0037047 0.8093430 0.2644615 4.6278363 0.2448088 6.1405166 0.7631016 0.0100000 0.0597549 9.2813443 5.6752478 6.8552805 0.1745326 29.3621096 4.0000000 1.1050327 4.0000000 1.8315749 2.1247172 0.6550397 3.0136088 1.2933226 2.2674841 6.7637394 4.1997365 0.9492444 0.8133055 8.2012313 -0.4176986 8.0021270 2.2689596 2.1404466 4.1365231 4.0277881 4.4038270 3.1700000 6.2715803 1.7479374 12.4235452 2.5392047 0.3900000 1.0000000 1.9000000 1.4400000 0.8853898 0.0000000 0.9133777 0.0207178 0.0118628 0.0102652 0.0078322 0.0045171 0.0152063 0.0109576 0.0098722 0.0034305 0.0067320 0.0074149 0.0150267 0.0127625 0.0138380 0.0117159 0.0093751 0.0154807 0.0060860 0.0090054 0.0083151 0.0029233 0.0057341 0.0084254 0.0061184 0.0122974 0.0014420 0.0110152 0.0036782 0.0090479 0.0126023 0.0055089 0.0073055 0.0033285 0.0053871 0.0078565 0.0028516 0.0018320 0.0063194 0.0079992 0.0083515 0.0062915 0.0066348 0.0073191 0.0101114 0.0114966 0.0020001 0.0072108 0.0061203 0.0034637 0.0037137 0.0054117 0.0062211 0.0084752 0.0057741 0.0076459 0.0078107 0.0037750 0.0035466 0.0063374 0.0016910 0.0028480 0.0027895 0.0055825 0.0025776 0.0093419 0.0035791 0.0040734 0.0043542 0.0040271 0.0084901 0.0031822 0.0046495 0.0018404 0.0079626 0.0039203 0.0146757 0.0070709 0.0119219 0.0095745 0.0203240 0.0115694 0.0066645 0.0064904 0.0028722 0.0023822 0.0056952 0.0052099 0.0059181 0.0083412 0.0124156 0.0195305 0.0126808 0.0155219 0.0104142 0.0094769 0.0062587 0.0136507 0.0116299 0.0099395 0.0042936 0.0008676 0.0019576 0.0037032 0.0038287 0.0060054 0.0052657 0.0036334 0.0016021 0.0031253 0.0012977 0.0014740 0.0016641 0.0002774 0.0020132 0.0017036 0.0017986 0.0020890 0.0026416 0.0046634 0.0003480 0.0006696 0.0023627 0.0003242 0.0046236 0.0004532 0.2513188 0.8985631 0.8592027 0.5396153 2.2129134
664360.0000000 0.9607751 0.6218533 0.5403705 0.2934249 8.3578967 1.9301325 9.5228672 0.1843486 0.8941154 0.3407887 0.0067865 4.3066638 2.5082990 5.7486287 0.4162558 0.9709855 0.3390067 0.0320005 3.5483305 6.9451185 1.5452466 0.0022152 0.5437853 0.0036781 0.7896079 0.2525204 4.5202564 0.0754536 6.1856545 0.7595398 0.0100000 0.0294475 9.3299380 5.2874959 6.6633208 0.1711312 29.9691858 4.0000000 1.0953779 4.0000000 1.8330239 2.1847510 0.6442027 3.1264114 1.2363408 2.1910069 6.7702923 4.3825769 0.8575661 0.7931471 8.1011764 -0.4045149 7.8681686 2.3079423 2.1803187 4.2327166 4.0674686 4.3926714 3.1676168 6.2615970 1.6756142 12.5345088 2.5061979 0.3900000 1.0000000 1.9000000 1.4400000 0.8864181 0.0000000 0.9127455 0.0201520 0.0118112 0.0102787 0.0079505 0.0040674 0.0148104 0.0111498 0.0097799 0.0035829 0.0068913 0.0073729 0.0145270 0.0131937 0.0132724 0.0106299 0.0094842 0.0153586 0.0066360 0.0091492 0.0083933 0.0031119 0.0059369 0.0087220 0.0067617 0.0120696 0.0010257 0.0110574 0.0039447 0.0086022 0.0123968 0.0054729 0.0070208 0.0033926 0.0053672 0.0078814 0.0027084 0.0019492 0.0069096 0.0079973 0.0082237 0.0059398 0.0065865 0.0071199 0.0101619 0.0112878 0.0019183 0.0070931 0.0058334 0.0035811 0.0038515 0.0055580 0.0060132 0.0080205 0.0056034 0.0075691 0.0079769 0.0037461 0.0037527 0.0062479 0.0018736 0.0027431 0.0028720 0.0057434 0.0022875 0.0092570 0.0033424 0.0041992 0.0044206 0.0038272 0.0085377 0.0029763 0.0046121 0.0019783 0.0078840 0.0036392 0.0154171 0.0075471 0.0124307 0.0097838 0.0199631 0.0118428 0.0063325 0.0068526 0.0029462 0.0022860 0.0051679 0.0053914 0.0062705 0.0082776 0.0125107 0.0195194 0.0125431 0.0156586 0.0101654 0.0094478 0.0065696 0.0134871 0.0119453 0.0101805 0.0038204 0.0007116 0.0020397 0.0036119 0.0039285 0.0058723 0.0052966 0.0036299 0.0016759 0.0029773 0.0011751 0.0015010 0.0017809 0.0003314 0.0018473 0.0016342 0.0017396 0.0021571 0.0024887 0.0045732 0.0002138 0.0006095 0.0023374 0.0002431 0.0047895 0.0006041 0.2522171 0.8985982 0.8611147 0.5138492 2.3088822
670380.0000000 0.9617773 0.5788335 0.5187348 0.2921640 8.1978303 1.2061676 9.5412360 0.1870997 0.9024946 0.3614087 0.0068435 4.5876038 2.7692336 5.7276329 0.4303624 0.9541100 0.3205636 0.0309968 3.9192340 7.0266791 1.6952326 0.0022478 0.5401456 0.0034170 0.8047841 0.2000000 4.3578815 0.2175589 5.9133810 0.7488052 0.0100000 0.0278281 9.1594481 5.5687726 6.8106632 0.1686079 29.4238141 4.0000000 1.1052392 4.0000000 1.7606898 2.2690804 0.6064547 3.3335270 1.2575407 2.3150516 6.6607490 4.3785510 0.7768999 0.8275895 8.1198696 -0.4049610 7.3459773 2.0110144 2.2689324 3.8693862 3.9975494 4.1516320 3.1637345 6.2673914 1.6460568 12.4406401 2.5516685 0.3900000 1.0000000 1.9000000 1.4400000 0.8879783 0.0000000 0.9142318 0.0212631 0.0110702 0.0103608 0.0074060 0.0049036 0.0141777 0.0109427 0.0094443 0.0039080 0.0066162 0.0075814 0.0146678 0.0133323 0.0137917 0.0114262 0.0094374 0.0153484 0.0064230 0.0088952 0.0082139 0.0028280 0.0056422 0.0087916 0.0060087 0.0123276 0.0011524 0.0107391 0.0037176 0.0088415 0.0127168 0.0053556 0.0073750 0.0029613 0.0051643 0.0083102 0.0029739 0.0016597 0.0064783 0.0079071 0.0086539 0.0059041 0.0068449 0.0069078 0.0104036 0.0116758 0.0016934 0.0074071 0.0060900 0.0030747 0.0035809 0.0047258 0.0061032 0.0080777 0.0057940 0.0074092 0.0081818 0.0037101 0.0036447 0.0063640 0.0017133 0.0024858 0.0030267 0.0057986 0.0022666 0.0099361 0.0034886 0.0043973 0.0041038 0.0038119 0.0086008 0.0028923 0.0044842 0.0018636 0.0076495 0.0039513 0.0148261 0.0079921 0.0119160 0.0096900 0.0201880 0.0118091 0.0067331 0.0064624 0.0025631 0.0025332 0.0049400 0.0055549 0.0056190 0.0081911 0.0120182 0.0196995 0.0133887 0.0158665 0.0110098 0.0097727 0.0062434 0.0137197 0.0121774 0.0094747 0.0039227 0.0008016 0.0020517 0.0036321 0.0041242 0.0057852 0.0052371 0.0036590 0.0015791 0.0032062 0.0011403 0.0016820 0.0017095 0.0002781 0.0019291 0.0016411 0.0017953 0.0020386 0.0025823 0.0047398 0.0003759 0.0005627 0.0024173 0.0002570 0.0047393 0.0004856 0.2524537 0.8989879 0.8595031 0.5205169 2.2313515
658471.0000000 0.9609304 0.6044376 0.5261648 0.2935576 8.3735419 1.4729315 9.3858046 0.1945248 0.8970872 0.3470344 0.0068308 4.5796570 2.5444608 5.9967215 0.4203945 0.9663527 0.3364503 0.0308273 3.8907087 6.9843703 1.8275655 0.0022049 0.5532807 0.0036427 0.7920030 0.2000000 4.4911357 0.3007510 5.9726797 0.7554289 0.0100000 0.0618269 9.1849388 5.6350132 6.9796064 0.1826135 29.1102902 4.0000000 1.1112021 4.0000000 1.7801660 2.2224926 0.6321554 3.0395695 1.3428897 2.2225550 6.5028787 4.2329901 1.0479973 0.8306783 8.1571049 -0.3896893 7.5037036 2.0662470 2.2428038 4.0435063 3.8800906 4.3625925 3.1692499 6.2731485 1.6810202 12.4022865 2.4850566 0.3900000 1.0000000 1.9000000 1.4400000 0.8853904 0.0000000 0.9143605 0.0210666 0.0110836 0.0105552 0.0072750 0.0047705 0.0147194 0.0104696 0.0097389 0.0038428 0.0068762 0.0075048 0.0150306 0.0131632 0.0139554 0.0115100 0.0093406 0.0152312 0.0062682 0.0088917 0.0080024 0.0027022 0.0056771 0.0087271 0.0061474 0.0123460 0.0010321 0.0112168 0.0036877 0.0082582 0.0121872 0.0049596 0.0071451 0.0032695 0.0051834 0.0081118 0.0027819 0.0018754 0.0066208 0.0081336 0.0082601 0.0059265 0.0068941 0.0070119 0.0101106 0.0115864 0.0019526 0.0068636 0.0060274 0.0033437 0.0039437 0.0050600 0.0063399 0.0080999 0.0055371 0.0077479 0.0078331 0.0036430 0.0035607 0.0063457 0.0018682 0.0027678 0.0028360 0.0056770 0.0023274 0.0095727 0.0035557 0.0042708 0.0043765 0.0038185 0.0082700 0.0030314 0.0046871 0.0018323 0.0074853 0.0037400 0.0144823 0.0079126 0.0123421 0.0098528 0.0200870 0.0116638 0.0069651 0.0063556 0.0026417 0.0023969 0.0056410 0.0056760 0.0057071 0.0081066 0.0125171 0.0195121 0.0127011 0.0157130 0.0101497 0.0094051 0.0060350 0.0135863 0.0119136 0.0095026 0.0040069 0.0006961 0.0020850 0.0035536 0.0039973 0.0060243 0.0052272 0.0034994 0.0016806 0.0031533 0.0012949 0.0016181 0.0017150 0.0003063 0.0020421 0.0016445 0.0017985 0.0020534 0.0026983 0.0045421 0.0002855 0.0005294 0.0023065 0.0002258 0.0047377 0.0004081 0.2526106 0.8972139 0.8596564 0.5279259 2.1693410
658517.0000000 0.9608665 0.5934466 0.5285565 0.3111342 8.2202635 1.6489890 9.5927414 0.1848946 0.8954446 0.3484104 0.0067674 4.3728314 2.4718935 5.9837149 0.4345990 0.9546881 0.3315643 0.0319126 3.9454002 7.0598742 1.7319710 0.0020047 0.5588061 0.0039082 0.7901381 0.3092360 4.7760843 0.0771429 6.2485039 0.7564727 0.0113122 0.0482316 9.3258596 5.4154124 6.6674024 0.1621736 29.9472888 4.0000000 1.0995554 4.0000000 1.7822600 2.2014720 0.6345265 3.1771891 1.3372335 2.2655422 6.7402748 4.2539302 1.1756551 0.8261340 8.2230783 -0.3995361 7.6156442 2.2326356 2.2020207 4.3060053 3.9952435 4.2952630 3.1700000 6.2600870 1.7259889 12.4291822 2.5019911 0.3900000 1.0000000 1.9000000 1.4400000 0.8854906 0.0000000 0.9123999 0.0204838 0.0113098 0.0105282 0.0079242 0.0047318 0.0147015 0.0104054 0.0095403 0.0036757 0.0068269 0.0072855 0.0147891 0.0130604 0.0135490 0.0112831 0.0088071 0.0161026 0.0062742 0.0090972 0.0081914 0.0029052 0.0058239 0.0089738 0.0062811 0.0119702 0.0009525 0.0108508 0.0036745 0.0086070 0.0122417 0.0052957 0.0072350 0.0031984 0.0053836 0.0078515 0.0027510 0.0016665 0.0066227 0.0077804 0.0085310 0.0062908 0.0068132 0.0069617 0.0103219 0.0116596 0.0019692 0.0069628 0.0059928 0.0036198 0.0037191 0.0051886 0.0059473 0.0081597 0.0057302 0.0074977 0.0078780 0.0037896 0.0034666 0.0062486 0.0018592 0.0028093 0.0028363 0.0055770 0.0023171 0.0097377 0.0032645 0.0041274 0.0042148 0.0038705 0.0082193 0.0029441 0.0047910 0.0019406 0.0077961 0.0034837 0.0150089 0.0074238 0.0118989 0.0097245 0.0198950 0.0117148 0.0065877 0.0065903 0.0026141 0.0023721 0.0054853 0.0054834 0.0055094 0.0081451 0.0122264 0.0197869 0.0125147 0.0156399 0.0100454 0.0096164 0.0065205 0.0133976 0.0118090 0.0100348 0.0038553 0.0007120 0.0020865 0.0036130 0.0040164 0.0059689 0.0053060 0.0036359 0.0016755 0.0031467 0.0011896 0.0015560 0.0017008 0.0002976 0.0018736 0.0015600 0.0017996 0.0022359 0.0025703 0.0044681 0.0002138 0.0005853 0.0023942 0.0003235 0.0047475 0.0004179 0.2517327 0.8997454 0.8601500 0.5201403 2.1765850
670537.0000000 0.9623144 0.5888024 0.5322906 0.3064640 8.3785566 1.4464077 9.4096925 0.2112920 0.8923958 0.3685866 0.0068287 4.5589361 2.4299986 5.9578279 0.4369627 0.9727650 0.3432915 0.0314394 3.9380187 6.9322782 1.8828653 0.0021433 0.5466952 0.0036435 0.7986372 0.2613722 4.6704461 0.2143902 6.2436073 0.7500541 0.0153295 0.0545345 9.1318017 5.3263550 6.7496439 0.1671732 29.2174891 4.0000000 1.1008552 4.0000000 1.8137857 2.1486908 0.6255839 3.1177465 1.3014893 2.2410184 6.6843111 4.2015810 1.0709820 0.7645200 8.2216006 -0.4039241 7.7404525 2.2922388 2.1272790 4.1722300 4.0319806 4.4355554 3.1675494 6.2552436 1.6997359 12.4667854 2.4992642 0.3900000 1.0000000 1.9000000 1.4400000 0.8851090 0.0000000 0.9126483 0.0210347 0.0116541 0.0100812 0.0076278 0.0043363 0.0145867 0.0101350 0.0103380 0.0040072 0.0067188 0.0073916 0.0147995 0.0130382 0.0136999 0.0119012 0.0089787 0.0158920 0.0065299 0.0090342 0.0079879 0.0027204 0.0058278 0.0087292 0.0066181 0.0122335 0.0011387 0.0109878 0.0036202 0.0086071 0.0126367 0.0050672 0.0069405 0.0034173 0.0054517 0.0079045 0.0028440 0.0019510 0.0067020 0.0078684 0.0086004 0.0060182 0.0070376 0.0070812 0.0102431 0.0115681 0.0020205 0.0070955 0.0058462 0.0035557 0.0039443 0.0053780 0.0061178 0.0085428 0.0056350 0.0075809 0.0081878 0.0037489 0.0034879 0.0064516 0.0017219 0.0025984 0.0028958 0.0056045 0.0022707 0.0099433 0.0037358 0.0041753 0.0045930 0.0041100 0.0085827 0.0031948 0.0045620 0.0018774 0.0075906 0.0037353 0.0151271 0.0074257 0.0119383 0.0094413 0.0203100 0.0115017 0.0064815 0.0070156 0.0027134 0.0025618 0.0055112 0.0049405 0.0055126 0.0079515 0.0121532 0.0195824 0.0125759 0.0153267 0.0102300 0.0097645 0.0065116 0.0134244 0.0121265 0.0100243 0.0043574 0.0006897 0.0020561 0.0036184 0.0039138 0.0059406 0.0051782 0.0034937 0.0017136 0.0032471 0.0011924 0.0015027 0.0016637 0.0002440 0.0018028 0.0016217 0.0019830 0.0019489 0.0026131 0.0044988 0.0002138 0.0004432 0.0023670 0.0002866 0.0047411 0.0003887 0.2519054 0.8986903 0.8590231 0.5206696 2.2726522
664682.0000000 0.9627043 0.6261441 0.5254914 0.3070880 8.3341560 1.7055372 9.5020210 0.2010421 0.8906147 0.3483338 0.0069277 4.3305754 2.8624391 6.0038680 0.4486378 0.9626812 0.3405755 0.0313673 3.8422201 6.8635459 1.8687381 0.0022371 0.5528983 0.0038170 0.8081841 0.3120481 4.6078900 0.2375536 5.7155664 0.7675293 0.0127008 0.0608444 9.2534835 5.5473451 6.7157872 0.1799043 29.5183784 4.0000000 1.1034346 4.0000000 1.8754686 2.0800958 0.6435564 3.0614020 1.3326948 2.2611840 6.6904933 4.2036043 1.0216902 0.8270021 8.1399516 -0.4166314 7.8499063 2.2502390 2.1951787 4.1248315 4.0164172 4.4189614 3.1682145 6.2685377 1.7344183 12.4394278 2.5436300 0.3900000 1.0000000 1.9000000 1.4400000 0.8851403 0.0000000 0.9133228 0.0202890 0.0115715 0.0104481 0.0077153 0.0046138 0.0148244 0.0109396 0.0096750 0.0033846 0.0065582 0.0075417 0.0151879 0.0125315 0.0136201 0.0117235 0.0091986 0.0158306 0.0059183 0.0091136 0.0082317 0.0029545 0.0058051 0.0084449 0.0061941 0.0120793 0.0014224 0.0111882 0.0037614 0.0088681 0.0124250 0.0053583 0.0070835 0.0032600 0.0054029 0.0079416 0.0030306 0.0016785 0.0061927 0.0080357 0.0083404 0.0061605 0.0068073 0.0072280 0.0101716 0.0115483 0.0020295 0.0071982 0.0060068 0.0035095 0.0037335 0.0052298 0.0061259 0.0085271 0.0057046 0.0073902 0.0079096 0.0038892 0.0035604 0.0064306 0.0017843 0.0027444 0.0026771 0.0055021 0.0024228 0.0095295 0.0033846 0.0042238 0.0045008 0.0040071 0.0084919 0.0031943 0.0045051 0.0018090 0.0078219 0.0039179 0.0148569 0.0070859 0.0120383 0.0097112 0.0202925 0.0116005 0.0065041 0.0064828 0.0028798 0.0022965 0.0057992 0.0054716 0.0060291 0.0081978 0.0123972 0.0193722 0.0127176 0.0152994 0.0102376 0.0095037 0.0064837 0.0136553 0.0114866 0.0098042 0.0042686 0.0008448 0.0019831 0.0037514 0.0039283 0.0060050 0.0052279 0.0036084 0.0015914 0.0030557 0.0012762 0.0014982 0.0016002 0.0002440 0.0020201 0.0016076 0.0019058 0.0021076 0.0026318 0.0046367 0.0002675 0.0006377 0.0024260 0.0003593 0.0046343 0.0004970 0.2524389 0.8990210 0.8587480 0.5438633 2.2412239
653495.0000000 0.9614446 0.6015170 0.5387718 0.3285747 7.8054519 2.0753780 9.3743974 0.2045498 0.8699236 0.3814762 0.0069630 4.6521880 3.0219012 5.1032296 0.4319940 0.9638945 0.3709693 0.0338608 4.2196021 7.3867433 1.4503436 0.0022347 0.5489472 0.0037197 0.8106778 0.3082322 4.5577203 0.1908653 6.0620317 0.7501841 0.0111144 0.0527535 9.3380267 5.0984323 7.0579406 0.1580098 28.6694182 4.0000000 1.1295538 4.0000000 1.9460374 2.1446222 0.5729383 3.0223074 1.3808195 2.3828839 6.9180562 4.1994661 0.9493988 0.8271797 8.0055410 -0.4176279 7.4992698 2.2058440 1.9827043 3.5984306 4.2173308 4.1508379 3.1670312 6.2544922 1.7219267 13.1473198 2.5128720 0.3900000 1.0000000 1.9000000 1.4400000 0.8928491 0.0000000 0.9128127 0.0204063 0.0108363 0.0108057 0.0075601 0.0047437 0.0139134 0.0104956 0.0096506 0.0034284 0.0071263 0.0079952 0.0155289 0.0138085 0.0146466 0.0107961 0.0086198 0.0147976 0.0053945 0.0093353 0.0074387 0.0035376 0.0052957 0.0093506 0.0060451 0.0116748 0.0007192 0.0113600 0.0033912 0.0092244 0.0124841 0.0052779 0.0070730 0.0031287 0.0057933 0.0081211 0.0025748 0.0017985 0.0067167 0.0081469 0.0084247 0.0057735 0.0059376 0.0071359 0.0100097 0.0115535 0.0018641 0.0064415 0.0054707 0.0035115 0.0036856 0.0055744 0.0056684 0.0079061 0.0055195 0.0079246 0.0078523 0.0039730 0.0039088 0.0058896 0.0013252 0.0025042 0.0027592 0.0058972 0.0024318 0.0089791 0.0032708 0.0036516 0.0039072 0.0040210 0.0086016 0.0032459 0.0044396 0.0022890 0.0076727 0.0041689 0.0143283 0.0068353 0.0117399 0.0097747 0.0187577 0.0120387 0.0060046 0.0071412 0.0032734 0.0025215 0.0058719 0.0046950 0.0051662 0.0079250 0.0119177 0.0207004 0.0133089 0.0151325 0.0103929 0.0095361 0.0061820 0.0131843 0.0125721 0.0107124 0.0033656 0.0006031 0.0019543 0.0039958 0.0037517 0.0059129 0.0052593 0.0039070 0.0017747 0.0031648 0.0011284 0.0014317 0.0017976 0.0003345 0.0020332 0.0017083 0.0022002 0.0020892 0.0026457 0.0045710 0.0002742 0.0003122 0.0025765 0.0003922 0.0046461 0.0004678 0.2514569 0.8956427 0.8622040 0.5186959 2.3105415
670735.0000000 0.9617124 0.6185498 0.5338972 0.2760101 8.7835765 1.9155757 9.4421839 0.1899840 0.8874961 0.3456670 0.0067241 4.5504563 2.5088827 5.7125421 0.4389588 0.9746893 0.3519155 0.0312873 3.5877953 7.0170022 1.9697838 0.0021172 0.5499333 0.0037412 0.7958043 0.2975661 4.6686854 0.0524020 6.3994758 0.7684139 0.0112006 0.0442437 9.4860526 5.5079740 6.6320847 0.1851026 29.9238701 4.0000000 1.0957548 4.0000000 1.8383292 2.1584262 0.5953010 3.1311255 1.2543564 2.2233857 6.9460997 4.1985100 0.8511686 0.7899296 8.2494182 -0.3941126 7.7423391 2.1757443 2.1293240 4.2861633 4.0705483 4.3885536 3.1668593 6.2539174 1.6851793 12.3394396 2.4931463 0.3900000 1.0000000 1.9000000 1.4400000 0.8871698 0.0000000 0.9120690 0.0209221 0.0116329 0.0103239 0.0078043 0.0041544 0.0148218 0.0110024 0.0098522 0.0036616 0.0066978 0.0071882 0.0148308 0.0129162 0.0135919 0.0108522 0.0094565 0.0156420 0.0065364 0.0095150 0.0080775 0.0029884 0.0059674 0.0088161 0.0066219 0.0118832 0.0008791 0.0113050 0.0040346 0.0084078 0.0123260 0.0050243 0.0071694 0.0033060 0.0052507 0.0078954 0.0029606 0.0018725 0.0070433 0.0077952 0.0083146 0.0060934 0.0066664 0.0074256 0.0103391 0.0113956 0.0019135 0.0070333 0.0058395 0.0035182 0.0038370 0.0057069 0.0060538 0.0084328 0.0056891 0.0078173 0.0078710 0.0038188 0.0037948 0.0061871 0.0020324 0.0026984 0.0027703 0.0055590 0.0022761 0.0096622 0.0033426 0.0042507 0.0042116 0.0038650 0.0083164 0.0030184 0.0044919 0.0018742 0.0077459 0.0040231 0.0157420 0.0082358 0.0126093 0.0100701 0.0197628 0.0113328 0.0067008 0.0064472 0.0029317 0.0023883 0.0053201 0.0055092 0.0058823 0.0082931 0.0126996 0.0198973 0.0125746 0.0151840 0.0105103 0.0093016 0.0063162 0.0133412 0.0119053 0.0097951 0.0034783 0.0008184 0.0020152 0.0036182 0.0039630 0.0059451 0.0052657 0.0035736 0.0016889 0.0029615 0.0012217 0.0015943 0.0017336 0.0002440 0.0018417 0.0015290 0.0019129 0.0022736 0.0024941 0.0044587 0.0002138 0.0006192 0.0024422 0.0002817 0.0047696 0.0006613 0.2522537 0.8976603 0.8619149 0.5172442 2.2315472
670766.0000000 0.9607763 0.5901108 0.5355470 0.3012505 7.9514366 1.4272152 9.3063991 0.1829464 0.9006485 0.3608175 0.0066163 4.4202110 2.4669849 5.8077165 0.4395861 0.9542949 0.3256278 0.0322174 3.8531183 6.9290289 1.9781831 0.0025409 0.5406884 0.0033724 0.8030757 0.4445816 4.1911996 0.1406918 6.2064259 0.7681657 0.0130050 0.0266220 9.2656535 5.9256332 6.7414108 0.1603070 27.7106474 4.0000000 1.1018379 4.0000000 1.7483085 2.1912448 0.6396645 3.2741107 1.2245262 2.3376396 6.3385287 4.2308242 0.6842125 0.8615647 8.1649098 -0.4036237 7.7114953 2.0656459 2.3088861 3.9406615 4.0643766 4.0106511 3.1592956 6.2639657 1.6724984 12.3146826 2.5527230 0.3900000 1.0000000 1.9000000 1.4400000 0.8890511 0.0000000 0.9145638 0.0215139 0.0118474 0.0107974 0.0073959 0.0042197 0.0142956 0.0105487 0.0096366 0.0041468 0.0069486 0.0071162 0.0143316 0.0129108 0.0140375 0.0116429 0.0094603 0.0153087 0.0060232 0.0087458 0.0084540 0.0033159 0.0054301 0.0086834 0.0065652 0.0122381 0.0010351 0.0105602 0.0036208 0.0082060 0.0123316 0.0052469 0.0075863 0.0031003 0.0051766 0.0084338 0.0028150 0.0016597 0.0065848 0.0082854 0.0084398 0.0060663 0.0069743 0.0072825 0.0100461 0.0115429 0.0016416 0.0071805 0.0062600 0.0033117 0.0036683 0.0047678 0.0063487 0.0081123 0.0059233 0.0078052 0.0082167 0.0036085 0.0037362 0.0063158 0.0017247 0.0025989 0.0029547 0.0058216 0.0024941 0.0098139 0.0035499 0.0042994 0.0041343 0.0039571 0.0086466 0.0031968 0.0045006 0.0018634 0.0077148 0.0038817 0.0146201 0.0072107 0.0123046 0.0096289 0.0204145 0.0122820 0.0068389 0.0063198 0.0027200 0.0022928 0.0052878 0.0052050 0.0057968 0.0075207 0.0122817 0.0191683 0.0132111 0.0159953 0.0108420 0.0098687 0.0065776 0.0134296 0.0122473 0.0093740 0.0038304 0.0006780 0.0020520 0.0034162 0.0042647 0.0058561 0.0053258 0.0035817 0.0015088 0.0030884 0.0011570 0.0016124 0.0017169 0.0002807 0.0020698 0.0016950 0.0017854 0.0020547 0.0027348 0.0045190 0.0004043 0.0006512 0.0024545 0.0001952 0.0047113 0.0004063 0.2515352 0.8997438 0.8581697 0.5259472 2.2414105
670829.0000000 0.9611096 0.5808535 0.5337829 0.2863263 7.6108385 1.4291425 9.3973297 0.1972160 0.8906114 0.3627810 0.0070137 4.4729191 2.4211598 5.7884022 0.4480166 0.9655321 0.3327221 0.0314728 3.7628258 6.7619290 1.6480925 0.0021031 0.5442797 0.0034411 0.7950918 0.2000000 4.5569022 0.1556438 6.6935750 0.7678344 0.0100000 0.0342469 9.3127295 5.6966491 6.6833586 0.1760624 29.2184816 4.0000000 1.1106697 4.0000000 1.7832834 2.2073834 0.6404730 3.1623068 1.2347636 2.3813394 6.5228006 4.2458577 0.9754596 0.8304407 8.0919708 -0.3852288 7.4370773 2.0471403 2.1891065 3.8497993 4.0776462 4.2004749 3.1652954 6.2757917 1.6529516 12.3298743 2.5686309 0.3900000 1.0000000 1.9000000 1.4400000 0.8875807 0.0000000 0.9135694 0.0208904 0.0117808 0.0102633 0.0077613 0.0050007 0.0145482 0.0109449 0.0097756 0.0041383 0.0066957 0.0069941 0.0146666 0.0129206 0.0134653 0.0111732 0.0090298 0.0152856 0.0060382 0.0088379 0.0082219 0.0031145 0.0057386 0.0087870 0.0062556 0.0122487 0.0008568 0.0109970 0.0040738 0.0087304 0.0125661 0.0054251 0.0072128 0.0031757 0.0053927 0.0080278 0.0027358 0.0019390 0.0065678 0.0080373 0.0084792 0.0063057 0.0070030 0.0071469 0.0102810 0.0114810 0.0018033 0.0071917 0.0059079 0.0030439 0.0036693 0.0046808 0.0059164 0.0080403 0.0057569 0.0076231 0.0082392 0.0038278 0.0035199 0.0065796 0.0017899 0.0026512 0.0028930 0.0056471 0.0022536 0.0096251 0.0035580 0.0042103 0.0041620 0.0038758 0.0085195 0.0031468 0.0043143 0.0018789 0.0077017 0.0037111 0.0152333 0.0078675 0.0121405 0.0094992 0.0197562 0.0119810 0.0069173 0.0060682 0.0027841 0.0024914 0.0049865 0.0053056 0.0054717 0.0078762 0.0121056 0.0198415 0.0128277 0.0153785 0.0106095 0.0099879 0.0060272 0.0136672 0.0120413 0.0095449 0.0033241 0.0007621 0.0021158 0.0036087 0.0040534 0.0058921 0.0052059 0.0036261 0.0015436 0.0031430 0.0012008 0.0015307 0.0016425 0.0003000 0.0020097 0.0016688 0.0018435 0.0021572 0.0026864 0.0045929 0.0004151 0.0007772 0.0023550 0.0002865 0.0047433 0.0004057 0.2527185 0.8998432 0.8613384 0.5150444 2.3690481
670915.0000000 0.9601944 0.5908645 0.5362477 0.3053441 8.3009613 1.2087004 9.4450588 0.1978357 0.8889051 0.3530105 0.0067359 4.5017193 2.6771431 5.7067434 0.4244441 0.9677922 0.3345608 0.0323340 3.5856296 6.9532030 1.8971358 0.0022582 0.5574895 0.0036770 0.7906311 0.3463535 4.5566919 0.0956531 5.8876886 0.7662850 0.0100000 0.0426728 9.1138754 5.8454111 6.4814027 0.1614549 30.0955174 4.0000000 1.1001183 4.0000000 1.8300229 2.2101047 0.5935338 3.0719608 1.2929351 2.2484881 6.6683306 4.1269137 0.9540875 0.8376734 8.2255022 -0.3933494 7.5729601 2.0715901 2.3212134 4.0535432 4.0095078 4.3067963 3.1639110 6.2624647 1.6574661 12.5779852 2.5167802 0.3900000 1.0000000 1.9000000 1.4400000 0.8872848 0.0000000 0.9135646 0.0208731 0.0113634 0.0105154 0.0074798 0.0046120 0.0140394 0.0109712 0.0097448 0.0038016 0.0067365 0.0074747 0.0148118 0.0131741 0.0138375 0.0110804 0.0091187 0.0148986 0.0063126 0.0088089 0.0079975 0.0024318 0.0058339 0.0088499 0.0060805 0.0125268 0.0010912 0.0108613 0.0036915 0.0083354 0.0121690 0.0048720 0.0071719 0.0033997 0.0051525 0.0077805 0.0029030 0.0018493 0.0066006 0.0080409 0.0082467 0.0058241 0.0069979 0.0068310 0.0101274 0.0116758 0.0021903 0.0072170 0.0057795 0.0033929 0.0042507 0.0046926 0.0063286 0.0081301 0.0058088 0.0073858 0.0080273 0.0035628 0.0036315 0.0065001 0.0018198 0.0027692 0.0027520 0.0056024 0.0020994 0.0097180 0.0034915 0.0041152 0.0043873 0.0038791 0.0085073 0.0030469 0.0046719 0.0019828 0.0075121 0.0038945 0.0146815 0.0080908 0.0123202 0.0098771 0.0199112 0.0116320 0.0068254 0.0063372 0.0029278 0.0025174 0.0051472 0.0054384 0.0059563 0.0080238 0.0118718 0.0197742 0.0126921 0.0154914 0.0103476 0.0094926 0.0061316 0.0132400 0.0121393 0.0095625 0.0036751 0.0006329 0.0021810 0.0037052 0.0039241 0.0058931 0.0053219 0.0035873 0.0015934 0.0031833 0.0013203 0.0015083 0.0015923 0.0002440 0.0020556 0.0017524 0.0017635 0.0022595 0.0025888 0.0045714 0.0003952 0.0007302 0.0024379 0.0003216 0.0047640 0.0003714 0.2516187 0.8973732 0.8570754 0.5080228 2.2029143
665081.0000000 0.9602886 0.5832901 0.5324357 0.2918271 8.3224229 1.3448944 9.3592438 0.1844368 0.8946441 0.3581575 0.0068254 4.5114573 2.6765912 5.8727812 0.4311835 0.9613217 0.3306819 0.0323187 3.7162529 6.8079209 1.6917840 0.0022435 0.5485286 0.0036753 0.7947037 0.3393294 4.6268874 0.0528011 6.0566320 0.7645086 0.0100000 0.0499550 9.2877367 5.6901342 6.6895064 0.1629283 29.2240160 4.0000000 1.1059424 4.0000000 1.7867430 2.2060435 0.5983890 3.1750750 1.3268444 2.2413707 6.5604568 4.2570987 0.9925326 0.8116472 8.2022119 -0.3959490 7.5571114 2.1283373 2.2581530 4.0953802 3.9182776 4.3522762 3.1632553 6.2679174 1.6758454 12.4996685 2.5098717 0.3900000 1.0000000 1.9000000 1.4400000 0.8867976 0.0000000 0.9139128 0.0206404 0.0113900 0.0104265 0.0074303 0.0043660 0.0143355 0.0107055 0.0096334 0.0038406 0.0065249 0.0073909 0.0149942 0.0131339 0.0138150 0.0111007 0.0092452 0.0151490 0.0062492 0.0089231 0.0079951 0.0024796 0.0056779 0.0087801 0.0064055 0.0124129 0.0007843 0.0111277 0.0037717 0.0085024 0.0121956 0.0050254 0.0071819 0.0032331 0.0051622 0.0078544 0.0030112 0.0017948 0.0065454 0.0082366 0.0083175 0.0058637 0.0068783 0.0070331 0.0100842 0.0116758 0.0019658 0.0072621 0.0059046 0.0033169 0.0040501 0.0048990 0.0063584 0.0081218 0.0058347 0.0073680 0.0080485 0.0036343 0.0035531 0.0064235 0.0018132 0.0027622 0.0028706 0.0057116 0.0022554 0.0096776 0.0034628 0.0041582 0.0042422 0.0038070 0.0084547 0.0030461 0.0045879 0.0018684 0.0076504 0.0037923 0.0147949 0.0078721 0.0124414 0.0097544 0.0198393 0.0118942 0.0068104 0.0062501 0.0027652 0.0023766 0.0053229 0.0053120 0.0059299 0.0080227 0.0122727 0.0194683 0.0126458 0.0154954 0.0104181 0.0094350 0.0063135 0.0134505 0.0120517 0.0099502 0.0038340 0.0007111 0.0021256 0.0037068 0.0039543 0.0059781 0.0053181 0.0035732 0.0016294 0.0031742 0.0012994 0.0015352 0.0016463 0.0002573 0.0019426 0.0017048 0.0018289 0.0021452 0.0026177 0.0045516 0.0003494 0.0007068 0.0024613 0.0002808 0.0047594 0.0004245 0.2513264 0.8984295 0.8588993 0.5090831 2.3471557
671014.0000000 0.9620885 0.5761921 0.5248360 0.3199539 7.5856426 1.1420332 9.3177584 0.1972773 0.8987035 0.3654366 0.0069983 4.6980170 2.6336496 5.8077563 0.4418343 0.9609617 0.3399758 0.0314015 3.7912918 6.5800524 1.6586131 0.0023107 0.5442557 0.0036682 0.8043884 0.2000000 4.3323430 0.3359108 6.2128072 0.7603672 0.0147003 0.0337545 9.3288735 5.4793955 6.6683840 0.1625814 29.6568441 4.0000000 1.1085175 4.0000000 1.7403800 2.1870410 0.5794754 3.3298395 1.2764435 2.3799695 6.3994612 4.3363081 0.9322438 0.8120612 8.1647954 -0.3986935 7.4462680 2.0483373 2.2289922 4.0444653 3.8767761 4.3310211 3.1586893 6.2745746 1.6226314 12.3966295 2.5330320 0.3900000 1.0000000 1.9000000 1.4400000 0.8875211 0.0000000 0.9135208 0.0205866 0.0110032 0.0104861 0.0072171 0.0051696 0.0142285 0.0110908 0.0095152 0.0040207 0.0067470 0.0074232 0.0147864 0.0129561 0.0137277 0.0109716 0.0091240 0.0156738 0.0065463 0.0087957 0.0081295 0.0027660 0.0053703 0.0088482 0.0066051 0.0121625 0.0007192 0.0111285 0.0040788 0.0086342 0.0124802 0.0050515 0.0071306 0.0028963 0.0052738 0.0080447 0.0028518 0.0017658 0.0065822 0.0082656 0.0085555 0.0061146 0.0070927 0.0072414 0.0103424 0.0114267 0.0018794 0.0073150 0.0061052 0.0031452 0.0038881 0.0048926 0.0063913 0.0080563 0.0059558 0.0077256 0.0080155 0.0037523 0.0035906 0.0064124 0.0017141 0.0027217 0.0028267 0.0057993 0.0022612 0.0099892 0.0035639 0.0043823 0.0039457 0.0037986 0.0082919 0.0030129 0.0044764 0.0017167 0.0075000 0.0038614 0.0153694 0.0081640 0.0125015 0.0097200 0.0202531 0.0123644 0.0070957 0.0060788 0.0028409 0.0025733 0.0052290 0.0054657 0.0055220 0.0085032 0.0124411 0.0195059 0.0130447 0.0158095 0.0103205 0.0099201 0.0063875 0.0135900 0.0121104 0.0092955 0.0036427 0.0009741 0.0019757 0.0037188 0.0042181 0.0058146 0.0053840 0.0036498 0.0014903 0.0032022 0.0012944 0.0016285 0.0016107 0.0003071 0.0020129 0.0016735 0.0017830 0.0020667 0.0025853 0.0045678 0.0003907 0.0006631 0.0023363 0.0003529 0.0047755 0.0003312 0.2513860 0.8992711 0.8606482 0.5250164 2.2584813
659148.0000000 0.9605123 0.5860525 0.5207382 0.3096398 8.5044742 1.6982105 9.7025868 0.1882187 0.8843495 0.3527220 0.0066704 4.6575442 2.4792342 6.2221958 0.4387392 0.9444211 0.3390416 0.0312089 3.9100558 6.9470108 1.7490443 0.0021072 0.5577693 0.0038305 0.7860293 0.2000000 4.6596800 0.2881739 6.7820878 0.7484568 0.0100000 0.0531834 9.4154999 5.7423750 6.4548132 0.1562987 30.2411785 4.0000000 1.0998183 4.0000000 1.7650511 2.1316156 0.6415101 3.1282978 1.3352035 2.3289178 6.6702847 4.2661992 1.0603434 0.8055946 8.1334690 -0.3925952 7.7527799 2.2513091 2.1488730 4.3675316 4.1453283 4.4026566 3.1692587 6.2635515 1.7111015 12.5469916 2.5378370 0.3900000 1.0000000 1.9000000 1.4400000 0.8850974 0.0000000 0.9124648 0.0205669 0.0109007 0.0103825 0.0075802 0.0049160 0.0148698 0.0098426 0.0094570 0.0037127 0.0069353 0.0071758 0.0147921 0.0127681 0.0139769 0.0110196 0.0090316 0.0164185 0.0063210 0.0093352 0.0078913 0.0031174 0.0059126 0.0087015 0.0062282 0.0118853 0.0010772 0.0109120 0.0035669 0.0085593 0.0124631 0.0048048 0.0071496 0.0031217 0.0052004 0.0080763 0.0028571 0.0017208 0.0065968 0.0082646 0.0085395 0.0064064 0.0065410 0.0070703 0.0101832 0.0116520 0.0018871 0.0069195 0.0059417 0.0036865 0.0039707 0.0050864 0.0059727 0.0081563 0.0055179 0.0076725 0.0077641 0.0037589 0.0034938 0.0064227 0.0019011 0.0029041 0.0029560 0.0055707 0.0025026 0.0096152 0.0033462 0.0041173 0.0043024 0.0038988 0.0081927 0.0029703 0.0047484 0.0019423 0.0077673 0.0034488 0.0152671 0.0072083 0.0114471 0.0097751 0.0201139 0.0116901 0.0066485 0.0066959 0.0030052 0.0023609 0.0058430 0.0053053 0.0058616 0.0086040 0.0122898 0.0202760 0.0122892 0.0153686 0.0102061 0.0092214 0.0068885 0.0137452 0.0119810 0.0096687 0.0039470 0.0006582 0.0021462 0.0037204 0.0039869 0.0059228 0.0051575 0.0036394 0.0015956 0.0031728 0.0012558 0.0015925 0.0016767 0.0002440 0.0019569 0.0016077 0.0019189 0.0022800 0.0025518 0.0045156 0.0003017 0.0006743 0.0023403 0.0003862 0.0047517 0.0003814 0.2523558 0.8983083 0.8594137 0.5172908 2.2682909
665217.0000000 0.9617382 0.5911870 0.5235088 0.3186496 8.5442652 1.5671684 9.4602770 0.1902507 0.8929551 0.3679545 0.0069676 4.5842492 2.4329846 6.0224647 0.4379741 0.9727033 0.3392367 0.0318179 3.9493378 6.9077011 1.8129255 0.0020557 0.5509359 0.0035911 0.8006676 0.2304427 4.6579444 0.2188828 6.0718148 0.7449205 0.0100000 0.0459867 9.2025692 5.3066966 6.8802521 0.1745844 29.2817263 4.0000000 1.1051286 4.0000000 1.8106451 2.1956901 0.6458078 3.1437895 1.3178447 2.2251563 6.5698623 4.2425876 0.9776198 0.7939888 8.1734173 -0.3985959 7.8040965 2.2310684 2.1794485 4.1045313 4.1277497 4.3416573 3.1665146 6.2620178 1.6936392 12.3974141 2.5184396 0.3900000 1.0000000 1.9000000 1.4400000 0.8846613 0.0000000 0.9128398 0.0210719 0.0113997 0.0101770 0.0077367 0.0043837 0.0141091 0.0104351 0.0102141 0.0038777 0.0066869 0.0072648 0.0148106 0.0130575 0.0138509 0.0115911 0.0085751 0.0158956 0.0064992 0.0093164 0.0078438 0.0025401 0.0055815 0.0087641 0.0064272 0.0120728 0.0009932 0.0110220 0.0036492 0.0086368 0.0126169 0.0048111 0.0069405 0.0034799 0.0055155 0.0078582 0.0029836 0.0019024 0.0067106 0.0078388 0.0084628 0.0059205 0.0070306 0.0070272 0.0100801 0.0115324 0.0020019 0.0069452 0.0058204 0.0034562 0.0040236 0.0055305 0.0060906 0.0085430 0.0057216 0.0074084 0.0081180 0.0037362 0.0034781 0.0064331 0.0017403 0.0026922 0.0027641 0.0056571 0.0021545 0.0098337 0.0037426 0.0041709 0.0043828 0.0040577 0.0084845 0.0031372 0.0046525 0.0018257 0.0077451 0.0039254 0.0146924 0.0074124 0.0117756 0.0096771 0.0200122 0.0114341 0.0067241 0.0069642 0.0026069 0.0025579 0.0053035 0.0049278 0.0056331 0.0081302 0.0119357 0.0196866 0.0128488 0.0153145 0.0102227 0.0097095 0.0066473 0.0133809 0.0122082 0.0096706 0.0040273 0.0006251 0.0020466 0.0036881 0.0039341 0.0058977 0.0051523 0.0035492 0.0016670 0.0032099 0.0011939 0.0015102 0.0017216 0.0003132 0.0016837 0.0016264 0.0019225 0.0019364 0.0025489 0.0044587 0.0002222 0.0004951 0.0022708 0.0003474 0.0047750 0.0003589 0.2508130 0.8997472 0.8594793 0.5283622 2.1110597
671149.0000000 0.9619429 0.5817898 0.5194720 0.2874680 7.5609855 1.5473847 9.1738254 0.1949478 0.9004299 0.3638082 0.0069573 4.3844474 2.7531707 5.7696308 0.4575655 0.9745942 0.3205947 0.0323967 3.9016142 6.4676548 1.8714927 0.0022431 0.5604671 0.0035525 0.7913705 0.2000000 4.5899404 0.2322549 6.0372219 0.7664416 0.0100000 0.0290619 9.3490972 5.6329795 6.4744727 0.1805989 30.0354141 4.0000000 1.1062885 4.0000000 1.7511854 2.2486266 0.6072312 3.1938441 1.2732839 2.3629765 6.4513735 4.3060088 0.9574536 0.8194530 8.2942816 -0.3816244 7.4842141 2.0142263 2.2303920 3.8273472 4.0000124 4.1672169 3.1602119 6.2687920 1.6381256 12.4002182 2.5431790 0.3900000 1.0000000 1.9000000 1.4400000 0.8871857 0.0000000 0.9132124 0.0213372 0.0115866 0.0105662 0.0076055 0.0055677 0.0139745 0.0108473 0.0098485 0.0040530 0.0067465 0.0070589 0.0150344 0.0127184 0.0135559 0.0113281 0.0093145 0.0151026 0.0061763 0.0089416 0.0084021 0.0031914 0.0055898 0.0087954 0.0061461 0.0123713 0.0010126 0.0109642 0.0039761 0.0089355 0.0125137 0.0052761 0.0073590 0.0030814 0.0053105 0.0079672 0.0027739 0.0019957 0.0064920 0.0084363 0.0088310 0.0062021 0.0069427 0.0069492 0.0099922 0.0115908 0.0018858 0.0073724 0.0061723 0.0032178 0.0037911 0.0048790 0.0059863 0.0080429 0.0059210 0.0076060 0.0081040 0.0038107 0.0035893 0.0065238 0.0016867 0.0024913 0.0029204 0.0056566 0.0024313 0.0098465 0.0035344 0.0041159 0.0040872 0.0037936 0.0085413 0.0030864 0.0044077 0.0017105 0.0075806 0.0037714 0.0151795 0.0075920 0.0121876 0.0094067 0.0199867 0.0117685 0.0066233 0.0060830 0.0027189 0.0024745 0.0051221 0.0052242 0.0056691 0.0078575 0.0121731 0.0199693 0.0133144 0.0153021 0.0105056 0.0095194 0.0060022 0.0135779 0.0123138 0.0098980 0.0034162 0.0007716 0.0020830 0.0036457 0.0041358 0.0059802 0.0052584 0.0035636 0.0015725 0.0031753 0.0011616 0.0015709 0.0016597 0.0004059 0.0020174 0.0017666 0.0018374 0.0020885 0.0025734 0.0045414 0.0003148 0.0007057 0.0023772 0.0002831 0.0047826 0.0003613 0.2514804 0.9000000 0.8582489 0.5218639 2.2621321
671234.0000000 0.9605099 0.5876198 0.5394717 0.2941509 8.4171517 1.3772895 9.5109257 0.1835496 0.8995901 0.3601402 0.0068041 4.5396773 2.8107082 5.6949640 0.4271403 0.9683831 0.3301346 0.0326970 3.5374633 6.8642362 1.8744826 0.0023294 0.5540881 0.0036886 0.7860228 0.2234047 4.7855734 0.1428381 6.1108504 0.7658081 0.0100000 0.0419073 9.1159437 5.7944154 6.6937803 0.1500000 29.5272365 4.0000000 1.1038497 4.0000000 1.7814254 2.1572306 0.6209576 3.1193138 1.3305820 2.2886619 6.6265999 4.1941307 1.0275835 0.8121529 8.2212451 -0.4016154 7.5281198 2.1091864 2.3226600 3.9849153 3.9000244 4.3786149 3.1635918 6.2654786 1.6564374 12.4272662 2.5190967 0.3900000 1.0000000 1.9000000 1.4400000 0.8866892 0.0000000 0.9131504 0.0209032 0.0111120 0.0105905 0.0072932 0.0047230 0.0141582 0.0110049 0.0097261 0.0038306 0.0065933 0.0073657 0.0147783 0.0132323 0.0136938 0.0109322 0.0092598 0.0153078 0.0063320 0.0086679 0.0079332 0.0026376 0.0056035 0.0088207 0.0060485 0.0123654 0.0010617 0.0109833 0.0036368 0.0083759 0.0122014 0.0048055 0.0070028 0.0032571 0.0051954 0.0078647 0.0030906 0.0018192 0.0065490 0.0082032 0.0085345 0.0056479 0.0070491 0.0069462 0.0101592 0.0116758 0.0020005 0.0071403 0.0058155 0.0033671 0.0040414 0.0049027 0.0063711 0.0080701 0.0058371 0.0072834 0.0080578 0.0035512 0.0034986 0.0064972 0.0018720 0.0027563 0.0027873 0.0057102 0.0022638 0.0097471 0.0034102 0.0042239 0.0044215 0.0037930 0.0085173 0.0031201 0.0045574 0.0019504 0.0076235 0.0036965 0.0149785 0.0078549 0.0123347 0.0099298 0.0197520 0.0118954 0.0069760 0.0062358 0.0029549 0.0024715 0.0050988 0.0052633 0.0059613 0.0080434 0.0121363 0.0198277 0.0125760 0.0154981 0.0104374 0.0096196 0.0061882 0.0133583 0.0123145 0.0097160 0.0035332 0.0006380 0.0021263 0.0036542 0.0039521 0.0059512 0.0053598 0.0036001 0.0016206 0.0032389 0.0013104 0.0015167 0.0016432 0.0002692 0.0020664 0.0016895 0.0017924 0.0022593 0.0026240 0.0044820 0.0004172 0.0007011 0.0024811 0.0003081 0.0047432 0.0003963 0.2520811 0.8977664 0.8590221 0.5135609 2.2677901
671293.0000000 0.9629798 0.5943803 0.5210717 0.2918645 7.7820428 1.3917293 9.3751164 0.1899806 0.8967588 0.3614605 0.0069442 4.5914352 2.7372802 5.7634665 0.4351843 0.9689360 0.3299068 0.0305840 3.4627832 6.6809242 1.6951035 0.0021426 0.5439385 0.0036511 0.8010877 0.2069590 4.8840409 0.1367357 5.9956845 0.7625258 0.0100000 0.0307675 9.4652881 5.5219339 6.7040014 0.1712782 30.0787691 4.0000000 1.1011892 4.0000000 1.7765680 2.3289392 0.5918396 3.1501698 1.3240931 2.4039039 6.6494924 4.2426344 0.9983025 0.8321854 8.3279951 -0.3828600 7.4450417 2.0179087 2.2051937 3.7758998 3.9935039 4.1873085 3.1610353 6.2783104 1.6113074 12.2229136 2.5332418 0.3900000 1.0000000 1.9000000 1.4400000 0.8875329 0.0000000 0.9148832 0.0212385 0.0114692 0.0105160 0.0077818 0.0054386 0.0144604 0.0106400 0.0099306 0.0041563 0.0065915 0.0069547 0.0145806 0.0125766 0.0136959 0.0111560 0.0092515 0.0158656 0.0063112 0.0092196 0.0083140 0.0029195 0.0056820 0.0086645 0.0061309 0.0119688 0.0013371 0.0103616 0.0041118 0.0090038 0.0126483 0.0054405 0.0073334 0.0032013 0.0052658 0.0082432 0.0030053 0.0016597 0.0066975 0.0082674 0.0088711 0.0058910 0.0066409 0.0073091 0.0104776 0.0115776 0.0016831 0.0071688 0.0061210 0.0029114 0.0037504 0.0050921 0.0059057 0.0078279 0.0057075 0.0074923 0.0081190 0.0039276 0.0036890 0.0064000 0.0017056 0.0025575 0.0029784 0.0058292 0.0024547 0.0098214 0.0036237 0.0042136 0.0041418 0.0037361 0.0084616 0.0031245 0.0044873 0.0017101 0.0075537 0.0039080 0.0152067 0.0078137 0.0123430 0.0101075 0.0201872 0.0113478 0.0068773 0.0063357 0.0028262 0.0024089 0.0047143 0.0055457 0.0056727 0.0081066 0.0119969 0.0199792 0.0131870 0.0156995 0.0103339 0.0100714 0.0060469 0.0136655 0.0123578 0.0101096 0.0031763 0.0006679 0.0019585 0.0037076 0.0040917 0.0058929 0.0053605 0.0035799 0.0015513 0.0032188 0.0012457 0.0015832 0.0016840 0.0004243 0.0020641 0.0017175 0.0018622 0.0021652 0.0025189 0.0045265 0.0003779 0.0006799 0.0023790 0.0002500 0.0047895 0.0003332 0.2512220 0.9000000 0.8585979 0.5211914 2.2520076
659447.0000000 0.9613927 0.5984287 0.5348264 0.3125709 8.5599959 1.4793574 9.4181380 0.1770771 0.8995382 0.3620810 0.0069960 4.3678633 2.5655097 5.8400441 0.4145233 0.9733409 0.3322138 0.0320247 3.8992388 6.8846100 1.5612198 0.0021678 0.5458091 0.0036288 0.7882127 0.3073353 4.6681628 0.1399551 6.5150337 0.7658697 0.0106978 0.0519912 9.3946720 5.4295649 6.7416254 0.1737123 30.5142256 4.0000000 1.1073393 4.0000000 1.7907819 2.1729234 0.6303167 3.1098738 1.3029128 2.2394025 6.5845310 4.2178338 1.0299992 0.8409703 8.1539441 -0.3908557 7.7007048 2.1584454 2.1890822 4.0537964 4.0597835 4.3552468 3.1681930 6.2725301 1.6494342 12.4766305 2.5100941 0.3900000 1.0000000 1.9000000 1.4400000 0.8867150 0.0000000 0.9144212 0.0201230 0.0111426 0.0105517 0.0069784 0.0044016 0.0149545 0.0101589 0.0098165 0.0038223 0.0067647 0.0071479 0.0150537 0.0129365 0.0137641 0.0112386 0.0091587 0.0153957 0.0062944 0.0087537 0.0079786 0.0024318 0.0056287 0.0086737 0.0060743 0.0120949 0.0009962 0.0110653 0.0035165 0.0083408 0.0118993 0.0055559 0.0072505 0.0031269 0.0052905 0.0079987 0.0028103 0.0018947 0.0065456 0.0079513 0.0086120 0.0058077 0.0066610 0.0071810 0.0099986 0.0116758 0.0019692 0.0070885 0.0058137 0.0035585 0.0036389 0.0048171 0.0061800 0.0082560 0.0057346 0.0074851 0.0080387 0.0037139 0.0037314 0.0064199 0.0018058 0.0028502 0.0028324 0.0056520 0.0024591 0.0096375 0.0035068 0.0039945 0.0042277 0.0040002 0.0083466 0.0030243 0.0046430 0.0019240 0.0076309 0.0037956 0.0147162 0.0079098 0.0120669 0.0098398 0.0201347 0.0118925 0.0065026 0.0065746 0.0025258 0.0026901 0.0053013 0.0055343 0.0056652 0.0075674 0.0125912 0.0194830 0.0125746 0.0156013 0.0100889 0.0096392 0.0063673 0.0135866 0.0116405 0.0096265 0.0036721 0.0006662 0.0020264 0.0036959 0.0039748 0.0058263 0.0053091 0.0036450 0.0016888 0.0032084 0.0011626 0.0016284 0.0016596 0.0002440 0.0019898 0.0016938 0.0017452 0.0020746 0.0026466 0.0045923 0.0002138 0.0005998 0.0023869 0.0002267 0.0047263 0.0005391 0.2524880 0.8982631 0.8609393 0.5017368 2.3370524
665530.0000000 0.9613861 0.5835547 0.5260531 0.2989799 7.6946922 1.4302909 9.3932530 0.1839739 0.8888097 0.3598888 0.0069479 4.5924571 2.5443240 5.8722586 0.4540177 0.9690107 0.3348997 0.0316350 3.7118106 6.7015731 1.6340388 0.0021368 0.5421436 0.0035252 0.7983853 0.3093213 4.5438664 0.1077859 6.2873776 0.7598620 0.0119500 0.0335016 9.2026948 5.6411105 6.5694408 0.1746412 29.1637593 4.0000000 1.1013126 4.0000000 1.7818896 2.2193402 0.6247535 3.3156778 1.2720620 2.3399263 6.6546149 4.2432430 1.0364306 0.8307199 8.2229564 -0.3965898 7.5804846 1.9965934 2.2191827 3.9596616 4.0460154 4.1812070 3.1647900 6.2787283 1.6358228 12.4052385 2.5468609 0.3900000 1.0000000 1.9000000 1.4400000 0.8869168 0.0000000 0.9138089 0.0211665 0.0114614 0.0106220 0.0071746 0.0050775 0.0144493 0.0109808 0.0096567 0.0041226 0.0068095 0.0071831 0.0147227 0.0126528 0.0136329 0.0112282 0.0091724 0.0155457 0.0063250 0.0091511 0.0083659 0.0030797 0.0056224 0.0087681 0.0061361 0.0122166 0.0007743 0.0105288 0.0040815 0.0087011 0.0124456 0.0053723 0.0073612 0.0030602 0.0052811 0.0081595 0.0029004 0.0017085 0.0066898 0.0082635 0.0087282 0.0060489 0.0068115 0.0070362 0.0100536 0.0115289 0.0019110 0.0073579 0.0060599 0.0031498 0.0036964 0.0046852 0.0061847 0.0080563 0.0059362 0.0075430 0.0079757 0.0039401 0.0035570 0.0064841 0.0017291 0.0025374 0.0028367 0.0056088 0.0024392 0.0099100 0.0034858 0.0042954 0.0041351 0.0038663 0.0086229 0.0031903 0.0044553 0.0017011 0.0076059 0.0038900 0.0149581 0.0078461 0.0123434 0.0096912 0.0202788 0.0117810 0.0070305 0.0060085 0.0025755 0.0025693 0.0052063 0.0052441 0.0056167 0.0081728 0.0124255 0.0196991 0.0132172 0.0156090 0.0106419 0.0097284 0.0060275 0.0137168 0.0122772 0.0097260 0.0037396 0.0007644 0.0020706 0.0036605 0.0042088 0.0059913 0.0052598 0.0036669 0.0015937 0.0031005 0.0011903 0.0015331 0.0016015 0.0002881 0.0020305 0.0017527 0.0019071 0.0020868 0.0025920 0.0045814 0.0004032 0.0007245 0.0023725 0.0002728 0.0047714 0.0004016 0.2510037 0.9000000 0.8593605 0.5154140 2.1660390
671439.0000000 0.9602782 0.6099636 0.5213799 0.2972753 8.3556507 1.5605999 9.5078097 0.1873421 0.8887685 0.3567897 0.0068730 4.3578630 2.2128252 6.0558569 0.4392488 0.9673245 0.3423649 0.0329024 3.6946894 6.9633614 1.9353724 0.0021984 0.5655480 0.0036187 0.7941367 0.3945223 4.5248337 0.1312746 6.6105111 0.7772634 0.0107962 0.0415781 9.6034440 4.9917095 6.5275002 0.1702343 28.1488229 4.0000000 1.1033112 4.0000000 1.8111787 2.1345226 0.6339528 3.1355590 1.3561347 2.2171082 6.3978830 4.0753016 0.8830205 0.7746863 8.3508979 -0.4072425 7.6807067 2.1241742 2.2701132 3.9626708 3.8220757 4.4504417 3.1666317 6.2610335 1.7115798 12.6038278 2.5256448 0.3900000 1.0000000 1.9000000 1.4400000 0.8851879 0.0000000 0.9122637 0.0204176 0.0114630 0.0107090 0.0076597 0.0044480 0.0141210 0.0110832 0.0100683 0.0034492 0.0067464 0.0070452 0.0147371 0.0129605 0.0136770 0.0106395 0.0093067 0.0156725 0.0062799 0.0088143 0.0080718 0.0028746 0.0057496 0.0090967 0.0066062 0.0119067 0.0011604 0.0106025 0.0037078 0.0084213 0.0124373 0.0053437 0.0072870 0.0029463 0.0055137 0.0078011 0.0027395 0.0018763 0.0065435 0.0077338 0.0085318 0.0061252 0.0070174 0.0067807 0.0099323 0.0116215 0.0021963 0.0067041 0.0060127 0.0033712 0.0039431 0.0051615 0.0062275 0.0081561 0.0056326 0.0075940 0.0081692 0.0035590 0.0036598 0.0062579 0.0020027 0.0027843 0.0026981 0.0057891 0.0025159 0.0095975 0.0035247 0.0041233 0.0043500 0.0038558 0.0084864 0.0030989 0.0044513 0.0017962 0.0076150 0.0037394 0.0157024 0.0071999 0.0124513 0.0102481 0.0196159 0.0118711 0.0071986 0.0069068 0.0028299 0.0025724 0.0051593 0.0052121 0.0062481 0.0083399 0.0126803 0.0199715 0.0126628 0.0155539 0.0104278 0.0098076 0.0062132 0.0134032 0.0119210 0.0100402 0.0039233 0.0004485 0.0022030 0.0036660 0.0038486 0.0060717 0.0053524 0.0036087 0.0016534 0.0030913 0.0011455 0.0016076 0.0016302 0.0003988 0.0018950 0.0015621 0.0019032 0.0020330 0.0025684 0.0046710 0.0002910 0.0006268 0.0022728 0.0002878 0.0047556 0.0005638 0.2545984 0.8979686 0.8601371 0.5050875 2.3133494
665656.0000000 0.9611926 0.6105611 0.5277224 0.2812731 8.8904683 1.6571825 9.4395680 0.1991494 0.8962842 0.3511340 0.0070934 4.6199853 2.5759394 6.0115260 0.4243622 0.9701018 0.3322229 0.0314218 4.3248853 6.8797722 1.7301408 0.0019835 0.5406098 0.0035564 0.8172115 0.2092225 4.8411200 0.2703604 5.9204446 0.7475309 0.0186991 0.0645747 9.3618972 4.9962455 6.9804353 0.1625407 28.4412986 4.0000000 1.1117175 4.0000000 1.7516048 2.1643340 0.6574714 3.0173717 1.3667335 2.3170677 6.6465382 4.2524112 0.9763073 0.8500815 8.1370148 -0.4048472 7.8116772 2.2458071 2.2316536 4.1588400 4.0836326 4.5071569 3.1690177 6.2651370 1.7011605 12.2710363 2.5871570 0.3900000 1.0000000 1.9000000 1.4400000 0.8852392 0.0000000 0.9127775 0.0208867 0.0118270 0.0100445 0.0075091 0.0053252 0.0140302 0.0108629 0.0098173 0.0038257 0.0068594 0.0078507 0.0148246 0.0126570 0.0134925 0.0115961 0.0088942 0.0155813 0.0063372 0.0091508 0.0077501 0.0031410 0.0055470 0.0089726 0.0067572 0.0111451 0.0008969 0.0107109 0.0036844 0.0081726 0.0122864 0.0047916 0.0070495 0.0031939 0.0056687 0.0078714 0.0026796 0.0018140 0.0066910 0.0082098 0.0085562 0.0061561 0.0071745 0.0074201 0.0102904 0.0115291 0.0022800 0.0069502 0.0058875 0.0037563 0.0040581 0.0051466 0.0061851 0.0084679 0.0054811 0.0075092 0.0080219 0.0038381 0.0037567 0.0063165 0.0017453 0.0025935 0.0027823 0.0059262 0.0024860 0.0095788 0.0033450 0.0042603 0.0041023 0.0041239 0.0086707 0.0032494 0.0046376 0.0017788 0.0078348 0.0038793 0.0146351 0.0078126 0.0118704 0.0094676 0.0201043 0.0116654 0.0068270 0.0066386 0.0030935 0.0022899 0.0054352 0.0050821 0.0059475 0.0078316 0.0123080 0.0194976 0.0128587 0.0155415 0.0098881 0.0094270 0.0062363 0.0137968 0.0113478 0.0102516 0.0045493 0.0009024 0.0020618 0.0037323 0.0039908 0.0058504 0.0053614 0.0035087 0.0014973 0.0031924 0.0012497 0.0014440 0.0016972 0.0003519 0.0019037 0.0015006 0.0017284 0.0020955 0.0025556 0.0045150 0.0002342 0.0005952 0.0023199 0.0002146 0.0046679 0.0003494 0.2515612 0.8983981 0.8581459 0.5260863 2.3700352
649020.0000000 0.9618485 0.5977195 0.5310917 0.3007592 8.3658481 1.5353633 9.4106835 0.1878988 0.8860314 0.3581955 0.0068537 4.5402416 2.7834553 5.8812373 0.4264505 0.9698452 0.3320365 0.0321642 3.9201396 7.0355876 1.7194874 0.0021662 0.5545939 0.0036760 0.8023505 0.2861432 4.6026986 0.0378353 6.3875193 0.7723835 0.0100000 0.0459557 9.3206833 5.4483807 6.8885169 0.1647999 29.4763329 4.0000000 1.1094424 4.0000000 1.7784572 2.1524126 0.6167409 3.0618832 1.3744225 2.2754775 6.5517219 4.1782497 1.0376967 0.7929419 8.2296546 -0.4093530 7.7454091 2.2513298 2.2017412 4.0541511 4.0703767 4.2985959 3.1634475 6.2627285 1.7109203 12.6152348 2.4879751 0.3900000 1.0000000 1.9000000 1.4400000 0.8865169 0.0000000 0.9130132 0.0205898 0.0111664 0.0103622 0.0075186 0.0044073 0.0145925 0.0106646 0.0099689 0.0036990 0.0066675 0.0073518 0.0148099 0.0129767 0.0138238 0.0110304 0.0090491 0.0156913 0.0065255 0.0089030 0.0082135 0.0029166 0.0057232 0.0089633 0.0062622 0.0121527 0.0010125 0.0108514 0.0036989 0.0084427 0.0121266 0.0052770 0.0071556 0.0032167 0.0052794 0.0079776 0.0027125 0.0017917 0.0066913 0.0078786 0.0084497 0.0059197 0.0068626 0.0072720 0.0102026 0.0116172 0.0019471 0.0069150 0.0059122 0.0037461 0.0038747 0.0051395 0.0062394 0.0083739 0.0056933 0.0074362 0.0080103 0.0037056 0.0035739 0.0063370 0.0018352 0.0026244 0.0026805 0.0056217 0.0022654 0.0097402 0.0033718 0.0040495 0.0043486 0.0040834 0.0085148 0.0032182 0.0045634 0.0019570 0.0077376 0.0037118 0.0146827 0.0073780 0.0118021 0.0099254 0.0198629 0.0119875 0.0064832 0.0067537 0.0026968 0.0022743 0.0053567 0.0052722 0.0059215 0.0081327 0.0122463 0.0198469 0.0127346 0.0156115 0.0102517 0.0097428 0.0065414 0.0137805 0.0118332 0.0099912 0.0042360 0.0005996 0.0020222 0.0036487 0.0039243 0.0060438 0.0052543 0.0036044 0.0015898 0.0030942 0.0011816 0.0015288 0.0016777 0.0002612 0.0019288 0.0015383 0.0019067 0.0021806 0.0025707 0.0045838 0.0002746 0.0005469 0.0024169 0.0002766 0.0047895 0.0005618 0.2521451 0.8978100 0.8603394 0.5203767 2.2487205
649027.0000000 0.9623230 0.5958873 0.5352756 0.3117081 8.2783447 1.5597081 9.0189846 0.1940702 0.8857268 0.3717736 0.0070194 4.4505347 2.6123651 5.7977556 0.4296317 0.9765193 0.3327891 0.0332695 3.7827594 7.2239041 2.0721859 0.0020268 0.5498311 0.0037304 0.8050537 0.2341340 4.5484649 0.1862239 6.7607731 0.7705764 0.0100000 0.0603236 9.3888934 5.5269315 6.9624320 0.1679183 27.7104810 4.0000000 1.1136797 4.0000000 1.7592577 2.2213944 0.6221302 2.9295044 1.3468184 2.2496231 6.6034995 4.1964650 0.9642393 0.8221895 8.1299095 -0.3974343 7.5094548 2.1040569 2.0592740 4.2578939 4.0107964 4.2188919 3.1676268 6.2500000 1.7317841 12.7939812 2.4983108 0.3900000 1.0000000 1.9000000 1.4400000 0.8899539 0.0000000 0.9120802 0.0208709 0.0117279 0.0106350 0.0079028 0.0043140 0.0148893 0.0105864 0.0101211 0.0033213 0.0070615 0.0075347 0.0144552 0.0134292 0.0134758 0.0113531 0.0086378 0.0151603 0.0065827 0.0090802 0.0078042 0.0032015 0.0055273 0.0090292 0.0063109 0.0129429 0.0007628 0.0108173 0.0035031 0.0087993 0.0117399 0.0056408 0.0074791 0.0034582 0.0054616 0.0082529 0.0026065 0.0018068 0.0069568 0.0073454 0.0087792 0.0061406 0.0065230 0.0070219 0.0103824 0.0115428 0.0020706 0.0067518 0.0058167 0.0034281 0.0036325 0.0051852 0.0062872 0.0080666 0.0059732 0.0076045 0.0079377 0.0040800 0.0037451 0.0062708 0.0013816 0.0028550 0.0026941 0.0058638 0.0025885 0.0097379 0.0032275 0.0042031 0.0045524 0.0040608 0.0086661 0.0032935 0.0046075 0.0020366 0.0076924 0.0039235 0.0144212 0.0074726 0.0117235 0.0105020 0.0197194 0.0116080 0.0066301 0.0071355 0.0030779 0.0028274 0.0055883 0.0049394 0.0060553 0.0081902 0.0120441 0.0196042 0.0131400 0.0153100 0.0096633 0.0093370 0.0065861 0.0139548 0.0123223 0.0100645 0.0043367 0.0008906 0.0019218 0.0038406 0.0038540 0.0059493 0.0054101 0.0036960 0.0017071 0.0030315 0.0012229 0.0013701 0.0016106 0.0003958 0.0021705 0.0014251 0.0018749 0.0022578 0.0024901 0.0044219 0.0002668 0.0004364 0.0024105 0.0002823 0.0047554 0.0004407 0.2525112 0.8983794 0.8579633 0.5121884 2.2954720
659863.0000000 0.9620537 0.6155203 0.5359250 0.2886427 8.4941576 1.5343257 9.6008399 0.2080712 0.8898991 0.3473748 0.0068995 4.3042567 2.6347043 5.8561391 0.4158844 0.9690533 0.3343825 0.0318762 4.0002049 6.6686042 1.8421153 0.0020721 0.5506174 0.0036480 0.8115362 0.2000000 4.8354136 0.1409426 6.1559429 0.7521648 0.0157907 0.0635537 9.1731296 5.2911817 6.9631012 0.1701354 28.5457335 4.0000000 1.1106754 4.0000000 1.7613069 2.1602284 0.6833841 3.0984874 1.3708042 2.2859236 6.7422048 4.2170748 1.0784825 0.8160511 8.1598293 -0.4031253 7.7782785 2.2323979 2.2060664 4.2317838 4.0784374 4.4223746 3.1700000 6.2697483 1.7230753 12.4228072 2.5477611 0.3900000 1.0000000 1.9000000 1.4400000 0.8857794 0.0000000 0.9131943 0.0205442 0.0116864 0.0103678 0.0074035 0.0046539 0.0142592 0.0106080 0.0098618 0.0037609 0.0068600 0.0074529 0.0146451 0.0126479 0.0137008 0.0117220 0.0090669 0.0157958 0.0063026 0.0091371 0.0079547 0.0029490 0.0056021 0.0086965 0.0065548 0.0116674 0.0007796 0.0107327 0.0037787 0.0084190 0.0121343 0.0051537 0.0070814 0.0031680 0.0055283 0.0079291 0.0027135 0.0017531 0.0065297 0.0082760 0.0084925 0.0062788 0.0070608 0.0072974 0.0101863 0.0114028 0.0020906 0.0068930 0.0060027 0.0037714 0.0040659 0.0052115 0.0061184 0.0083835 0.0056231 0.0073952 0.0081126 0.0037966 0.0036447 0.0063912 0.0016788 0.0026508 0.0027087 0.0058286 0.0024952 0.0096201 0.0033954 0.0041642 0.0042781 0.0041365 0.0085088 0.0031435 0.0045160 0.0019536 0.0079057 0.0038522 0.0149676 0.0073070 0.0121725 0.0097360 0.0201690 0.0117254 0.0065011 0.0065732 0.0028997 0.0022958 0.0055732 0.0050980 0.0061932 0.0080301 0.0122112 0.0197595 0.0127546 0.0156775 0.0100104 0.0094729 0.0063498 0.0137600 0.0115315 0.0100841 0.0041513 0.0008611 0.0020943 0.0037346 0.0039234 0.0058366 0.0052905 0.0035980 0.0015289 0.0031810 0.0012120 0.0015235 0.0016905 0.0002440 0.0019441 0.0015315 0.0018259 0.0021058 0.0026401 0.0044855 0.0002138 0.0006265 0.0023505 0.0002366 0.0046554 0.0004224 0.2516907 0.8980990 0.8582637 0.5051758 2.2819522
