generation,best_cost,cost_contact,cost_attack_rate,cost_energy,cost_penalty,cost_outcome,cost_contact_household,cost_contact_healthcare,cost_contact_others,measured_offspring_k,measured_daily_household,measured_daily_school,measured_daily_workplace,measured_daily_municipality,measured_daily_health_care,measured_asymptomatic_share,measured_icu_share_of_symptom,measured_death_share_of_icu,measured_case_fatality,measured_sar_household,measured_sar_school,measured_sar_workplace,measured_sar_health_care,measured_sar_municipality,measured_medical_late_share,measured_medical_early_share,measured_community_median,measured_community_p90,measured_community_tail_ratio,measured_community_zero_share,measured_incubation_mean,measured_pre_onset_window_mean,measured_pre_onset_zero_share,measured_closure_symptomatic,measured_closure_asymptomatic,measured_onset_to_confirmation,measured_infections_per_index_household,measured_infections_per_index_health_care,measured_infections_per_index_municipality,measured_infections_per_index_school,measured_infections_per_index_workplace,latent_mean,infectious_mean,presymptomatic_window,incubation_mean,symptom_to_confirmed_mean,asymptomatic_to_recovered_mean,sympt_to_crit_mean,sympt_to_recovered_mean,crit_to_recovered_mean,infection_to_death_mean,infectiousness_shape_k,infectiousness_cap,community_dispersion_k,age_risk_0_19,age_risk_20_39,age_risk_40_59,age_risk_60p,infect_to_recov_p,symptom_to_recov_p,crit_to_recov_p,attack_household,attack_school,attack_workplace,attack_healthcare,attack_municipality,school_healthy_p,school_symptom_p,household_healthy_p,workplace_healthy_p,health_care_gate,municipality_contacts_lambda,municipality_healthy_p
0,2.491075700507598,1.7779104776324606,0.30489870285654114,-0.2811041176916138,0.0,0.6893706377102102,0.49013670260439773,0.0766113243010416,1.2111624507270213,0.22356561546286882,1.8615574765218725,0.860859742109742,1.1898116374366374,1.2287661926709916,0.19718129392518569,0.27,0.1187214611872146,0.15384615384615385,0.013333333333333334,0.04472049689440994,0.02040816326530612,0.020833333333333332,0.0075,0.0026702269692923898,0.4263698630136986,0.3647260273972603,2.5,15.900000000000006,3.9750000000000014,0.22666666666666666,5.648401826484018,1.1963470319634704,0.11333333333333333,29.12093023255814,20.34567901234568,6.0,0.12,0.02,0.013333333333333334,0.023333333333333334,0.03333333333333333,4.305424,5.0758416,1.1680087401826598,5.47343274018266,6.275407711289439,17.658686190401838,6.718414451912321,23.0778593337478,17.87882048956097,19.620153377644563,0.1693443,22.7176722,0.7362137,0.39,1.0,1.9,1.44,0.2511747,0.8959763,0.8510152,0.009644212000000001,0.006482665048372355,0.005442035999999999,0.010128668,0.002383165017181079,0.427226,0.007431,0.5314839,0.3097001,0.002033,5.2955222,0.0147412
1,2.491075700507598,1.7779104776324606,0.30489870285654114,-0.2811041176916138,0.0,0.6893706377102102,0.49013670260439773,0.0766113243010416,1.2111624507270213,0.22356561546286882,1.8615574765218725,0.860859742109742,1.1898116374366374,1.2287661926709916,0.19718129392518569,0.27,0.1187214611872146,0.15384615384615385,0.013333333333333334,0.04472049689440994,0.02040816326530612,0.020833333333333332,0.0075,0.0026702269692923898,0.4263698630136986,0.3647260273972603,2.5,15.900000000000006,3.9750000000000014,0.22666666666666666,5.648401826484018,1.1963470319634704,0.11333333333333333,29.12093023255814,20.34567901234568,6.0,0.12,0.02,0.013333333333333334,0.023333333333333334,0.03333333333333333,4.305424,5.0758416,1.1680087401826598,5.47343274018266,6.275407711289439,17.658686190401838,6.718414451912321,23.0778593337478,17.87882048956097,19.620153377644563,0.1693443,22.7176722,0.7362137,0.39,1.0,1.9,1.44,0.2511747,0.8959763,0.8510152,0.009644212000000001,0.006482665048372355,0.005442035999999999,0.010128668,0.002383165017181079,0.427226,0.007431,0.5314839,0.3097001,0.002033,5.2955222,0.0147412
2,2.491075700507598,1.7779104776324606,0.30489870285654114,-0.2811041176916138,0.0,0.6893706377102102,0.49013670260439773,0.0766113243010416,1.2111624507270213,0.22356561546286882,1.8615574765218725,0.860859742109742,1.1898116374366374,1.2287661926709916,0.19718129392518569,0.27,0.1187214611872146,0.15384615384615385,0.013333333333333334,0.04472049689440994,0.02040816326530612,0.020833333333333332,0.0075,0.0026702269692923898,0.4263698630136986,0.3647260273972603,2.5,15.900000000000006,3.9750000000000014,0.22666666666666666,5.648401826484018,1.1963470319634704,0.11333333333333333,29.12093023255814,20.34567901234568,6.0,0.12,0.02,0.013333333333333334,0.023333333333333334,0.03333333333333333,4.305424,5.0758416,1.1680087401826598,5.47343274018266,6.275407711289439,17.658686190401838,6.718414451912321,23.0778593337478,17.87882048956097,19.620153377644563,0.1693443,22.7176722,0.7362137,0.39,1.0,1.9,1.44,0.2511747,0.8959763,0.8510152,0.009644212000000001,0.006482665048372355,0.005442035999999999,0.010128668,0.002383165017181079,0.427226,0.007431,0.5314839,0.3097001,0.002033,5.2955222,0.0147412
3,2.491075700507598,1.7779104776324606,0.30489870285654114,-0.2811041176916138,0.0,0.6893706377102102,0.49013670260439773,0.0766113243010416,1.2111624507270213,0.22356561546286882,1.8615574765218725,0.860859742109742,1.1898116374366374,1.2287661926709916,0.19718129392518569,0.27,0.1187214611872146,0.15384615384615385,0.013333333333333334,0.04472049689440994,0.02040816326530612,0.020833333333333332,0.0075,0.0026702269692923898,0.4263698630136986,0.3647260273972603,2.5,15.900000000000006,3.9750000000000014,0.22666666666666666,5.648401826484018,1.1963470319634704,0.11333333333333333,29.12093023255814,20.34567901234568,6.0,0.12,0.02,0.013333333333333334,0.023333333333333334,0.03333333333333333,4.305424,5.0758416,1.1680087401826598,5.47343274018266,6.275407711289439,17.658686190401838,6.718414451912321,23.0778593337478,17.87882048956097,19.620153377644563,0.1693443,22.7176722,0.7362137,0.39,1.0,1.9,1.44,0.2511747,0.8959763,0.8510152,0.009644212000000001,0.006482665048372355,0.005442035999999999,0.010128668,0.002383165017181079,0.427226,0.007431,0.5314839,0.3097001,0.002033,5.2955222,0.0147412
4,2.491075700507598,1.7779104776324606,0.30489870285654114,-0.2811041176916138,0.0,0.6893706377102102,0.49013670260439773,0.0766113243010416,1.2111624507270213,0.22356561546286882,1.8615574765218725,0.860859742109742,1.1898116374366374,1.2287661926709916,0.19718129392518569,0.27,0.1187214611872146,0.15384615384615385,0.013333333333333334,0.04472049689440994,0.02040816326530612,0.020833333333333332,0.0075,0.0026702269692923898,0.4263698630136986,0.3647260273972603,2.5,15.900000000000006,3.9750000000000014,0.22666666666666666,5.648401826484018,1.1963470319634704,0.11333333333333333,29.12093023255814,20.34567901234568,6.0,0.12,0.02,0.013333333333333334,0.023333333333333334,0.03333333333333333,4.305424,5.0758416,1.1680087401826598,5.47343274018266,6.275407711289439,17.658686190401838,6.718414451912321,23.0778593337478,17.87882048956097,19.620153377644563,0.1693443,22.7176722,0.7362137,0.39,1.0,1.9,1.44,0.2511747,0.8959763,0.8510152,0.009644212000000001,0.006482665048372355,0.005442035999999999,0.010128668,0.002383165017181079,0.427226,0.007431,0.5314839,0.3097001,0.002033,5.2955222,0.0147412
5,2.491075700507598,1.7779104776324606,0.30489870285654114,-0.2811041176916138,0.0,0.6893706377102102,0.49013670260439773,0.0766113243010416,1.2111624507270213,0.22356561546286882,1.8615574765218725,0.860859742109742,1.1898116374366374,1.2287661926709916,0.19718129392518569,0.27,0.1187214611872146,0.15384615384615385,0.013333333333333334,0.04472049689440994,0.02040816326530612,0.020833333333333332,0.0075,0.0026702269692923898,0.4263698630136986,0.3647260273972603,2.5,15.900000000000006,3.9750000000000014,0.22666666666666666,5.648401826484018,1.1963470319634704,0.11333333333333333,29.12093023255814,20.34567901234568,6.0,0.12,0.02,0.013333333333333334,0.023333333333333334,0.03333333333333333,4.305424,5.0758416,1.1680087401826598,5.47343274018266,6.275407711289439,17.658686190401838,6.718414451912321,23.0778593337478,17.87882048956097,19.620153377644563,0.1693443,22.7176722,0.7362137,0.39,1.0,1.9,1.44,0.2511747,0.8959763,0.8510152,0.009644212000000001,0.006482665048372355,0.005442035999999999,0.010128668,0.002383165017181079,0.427226,0.007431,0.5314839,0.3097001,0.002033,5.2955222,0.0147412
6,2.491075700507598,1.7779104776324606,0.30489870285654114,-0.2811041176916138,0.0,0.6893706377102102,0.49013670260439773,0.0766113243010416,1.2111624507270213,0.22356561546286882,1.8615574765218725,0.860859742109742,1.1898116374366374,1.2287661926709916,0.19718129392518569,0.27,0.1187214611872146,0.15384615384615385,0.013333333333333334,0.04472049689440994,0.02040816326530612,0.020833333333333332,0.0075,0.0026702269692923898,0.4263698630136986,0.3647260273972603,2.5,15.900000000000006,3.9750000000000014,0.22666666666666666,5.648401826484018,1.1963470319634704,0.11333333333333333,29.12093023255814,20.34567901234568,6.0,0.12,0.02,0.013333333333333334,0.023333333333333334,0.03333333333333333,4.305424,5.0758416,1.1680087401826598,5.47343274018266,6.275407711289439,17.658686190401838,6.718414451912321,23.0778593337478,17.87882048956097,19.620153377644563,0.1693443,22.7176722,0.7362137,0.39,1.0,1.9,1.44,0.2511747,0.8959763,0.8510152,0.009644212000000001,0.006482665048372355,0.005442035999999999,0.010128668,0.002383165017181079,0.427226,0.007431,0.5314839,0.3097001,0.002033,5.2955222,0.0147412
7,2.491075700507598,1.7779104776324606,0.30489870285654114,-0.2811041176916138,0.0,0.6893706377102102,0.49013670260439773,0.0766113243010416,1.2111624507270213,0.22356561546286882,1.8615574765218725,0.860859742109742,1.1898116374366374,1.2287661926709916,0.19718129392518569,0.27,0.1187214611872146,0.15384615384615385,0.013333333333333334,0.04472049689440994,0.02040816326530612,0.020833333333333332,0.0075,0.0026702269692923898,0.4263698630136986,0.3647260273972603,2.5,15.900000000000006,3.9750000000000014,0.22666666666666666,5.648401826484018,1.1963470319634704,0.11333333333333333,29.12093023255814,20.34567901234568,6.0,0.12,0.02,0.013333333333333334,0.023333333333333334,0.03333333333333333,4.305424,5.0758416,1.1680087401826598,5.47343274018266,6.275407711289439,17.658686190401838,6.718414451912321,23.0778593337478,17.87882048956097,19.620153377644563,0.1693443,22.7176722,0.7362137,0.39,1.0,1.9,1.44,0.2511747,0.8959763,0.8510152,0.009644212000000001,0.006482665048372355,0.005442035999999999,0.010128668,0.002383165017181079,0.427226,0.007431,0.5314839,0.3097001,0.002033,5.2955222,0.0147412
8,2.491075700507598,1.7779104776324606,0.30489870285654114,-0.2811041176916138,0.0,0.6893706377102102,0.49013670260439773,0.0766113243010416,1.2111624507270213,0.22356561546286882,1.8615574765218725,0.860859742109742,1.1898116374366374,1.2287661926709916,0.19718129392518569,0.27,0.1187214611872146,0.15384615384615385,0.013333333333333334,0.04472049689440994,0.02040816326530612,0.020833333333333332,0.0075,0.0026702269692923898,0.4263698630136986,0.3647260273972603,2.5,15.900000000000006,3.9750000000000014,0.22666666666666666,5.648401826484018,1.1963470319634704,0.11333333333333333,29.12093023255814,20.34567901234568,6.0,0.12,0.02,0.013333333333333334,0.023333333333333334,0.03333333333333333,4.305424,5.0758416,1.1680087401826598,5.47343274018266,6.275407711289439,17.658686190401838,6.718414451912321,23.0778593337478,17.87882048956097,19.620153377644563,0.1693443,22.7176722,0.7362137,0.39,1.0,1.9,1.44,0.2511747,0.8959763,0.8510152,0.009644212000000001,0.006482665048372355,0.005442035999999999,0.010128668,0.002383165017181079,0.427226,0.007431,0.5314839,0.3097001,0.002033,5.2955222,0.0147412
9,2.491075700507598,1.7779104776324606,0.30489870285654114,-0.2811041176916138,0.0,0.6893706377102102,0.49013670260439773,0.0766113243010416,1.2111624507270213,0.22356561546286882,1.8615574765218725,0.860859742109742,1.1898116374366374,1.2287661926709916,0.19718129392518569,0.27,0.1187214611872146,0.15384615384615385,0.013333333333333334,0.04472049689440994,0.02040816326530612,0.020833333333333332,0.0075,0.0026702269692923898,0.4263698630136986,0.3647260273972603,2.5,15.900000000000006,3.9750000000000014,0.22666666666666666,5.648401826484018,1.1963470319634704,0.11333333333333333,29.12093023255814,20.34567901234568,6.0,0.12,0.02,0.013333333333333334,0.023333333333333334,0.03333333333333333,4.305424,5.0758416,1.1680087401826598,5.47343274018266,6.275407711289439,17.658686190401838,6.718414451912321,23.0778593337478,17.87882048956097,19.620153377644563,0.1693443,22.7176722,0.7362137,0.39,1.0,1.9,1.44,0.2511747,0.8959763,0.8510152,0.009644212000000001,0.006482665048372355,0.005442035999999999,0.010128668,0.002383165017181079,0.427226,0.007431,0.5314839,0.3097001,0.002033,5.2955222,0.0147412
10,2.491075700507598,1.7779104776324606,0.30489870285654114,-0.2811041176916138,0.0,0.6893706377102102,0.49013670260439773,0.0766113243010416,1.2111624507270213,0.22356561546286882,1.8615574765218725,0.860859742109742,1.1898116374366374,1.2287661926709916,0.19718129392518569,0.27,0.1187214611872146,0.15384615384615385,0.013333333333333334,0.04472049689440994,0.02040816326530612,0.020833333333333332,0.0075,0.0026702269692923898,0.4263698630136986,0.3647260273972603,2.5,15.900000000000006,3.9750000000000014,0.22666666666666666,5.648401826484018,1.1963470319634704,0.11333333333333333,29.12093023255814,20.34567901234568,6.0,0.12,0.02,0.013333333333333334,0.023333333333333334,0.03333333333333333,4.305424,5.0758416,1.1680087401826598,5.47343274018266,6.275407711289439,17.658686190401838,6.718414451912321,23.0778593337478,17.87882048956097,19.620153377644563,0.1693443,22.7176722,0.7362137,0.39,1.0,1.9,1.44,0.2511747,0.8959763,0.8510152,0.009644212000000001,0.006482665048372355,0.005442035999999999,0.010128668,0.002383165017181079,0.427226,0.007431,0.5314839,0.3097001,0.002033,5.2955222,0.0147412
11,2.491075700507598,1.7779104776324606,0.30489870285654114,-0.2811041176916138,0.0,0.6893706377102102,0.49013670260439773,0.0766113243010416,1.2111624507270213,0.22356561546286882,1.8615574765218725,0.860859742109742,1.1898116374366374,1.2287661926709916,0.19718129392518569,0.27,0.1187214611872146,0.15384615384615385,0.013333333333333334,0.04472049689440994,0.02040816326530612,0.020833333333333332,0.0075,0.0026702269692923898,0.4263698630136986,0.3647260273972603,2.5,15.900000000000006,3.9750000000000014,0.22666666666666666,5.648401826484018,1.1963470319634704,0.11333333333333333,29.12093023255814,20.34567901234568,6.0,0.12,0.02,0.013333333333333334,0.023333333333333334,0.03333333333333333,4.305424,5.0758416,1.1680087401826598,5.47343274018266,6.275407711289439,17.658686190401838,6.718414451912321,23.0778593337478,17.87882048956097,19.620153377644563,0.1693443,22.7176722,0.7362137,0.39,1.0,1.9,1.44,0.2511747,0.8959763,0.8510152,0.009644212000000001,0.006482665048372355,0.005442035999999999,0.010128668,0.002383165017181079,0.427226,0.007431,0.5314839,0.3097001,0.002033,5.2955222,0.0147412
12,2.491075700507598,1.7779104776324606,0.30489870285654114,-0.2811041176916138,0.0,0.6893706377102102,0.49013670260439773,0.0766113243010416,1.2111624507270213,0.22356561546286882,1.8615574765218725,0.860859742109742,1.1898116374366374,1.2287661926709916,0.19718129392518569,0.27,0.1187214611872146,0.15384615384615385,0.013333333333333334,0.04472049689440994,0.02040816326530612,0.020833333333333332,0.0075,0.0026702269692923898,0.4263698630136986,0.3647260273972603,2.5,15.900000000000006,3.9750000000000014,0.22666666666666666,5.648401826484018,1.1963470319634704,0.11333333333333333,29.12093023255814,20.34567901234568,6.0,0.12,0.02,0.013333333333333334,0.023333333333333334,0.03333333333333333,4.305424,5.0758416,1.1680087401826598,5.47343274018266,6.275407711289439,17.658686190401838,6.718414451912321,23.0778593337478,17.87882048956097,19.620153377644563,0.1693443,22.7176722,0.7362137,0.39,1.0,1.9,1.44,0.2511747,0.8959763,0.8510152,0.009644212000000001,0.006482665048372355,0.005442035999999999,0.010128668,0.002383165017181079,0.427226,0.007431,0.5314839,0.3097001,0.002033,5.2955222,0.0147412
13,2.491075700507598,1.7779104776324606,0.30489870285654114,-0.2811041176916138,0.0,0.6893706377102102,0.49013670260439773,0.0766113243010416,1.2111624507270213,0.22356561546286882,1.8615574765218725,0.860859742109742,1.1898116374366374,1.2287661926709916,0.19718129392518569,0.27,0.1187214611872146,0.15384615384615385,0.013333333333333334,0.04472049689440994,0.02040816326530612,0.020833333333333332,0.0075,0.0026702269692923898,0.4263698630136986,0.3647260273972603,2.5,15.900000000000006,3.9750000000000014,0.22666666666666666,5.648401826484018,1.1963470319634704,0.11333333333333333,29.12093023255814,20.34567901234568,6.0,0.12,0.02,0.013333333333333334,0.023333333333333334,0.03333333333333333,4.305424,5.0758416,1.1680087401826598,5.47343274018266,6.275407711289439,17.658686190401838,6.718414451912321,23.0778593337478,17.87882048956097,19.620153377644563,0.1693443,22.7176722,0.7362137,0.39,1.0,1.9,1.44,0.2511747,0.8959763,0.8510152,0.009644212000000001,0.006482665048372355,0.005442035999999999,0.010128668,0.002383165017181079,0.427226,0.007431,0.5314839,0.3097001,0.002033,5.2955222,0.0147412
14,2.491075700507598,1.7779104776324606,0.30489870285654114,-0.2811041176916138,0.0,0.6893706377102102,0.49013670260439773,0.0766113243010416,1.2111624507270213,0.22356561546286882,1.8615574765218725,0.860859742109742,1.1898116374366374,1.2287661926709916,0.19718129392518569,0.27,0.1187214611872146,0.15384615384615385,0.013333333333333334,0.04472049689440994,0.02040816326530612,0.020833333333333332,0.0075,0.0026702269692923898,0.4263698630136986,0.3647260273972603,2.5,15.900000000000006,3.9750000000000014,0.22666666666666666,5.648401826484018,1.1963470319634704,0.11333333333333333,29.12093023255814,20.34567901234568,6.0,0.12,0.02,0.013333333333333334,0.023333333333333334,0.03333333333333333,4.305424,5.0758416,1.1680087401826598,5.47343274018266,6.275407711289439,17.658686190401838,6.718414451912321,23.0778593337478,17.87882048956097,19.620153377644563,0.1693443,22.7176722,0.7362137,0.39,1.0,1.9,1.44,0.2511747,0.8959763,0.8510152,0.009644212000000001,0.006482665048372355,0.005442035999999999,0.010128668,0.002383165017181079,0.427226,0.007431,0.5314839,0.3097001,0.002033,5.2955222,0.0147412
15,2.491075700507598,1.7779104776324606,0.30489870285654114,-0.2811041176916138,0.0,0.6893706377102102,0.49013670260439773,0.0766113243010416,1.2111624507270213,0.22356561546286882,1.8615574765218725,0.860859742109742,1.1898116374366374,1.2287661926709916,0.19718129392518569,0.27,0.1187214611872146,0.15384615384615385,0.013333333333333334,0.04472049689440994,0.02040816326530612,0.020833333333333332,0.0075,0.0026702269692923898,0.4263698630136986,0.3647260273972603,2.5,15.900000000000006,3.9750000000000014,0.22666666666666666,5.648401826484018,1.1963470319634704,0.11333333333333333,29.12093023255814,20.34567901234568,6.0,0.12,0.02,0.013333333333333334,0.023333333333333334,0.03333333333333333,4.305424,5.0758416,1.1680087401826598,5.47343274018266,6.275407711289439,17.658686190401838,6.718414451912321,23.0778593337478,17.87882048956097,19.620153377644563,0.1693443,22.7176722,0.7362137,0.39,1.0,1.9,1.44,0.2511747,0.8959763,0.8510152,0.009644212000000001,0.006482665048372355,0.005442035999999999,0.010128668,0.002383165017181079,0.427226,0.007431,0.5314839,0.3097001,0.002033,5.2955222,0.0147412
16,2.491075700507598,1.7779104776324606,0.30489870285654114,-0.2811041176916138,0.0,0.6893706377102102,0.49013670260439773,0.0766113243010416,1.2111624507270213,0.22356561546286882,1.8615574765218725,0.860859742109742,1.1898116374366374,1.2287661926709916,0.19718129392518569,0.27,0.1187214611872146,0.15384615384615385,0.013333333333333334,0.04472049689440994,0.02040816326530612,0.020833333333333332,0.0075,0.0026702269692923898,0.4263698630136986,0.3647260273972603,2.5,15.900000000000006,3.9750000000000014,0.22666666666666666,5.648401826484018,1.1963470319634704,0.11333333333333333,29.12093023255814,20.34567901234568,6.0,0.12,0.02,0.013333333333333334,0.023333333333333334,0.03333333333333333,4.305424,5.0758416,1.1680087401826598,5.47343274018266,6.275407711289439,17.658686190401838,6.718414451912321,23.0778593337478,17.87882048956097,19.620153377644563,0.1693443,22.7176722,0.7362137,0.39,1.0,1.9,1.44,0.2511747,0.8959763,0.8510152,0.009644212000000001,0.006482665048372355,0.005442035999999999,0.010128668,0.002383165017181079,0.427226,0.007431,0.5314839,0.3097001,0.002033,5.2955222,0.0147412
17,2.491075700507598,1.7779104776324606,0.30489870285654114,-0.2811041176916138,0.0,0.6893706377102102,0.49013670260439773,0.0766113243010416,1.2111624507270213,0.22356561546286882,1.8615574765218725,0.860859742109742,1.1898116374366374,1.2287661926709916,0.19718129392518569,0.27,0.1187214611872146,0.15384615384615385,0.013333333333333334,0.04472049689440994,0.02040816326530612,0.020833333333333332,0.0075,0.0026702269692923898,0.4263698630136986,0.3647260273972603,2.5,15.900000000000006,3.9750000000000014,0.22666666666666666,5.648401826484018,1.1963470319634704,0.11333333333333333,29.12093023255814,20.34567901234568,6.0,0.12,0.02,0.013333333333333334,0.023333333333333334,0.03333333333333333,4.305424,5.0758416,1.1680087401826598,5.47343274018266,6.275407711289439,17.658686190401838,6.718414451912321,23.0778593337478,17.87882048956097,19.620153377644563,0.1693443,22.7176722,0.7362137,0.39,1.0,1.9,1.44,0.2511747,0.8959763,0.8510152,0.009644212000000001,0.006482665048372355,0.005442035999999999,0.010128668,0.002383165017181079,0.427226,0.007431,0.5314839,0.3097001,0.002033,5.2955222,0.0147412
18,2.491075700507598,1.7779104776324606,0.30489870285654114,-0.2811041176916138,0.0,0.6893706377102102,0.49013670260439773,0.0766113243010416,1.2111624507270213,0.22356561546286882,1.8615574765218725,0.860859742109742,1.1898116374366374,1.2287661926709916,0.19718129392518569,0.27,0.1187214611872146,0.15384615384615385,0.013333333333333334,0.04472049689440994,0.02040816326530612,0.020833333333333332,0.0075,0.0026702269692923898,0.4263698630136986,0.3647260273972603,2.5,15.900000000000006,3.9750000000000014,0.22666666666666666,5.648401826484018,1.1963470319634704,0.11333333333333333,29.12093023255814,20.34567901234568,6.0,0.12,0.02,0.013333333333333334,0.023333333333333334,0.03333333333333333,4.305424,5.0758416,1.1680087401826598,5.47343274018266,6.275407711289439,17.658686190401838,6.718414451912321,23.0778593337478,17.87882048956097,19.620153377644563,0.1693443,22.7176722,0.7362137,0.39,1.0,1.9,1.44,0.2511747,0.8959763,0.8510152,0.009644212000000001,0.006482665048372355,0.005442035999999999,0.010128668,0.002383165017181079,0.427226,0.007431,0.5314839,0.3097001,0.002033,5.2955222,0.0147412
19,2.491075700507598,1.7779104776324606,0.30489870285654114,-0.2811041176916138,0.0,0.6893706377102102,0.49013670260439773,0.0766113243010416,1.2111624507270213,0.22356561546286882,1.8615574765218725,0.860859742109742,1.1898116374366374,1.2287661926709916,0.19718129392518569,0.27,0.1187214611872146,0.15384615384615385,0.013333333333333334,0.04472049689440994,0.02040816326530612,0.020833333333333332,0.0075,0.0026702269692923898,0.4263698630136986,0.3647260273972603,2.5,15.900000000000006,3.9750000000000014,0.22666666666666666,5.648401826484018,1.1963470319634704,0.11333333333333333,29.12093023255814,20.34567901234568,6.0,0.12,0.02,0.013333333333333334,0.023333333333333334,0.03333333333333333,4.305424,5.0758416,1.1680087401826598,5.47343274018266,6.275407711289439,17.658686190401838,6.718414451912321,23.0778593337478,17.87882048956097,19.620153377644563,0.1693443,22.7176722,0.7362137,0.39,1.0,1.9,1.44,0.2511747,0.8959763,0.8510152,0.009644212000000001,0.006482665048372355,0.005442035999999999,0.010128668,0.002383165017181079,0.427226,0.007431,0.5314839,0.3097001,0.002033,5.2955222,0.0147412
20,2.491075700507598,1.7779104776324606,0.30489870285654114,-0.2811041176916138,0.0,0.6893706377102102,0.49013670260439773,0.0766113243010416,1.2111624507270213,0.22356561546286882,1.8615574765218725,0.860859742109742,1.1898116374366374,1.2287661926709916,0.19718129392518569,0.27,0.1187214611872146,0.15384615384615385,0.013333333333333334,0.04472049689440994,0.02040816326530612,0.020833333333333332,0.0075,0.0026702269692923898,0.4263698630136986,0.3647260273972603,2.5,15.900000000000006,3.9750000000000014,0.22666666666666666,5.648401826484018,1.1963470319634704,0.11333333333333333,29.12093023255814,20.34567901234568,6.0,0.12,0.02,0.013333333333333334,0.023333333333333334,0.03333333333333333,4.305424,5.0758416,1.1680087401826598,5.47343274018266,6.275407711289439,17.658686190401838,6.718414451912321,23.0778593337478,17.87882048956097,19.620153377644563,0.1693443,22.7176722,0.7362137,0.39,1.0,1.9,1.44,0.2511747,0.8959763,0.8510152,0.009644212000000001,0.006482665048372355,0.005442035999999999,0.010128668,0.002383165017181079,0.427226,0.007431,0.5314839,0.3097001,0.002033,5.2955222,0.0147412
21,2.491075700507598,1.7779104776324606,0.30489870285654114,-0.2811041176916138,0.0,0.6893706377102102,0.49013670260439773,0.0766113243010416,1.2111624507270213,0.22356561546286882,1.8615574765218725,0.860859742109742,1.1898116374366374,1.2287661926709916,0.19718129392518569,0.27,0.1187214611872146,0.15384615384615385,0.013333333333333334,0.04472049689440994,0.02040816326530612,0.020833333333333332,0.0075,0.0026702269692923898,0.4263698630136986,0.3647260273972603,2.5,15.900000000000006,3.9750000000000014,0.22666666666666666,5.648401826484018,1.1963470319634704,0.11333333333333333,29.12093023255814,20.34567901234568,6.0,0.12,0.02,0.013333333333333334,0.023333333333333334,0.03333333333333333,4.305424,5.0758416,1.1680087401826598,5.47343274018266,6.275407711289439,17.658686190401838,6.718414451912321,23.0778593337478,17.87882048956097,19.620153377644563,0.1693443,22.7176722,0.7362137,0.39,1.0,1.9,1.44,0.2511747,0.8959763,0.8510152,0.009644212000000001,0.006482665048372355,0.005442035999999999,0.010128668,0.002383165017181079,0.427226,0.007431,0.5314839,0.3097001,0.002033,5.2955222,0.0147412
22,2.491075700507598,1.7779104776324606,0.30489870285654114,-0.2811041176916138,0.0,0.6893706377102102,0.49013670260439773,0.0766113243010416,1.2111624507270213,0.22356561546286882,1.8615574765218725,0.860859742109742,1.1898116374366374,1.2287661926709916,0.19718129392518569,0.27,0.1187214611872146,0.15384615384615385,0.013333333333333334,0.04472049689440994,0.02040816326530612,0.020833333333333332,0.0075,0.0026702269692923898,0.4263698630136986,0.3647260273972603,2.5,15.900000000000006,3.9750000000000014,0.22666666666666666,5.648401826484018,1.1963470319634704,0.11333333333333333,29.12093023255814,20.34567901234568,6.0,0.12,0.02,0.013333333333333334,0.023333333333333334,0.03333333333333333,4.305424,5.0758416,1.1680087401826598,5.47343274018266,6.275407711289439,17.658686190401838,6.718414451912321,23.0778593337478,17.87882048956097,19.620153377644563,0.1693443,22.7176722,0.7362137,0.39,1.0,1.9,1.44,0.2511747,0.8959763,0.8510152,0.009644212000000001,0.006482665048372355,0.005442035999999999,0.010128668,0.002383165017181079,0.427226,0.007431,0.5314839,0.3097001,0.002033,5.2955222,0.0147412
23,2.491075700507598,1.7779104776324606,0.30489870285654114,-0.2811041176916138,0.0,0.6893706377102102,0.49013670260439773,0.0766113243010416,1.2111624507270213,0.22356561546286882,1.8615574765218725,0.860859742109742,1.1898116374366374,1.2287661926709916,0.19718129392518569,0.27,0.1187214611872146,0.15384615384615385,0.013333333333333334,0.04472049689440994,0.02040816326530612,0.020833333333333332,0.0075,0.0026702269692923898,0.4263698630136986,0.3647260273972603,2.5,15.900000000000006,3.9750000000000014,0.22666666666666666,5.648401826484018,1.1963470319634704,0.11333333333333333,29.12093023255814,20.34567901234568,6.0,0.12,0.02,0.013333333333333334,0.023333333333333334,0.03333333333333333,4.305424,5.0758416,1.1680087401826598,5.47343274018266,6.275407711289439,17.658686190401838,6.718414451912321,23.0778593337478,17.87882048956097,19.620153377644563,0.1693443,22.7176722,0.7362137,0.39,1.0,1.9,1.44,0.2511747,0.8959763,0.8510152,0.009644212000000001,0.006482665048372355,0.005442035999999999,0.010128668,0.002383165017181079,0.427226,0.007431,0.5314839,0.3097001,0.002033,5.2955222,0.0147412
24,2.491075700507598,1.7779104776324606,0.30489870285654114,-0.2811041176916138,0.0,0.6893706377102102,0.49013670260439773,0.0766113243010416,1.2111624507270213,0.22356561546286882,1.8615574765218725,0.860859742109742,1.1898116374366374,1.2287661926709916,0.19718129392518569,0.27,0.1187214611872146,0.15384615384615385,0.013333333333333334,0.04472049689440994,0.02040816326530612,0.020833333333333332,0.0075,0.0026702269692923898,0.4263698630136986,0.3647260273972603,2.5,15.900000000000006,3.9750000000000014,0.22666666666666666,5.648401826484018,1.1963470319634704,0.11333333333333333,29.12093023255814,20.34567901234568,6.0,0.12,0.02,0.013333333333333334,0.023333333333333334,0.03333333333333333,4.305424,5.0758416,1.1680087401826598,5.47343274018266,6.275407711289439,17.658686190401838,6.718414451912321,23.0778593337478,17.87882048956097,19.620153377644563,0.1693443,22.7176722,0.7362137,0.39,1.0,1.9,1.44,0.2511747,0.8959763,0.8510152,0.009644212000000001,0.006482665048372355,0.005442035999999999,0.010128668,0.002383165017181079,0.427226,0.007431,0.5314839,0.3097001,0.002033,5.2955222,0.0147412
25,2.491075700507598,1.7779104776324606,0.30489870285654114,-0.2811041176916138,0.0,0.6893706377102102,0.49013670260439773,0.0766113243010416,1.2111624507270213,0.22356561546286882,1.8615574765218725,0.860859742109742,1.1898116374366374,1.2287661926709916,0.19718129392518569,0.27,0.1187214611872146,0.15384615384615385,0.013333333333333334,0.04472049689440994,0.02040816326530612,0.020833333333333332,0.0075,0.0026702269692923898,0.4263698630136986,0.3647260273972603,2.5,15.900000000000006,3.9750000000000014,0.22666666666666666,5.648401826484018,1.1963470319634704,0.11333333333333333,29.12093023255814,20.34567901234568,6.0,0.12,0.02,0.013333333333333334,0.023333333333333334,0.03333333333333333,4.305424,5.0758416,1.1680087401826598,5.47343274018266,6.275407711289439,17.658686190401838,6.718414451912321,23.0778593337478,17.87882048956097,19.620153377644563,0.1693443,22.7176722,0.7362137,0.39,1.0,1.9,1.44,0.2511747,0.8959763,0.8510152,0.009644212000000001,0.006482665048372355,0.005442035999999999,0.010128668,0.002383165017181079,0.427226,0.007431,0.5314839,0.3097001,0.002033,5.2955222,0.0147412
26,2.491075700507598,1.7779104776324606,0.30489870285654114,-0.2811041176916138,0.0,0.6893706377102102,0.49013670260439773,0.0766113243010416,1.2111624507270213,0.22356561546286882,1.8615574765218725,0.860859742109742,1.1898116374366374,1.2287661926709916,0.19718129392518569,0.27,0.1187214611872146,0.15384615384615385,0.013333333333333334,0.04472049689440994,0.02040816326530612,0.020833333333333332,0.0075,0.0026702269692923898,0.4263698630136986,0.3647260273972603,2.5,15.900000000000006,3.9750000000000014,0.22666666666666666,5.648401826484018,1.1963470319634704,0.11333333333333333,29.12093023255814,20.34567901234568,6.0,0.12,0.02,0.013333333333333334,0.023333333333333334,0.03333333333333333,4.305424,5.0758416,1.1680087401826598,5.47343274018266,6.275407711289439,17.658686190401838,6.718414451912321,23.0778593337478,17.87882048956097,19.620153377644563,0.1693443,22.7176722,0.7362137,0.39,1.0,1.9,1.44,0.2511747,0.8959763,0.8510152,0.009644212000000001,0.006482665048372355,0.005442035999999999,0.010128668,0.002383165017181079,0.427226,0.007431,0.5314839,0.3097001,0.002033,5.2955222,0.0147412
27,2.491075700507598,1.7779104776324606,0.30489870285654114,-0.2811041176916138,0.0,0.6893706377102102,0.49013670260439773,0.0766113243010416,1.2111624507270213,0.22356561546286882,1.8615574765218725,0.860859742109742,1.1898116374366374,1.2287661926709916,0.19718129392518569,0.27,0.1187214611872146,0.15384615384615385,0.013333333333333334,0.04472049689440994,0.02040816326530612,0.020833333333333332,0.0075,0.0026702269692923898,0.4263698630136986,0.3647260273972603,2.5,15.900000000000006,3.9750000000000014,0.22666666666666666,5.648401826484018,1.1963470319634704,0.11333333333333333,29.12093023255814,20.34567901234568,6.0,0.12,0.02,0.013333333333333334,0.023333333333333334,0.03333333333333333,4.305424,5.0758416,1.1680087401826598,5.47343274018266,6.275407711289439,17.658686190401838,6.718414451912321,23.0778593337478,17.87882048956097,19.620153377644563,0.1693443,22.7176722,0.7362137,0.39,1.0,1.9,1.44,0.2511747,0.8959763,0.8510152,0.009644212000000001,0.006482665048372355,0.005442035999999999,0.010128668,0.002383165017181079,0.427226,0.007431,0.5314839,0.3097001,0.002033,5.2955222,0.0147412
28,2.491075700507598,1.7779104776324606,0.30489870285654114,-0.2811041176916138,0.0,0.6893706377102102,0.49013670260439773,0.0766113243010416,1.2111624507270213,0.22356561546286882,1.8615574765218725,0.860859742109742,1.1898116374366374,1.2287661926709916,0.19718129392518569,0.27,0.1187214611872146,0.15384615384615385,0.013333333333333334,0.04472049689440994,0.02040816326530612,0.020833333333333332,0.0075,0.0026702269692923898,0.4263698630136986,0.3647260273972603,2.5,15.900000000000006,3.9750000000000014,0.22666666666666666,5.648401826484018,1.1963470319634704,0.11333333333333333,29.12093023255814,20.34567901234568,6.0,0.12,0.02,0.013333333333333334,0.023333333333333334,0.03333333333333333,4.305424,5.0758416,1.1680087401826598,5.47343274018266,6.275407711289439,17.658686190401838,6.718414451912321,23.0778593337478,17.87882048956097,19.620153377644563,0.1693443,22.7176722,0.7362137,0.39,1.0,1.9,1.44,0.2511747,0.8959763,0.8510152,0.009644212000000001,0.006482665048372355,0.005442035999999999,0.010128668,0.002383165017181079,0.427226,0.007431,0.5314839,0.3097001,0.002033,5.2955222,0.0147412
29,2.491075700507598,1.7779104776324606,0.30489870285654114,-0.2811041176916138,0.0,0.6893706377102102,0.49013670260439773,0.0766113243010416,1.2111624507270213,0.22356561546286882,1.8615574765218725,0.860859742109742,1.1898116374366374,1.2287661926709916,0.19718129392518569,0.27,0.1187214611872146,0.15384615384615385,0.013333333333333334,0.04472049689440994,0.02040816326530612,0.020833333333333332,0.0075,0.0026702269692923898,0.4263698630136986,0.3647260273972603,2.5,15.900000000000006,3.9750000000000014,0.22666666666666666,5.648401826484018,1.1963470319634704,0.11333333333333333,29.12093023255814,20.34567901234568,6.0,0.12,0.02,0.013333333333333334,0.023333333333333334,0.03333333333333333,4.305424,5.0758416,1.1680087401826598,5.47343274018266,6.275407711289439,17.658686190401838,6.718414451912321,23.0778593337478,17.87882048956097,19.620153377644563,0.1693443,22.7176722,0.7362137,0.39,1.0,1.9,1.44,0.2511747,0.8959763,0.8510152,0.009644212000000001,0.006482665048372355,0.005442035999999999,0.010128668,0.002383165017181079,0.427226,0.007431,0.5314839,0.3097001,0.002033,5.2955222,0.0147412
30,2.491075700507598,1.7779104776324606,0.30489870285654114,-0.2811041176916138,0.0,0.6893706377102102,0.49013670260439773,0.0766113243010416,1.2111624507270213,0.22356561546286882,1.8615574765218725,0.860859742109742,1.1898116374366374,1.2287661926709916,0.19718129392518569,0.27,0.1187214611872146,0.15384615384615385,0.013333333333333334,0.04472049689440994,0.02040816326530612,0.020833333333333332,0.0075,0.0026702269692923898,0.4263698630136986,0.3647260273972603,2.5,15.900000000000006,3.9750000000000014,0.22666666666666666,5.648401826484018,1.1963470319634704,0.11333333333333333,29.12093023255814,20.34567901234568,6.0,0.12,0.02,0.013333333333333334,0.023333333333333334,0.03333333333333333,4.305424,5.0758416,1.1680087401826598,5.47343274018266,6.275407711289439,17.658686190401838,6.718414451912321,23.0778593337478,17.87882048956097,19.620153377644563,0.1693443,22.7176722,0.7362137,0.39,1.0,1.9,1.44,0.2511747,0.8959763,0.8510152,0.009644212000000001,0.006482665048372355,0.005442035999999999,0.010128668,0.002383165017181079,0.427226,0.007431,0.5314839,0.3097001,0.002033,5.2955222,0.0147412
31,2.491075700507598,1.7779104776324606,0.30489870285654114,-0.2811041176916138,0.0,0.6893706377102102,0.49013670260439773,0.0766113243010416,1.2111624507270213,0.22356561546286882,1.8615574765218725,0.860859742109742,1.1898116374366374,1.2287661926709916,0.19718129392518569,0.27,0.1187214611872146,0.15384615384615385,0.013333333333333334,0.04472049689440994,0.02040816326530612,0.020833333333333332,0.0075,0.0026702269692923898,0.4263698630136986,0.3647260273972603,2.5,15.900000000000006,3.9750000000000014,0.22666666666666666,5.648401826484018,1.1963470319634704,0.11333333333333333,29.12093023255814,20.34567901234568,6.0,0.12,0.02,0.013333333333333334,0.023333333333333334,0.03333333333333333,4.305424,5.0758416,1.1680087401826598,5.47343274018266,6.275407711289439,17.658686190401838,6.718414451912321,23.0778593337478,17.87882048956097,19.620153377644563,0.1693443,22.7176722,0.7362137,0.39,1.0,1.9,1.44,0.2511747,0.8959763,0.8510152,0.009644212000000001,0.006482665048372355,0.005442035999999999,0.010128668,0.002383165017181079,0.427226,0.007431,0.5314839,0.3097001,0.002033,5.2955222,0.0147412
32,2.491075700507598,1.7779104776324606,0.30489870285654114,-0.2811041176916138,0.0,0.6893706377102102,0.49013670260439773,0.0766113243010416,1.2111624507270213,0.22356561546286882,1.8615574765218725,0.860859742109742,1.1898116374366374,1.2287661926709916,0.19718129392518569,0.27,0.1187214611872146,0.15384615384615385,0.013333333333333334,0.04472049689440994,0.02040816326530612,0.020833333333333332,0.0075,0.0026702269692923898,0.4263698630136986,0.3647260273972603,2.5,15.900000000000006,3.9750000000000014,0.22666666666666666,5.648401826484018,1.1963470319634704,0.11333333333333333,29.12093023255814,20.34567901234568,6.0,0.12,0.02,0.013333333333333334,0.023333333333333334,0.03333333333333333,4.305424,5.0758416,1.1680087401826598,5.47343274018266,6.275407711289439,17.658686190401838,6.718414451912321,23.0778593337478,17.87882048956097,19.620153377644563,0.1693443,22.7176722,0.7362137,0.39,1.0,1.9,1.44,0.2511747,0.8959763,0.8510152,0.009644212000000001,0.006482665048372355,0.005442035999999999,0.010128668,0.002383165017181079,0.427226,0.007431,0.5314839,0.3097001,0.002033,5.2955222,0.0147412
33,2.491075700507598,1.7779104776324606,0.30489870285654114,-0.2811041176916138,0.0,0.6893706377102102,0.49013670260439773,0.0766113243010416,1.2111624507270213,0.22356561546286882,1.8615574765218725,0.860859742109742,1.1898116374366374,1.2287661926709916,0.19718129392518569,0.27,0.1187214611872146,0.15384615384615385,0.013333333333333334,0.04472049689440994,0.02040816326530612,0.020833333333333332,0.0075,0.0026702269692923898,0.4263698630136986,0.3647260273972603,2.5,15.900000000000006,3.9750000000000014,0.22666666666666666,5.648401826484018,1.1963470319634704,0.11333333333333333,29.12093023255814,20.34567901234568,6.0,0.12,0.02,0.013333333333333334,0.023333333333333334,0.03333333333333333,4.305424,5.0758416,1.1680087401826598,5.47343274018266,6.275407711289439,17.658686190401838,6.718414451912321,23.0778593337478,17.87882048956097,19.620153377644563,0.1693443,22.7176722,0.7362137,0.39,1.0,1.9,1.44,0.2511747,0.8959763,0.8510152,0.009644212000000001,0.006482665048372355,0.005442035999999999,0.010128668,0.002383165017181079,0.427226,0.007431,0.5314839,0.3097001,0.002033,5.2955222,0.0147412
34,2.491075700507598,1.7779104776324606,0.30489870285654114,-0.2811041176916138,0.0,0.6893706377102102,0.49013670260439773,0.0766113243010416,1.2111624507270213,0.22356561546286882,1.8615574765218725,0.860859742109742,1.1898116374366374,1.2287661926709916,0.19718129392518569,0.27,0.1187214611872146,0.15384615384615385,0.013333333333333334,0.04472049689440994,0.02040816326530612,0.020833333333333332,0.0075,0.0026702269692923898,0.4263698630136986,0.3647260273972603,2.5,15.900000000000006,3.9750000000000014,0.22666666666666666,5.648401826484018,1.1963470319634704,0.11333333333333333,29.12093023255814,20.34567901234568,6.0,0.12,0.02,0.013333333333333334,0.023333333333333334,0.03333333333333333,4.305424,5.0758416,1.1680087401826598,5.47343274018266,6.275407711289439,17.658686190401838,6.718414451912321,23.0778593337478,17.87882048956097,19.620153377644563,0.1693443,22.7176722,0.7362137,0.39,1.0,1.9,1.44,0.2511747,0.8959763,0.8510152,0.009644212000000001,0.006482665048372355,0.005442035999999999,0.010128668,0.002383165017181079,0.427226,0.007431,0.5314839,0.3097001,0.002033,5.2955222,0.0147412
35,2.491075700507598,1.7779104776324606,0.30489870285654114,-0.2811041176916138,0.0,0.6893706377102102,0.49013670260439773,0.0766113243010416,1.2111624507270213,0.22356561546286882,1.8615574765218725,0.860859742109742,1.1898116374366374,1.2287661926709916,0.19718129392518569,0.27,0.1187214611872146,0.15384615384615385,0.013333333333333334,0.04472049689440994,0.02040816326530612,0.020833333333333332,0.0075,0.0026702269692923898,0.4263698630136986,0.3647260273972603,2.5,15.900000000000006,3.9750000000000014,0.22666666666666666,5.648401826484018,1.1963470319634704,0.11333333333333333,29.12093023255814,20.34567901234568,6.0,0.12,0.02,0.013333333333333334,0.023333333333333334,0.03333333333333333,4.305424,5.0758416,1.1680087401826598,5.47343274018266,6.275407711289439,17.658686190401838,6.718414451912321,23.0778593337478,17.87882048956097,19.620153377644563,0.1693443,22.7176722,0.7362137,0.39,1.0,1.9,1.44,0.2511747,0.8959763,0.8510152,0.009644212000000001,0.006482665048372355,0.005442035999999999,0.010128668,0.002383165017181079,0.427226,0.007431,0.5314839,0.3097001,0.002033,5.2955222,0.0147412
36,2.491075700507598,1.7779104776324606,0.30489870285654114,-0.2811041176916138,0.0,0.6893706377102102,0.49013670260439773,0.0766113243010416,1.2111624507270213,0.22356561546286882,1.8615574765218725,0.860859742109742,1.1898116374366374,1.2287661926709916,0.19718129392518569,0.27,0.1187214611872146,0.15384615384615385,0.013333333333333334,0.04472049689440994,0.02040816326530612,0.020833333333333332,0.0075,0.0026702269692923898,0.4263698630136986,0.3647260273972603,2.5,15.900000000000006,3.9750000000000014,0.22666666666666666,5.648401826484018,1.1963470319634704,0.11333333333333333,29.12093023255814,20.34567901234568,6.0,0.12,0.02,0.013333333333333334,0.023333333333333334,0.03333333333333333,4.305424,5.0758416,1.1680087401826598,5.47343274018266,6.275407711289439,17.658686190401838,6.718414451912321,23.0778593337478,17.87882048956097,19.620153377644563,0.1693443,22.7176722,0.7362137,0.39,1.0,1.9,1.44,0.2511747,0.8959763,0.8510152,0.009644212000000001,0.006482665048372355,0.005442035999999999,0.010128668,0.002383165017181079,0.427226,0.007431,0.5314839,0.3097001,0.002033,5.2955222,0.0147412
37,2.491075700507598,1.7779104776324606,0.30489870285654114,-0.2811041176916138,0.0,0.6893706377102102,0.49013670260439773,0.0766113243010416,1.2111624507270213,0.22356561546286882,1.8615574765218725,0.860859742109742,1.1898116374366374,1.2287661926709916,0.19718129392518569,0.27,0.1187214611872146,0.15384615384615385,0.013333333333333334,0.04472049689440994,0.02040816326530612,0.020833333333333332,0.0075,0.0026702269692923898,0.4263698630136986,0.3647260273972603,2.5,15.900000000000006,3.9750000000000014,0.22666666666666666,5.648401826484018,1.1963470319634704,0.11333333333333333,29.12093023255814,20.34567901234568,6.0,0.12,0.02,0.013333333333333334,0.023333333333333334,0.03333333333333333,4.305424,5.0758416,1.1680087401826598,5.47343274018266,6.275407711289439,17.658686190401838,6.718414451912321,23.0778593337478,17.87882048956097,19.620153377644563,0.1693443,22.7176722,0.7362137,0.39,1.0,1.9,1.44,0.2511747,0.8959763,0.8510152,0.009644212000000001,0.006482665048372355,0.005442035999999999,0.010128668,0.002383165017181079,0.427226,0.007431,0.5314839,0.3097001,0.002033,5.2955222,0.0147412
38,2.491075700507598,1.7779104776324606,0.30489870285654114,-0.2811041176916138,0.0,0.6893706377102102,0.49013670260439773,0.0766113243010416,1.2111624507270213,0.22356561546286882,1.8615574765218725,0.860859742109742,1.1898116374366374,1.2287661926709916,0.19718129392518569,0.27,0.1187214611872146,0.15384615384615385,0.013333333333333334,0.04472049689440994,0.02040816326530612,0.020833333333333332,0.0075,0.0026702269692923898,0.4263698630136986,0.3647260273972603,2.5,15.900000000000006,3.9750000000000014,0.22666666666666666,5.648401826484018,1.1963470319634704,0.11333333333333333,29.12093023255814,20.34567901234568,6.0,0.12,0.02,0.013333333333333334,0.023333333333333334,0.03333333333333333,4.305424,5.0758416,1.1680087401826598,5.47343274018266,6.275407711289439,17.658686190401838,6.718414451912321,23.0778593337478,17.87882048956097,19.620153377644563,0.1693443,22.7176722,0.7362137,0.39,1.0,1.9,1.44,0.2511747,0.8959763,0.8510152,0.009644212000000001,0.006482665048372355,0.005442035999999999,0.010128668,0.002383165017181079,0.427226,0.007431,0.5314839,0.3097001,0.002033,5.2955222,0.0147412
39,2.491075700507598,1.7779104776324606,0.30489870285654114,-0.2811041176916138,0.0,0.6893706377102102,0.49013670260439773,0.0766113243010416,1.2111624507270213,0.22356561546286882,1.8615574765218725,0.860859742109742,1.1898116374366374,1.2287661926709916,0.19718129392518569,0.27,0.1187214611872146,0.15384615384615385,0.013333333333333334,0.04472049689440994,0.02040816326530612,0.020833333333333332,0.0075,0.0026702269692923898,0.4263698630136986,0.3647260273972603,2.5,15.900000000000006,3.9750000000000014,0.22666666666666666,5.648401826484018,1.1963470319634704,0.11333333333333333,29.12093023255814,20.34567901234568,6.0,0.12,0.02,0.013333333333333334,0.023333333333333334,0.03333333333333333,4.305424,5.0758416,1.1680087401826598,5.47343274018266,6.275407711289439,17.658686190401838,6.718414451912321,23.0778593337478,17.87882048956097,19.620153377644563,0.1693443,22.7176722,0.7362137,0.39,1.0,1.9,1.44,0.2511747,0.8959763,0.8510152,0.009644212000000001,0.006482665048372355,0.005442035999999999,0.010128668,0.002383165017181079,0.427226,0.007431,0.5314839,0.3097001,0.002033,5.2955222,0.0147412
40,2.491075700507598,1.7779104776324606,0.30489870285654114,-0.2811041176916138,0.0,0.6893706377102102,0.49013670260439773,0.0766113243010416,1.2111624507270213,0.22356561546286882,1.8615574765218725,0.860859742109742,1.1898116374366374,1.2287661926709916,0.19718129392518569,0.27,0.1187214611872146,0.15384615384615385,0.013333333333333334,0.04472049689440994,0.02040816326530612,0.020833333333333332,0.0075,0.0026702269692923898,0.4263698630136986,0.3647260273972603,2.5,15.900000000000006,3.9750000000000014,0.22666666666666666,5.648401826484018,1.1963470319634704,0.11333333333333333,29.12093023255814,20.34567901234568,6.0,0.12,0.02,0.013333333333333334,0.023333333333333334,0.03333333333333333,4.305424,5.0758416,1.1680087401826598,5.47343274018266,6.275407711289439,17.658686190401838,6.718414451912321,23.0778593337478,17.87882048956097,19.620153377644563,0.1693443,22.7176722,0.7362137,0.39,1.0,1.9,1.44,0.2511747,0.8959763,0.8510152,0.009644212000000001,0.006482665048372355,0.005442035999999999,0.010128668,0.002383165017181079,0.427226,0.007431,0.5314839,0.3097001,0.002033,5.2955222,0.0147412
41,2.491075700507598,1.7779104776324606,0.30489870285654114,-0.2811041176916138,0.0,0.6893706377102102,0.49013670260439773,0.0766113243010416,1.2111624507270213,0.22356561546286882,1.8615574765218725,0.860859742109742,1.1898116374366374,1.2287661926709916,0.19718129392518569,0.27,0.1187214611872146,0.15384615384615385,0.013333333333333334,0.04472049689440994,0.02040816326530612,0.020833333333333332,0.0075,0.0026702269692923898,0.4263698630136986,0.3647260273972603,2.5,15.900000000000006,3.9750000000000014,0.22666666666666666,5.648401826484018,1.1963470319634704,0.11333333333333333,29.12093023255814,20.34567901234568,6.0,0.12,0.02,0.013333333333333334,0.023333333333333334,0.03333333333333333,4.305424,5.0758416,1.1680087401826598,5.47343274018266,6.275407711289439,17.658686190401838,6.718414451912321,23.0778593337478,17.87882048956097,19.620153377644563,0.1693443,22.7176722,0.7362137,0.39,1.0,1.9,1.44,0.2511747,0.8959763,0.8510152,0.009644212000000001,0.006482665048372355,0.005442035999999999,0.010128668,0.002383165017181079,0.427226,0.007431,0.5314839,0.3097001,0.002033,5.2955222,0.0147412
42,2.491075700507598,1.7779104776324606,0.30489870285654114,-0.2811041176916138,0.0,0.6893706377102102,0.49013670260439773,0.0766113243010416,1.2111624507270213,0.22356561546286882,1.8615574765218725,0.860859742109742,1.1898116374366374,1.2287661926709916,0.19718129392518569,0.27,0.1187214611872146,0.15384615384615385,0.013333333333333334,0.04472049689440994,0.02040816326530612,0.020833333333333332,0.0075,0.0026702269692923898,0.4263698630136986,0.3647260273972603,2.5,15.900000000000006,3.9750000000000014,0.22666666666666666,5.648401826484018,1.1963470319634704,0.11333333333333333,29.12093023255814,20.34567901234568,6.0,0.12,0.02,0.013333333333333334,0.023333333333333334,0.03333333333333333,4.305424,5.0758416,1.1680087401826598,5.47343274018266,6.275407711289439,17.658686190401838,6.718414451912321,23.0778593337478,17.87882048956097,19.620153377644563,0.1693443,22.7176722,0.7362137,0.39,1.0,1.9,1.44,0.2511747,0.8959763,0.8510152,0.009644212000000001,0.006482665048372355,0.005442035999999999,0.010128668,0.002383165017181079,0.427226,0.007431,0.5314839,0.3097001,0.002033,5.2955222,0.0147412
43,2.491075700507598,1.7779104776324606,0.30489870285654114,-0.2811041176916138,0.0,0.6893706377102102,0.49013670260439773,0.0766113243010416,1.2111624507270213,0.22356561546286882,1.8615574765218725,0.860859742109742,1.1898116374366374,1.2287661926709916,0.19718129392518569,0.27,0.1187214611872146,0.15384615384615385,0.013333333333333334,0.04472049689440994,0.02040816326530612,0.020833333333333332,0.0075,0.0026702269692923898,0.4263698630136986,0.3647260273972603,2.5,15.900000000000006,3.9750000000000014,0.22666666666666666,5.648401826484018,1.1963470319634704,0.11333333333333333,29.12093023255814,20.34567901234568,6.0,0.12,0.02,0.013333333333333334,0.023333333333333334,0.03333333333333333,4.305424,5.0758416,1.1680087401826598,5.47343274018266,6.275407711289439,17.658686190401838,6.718414451912321,23.0778593337478,17.87882048956097,19.620153377644563,0.1693443,22.7176722,0.7362137,0.39,1.0,1.9,1.44,0.2511747,0.8959763,0.8510152,0.009644212000000001,0.006482665048372355,0.005442035999999999,0.010128668,0.002383165017181079,0.427226,0.007431,0.5314839,0.3097001,0.002033,5.2955222,0.0147412
44,2.491075700507598,1.7779104776324606,0.30489870285654114,-0.2811041176916138,0.0,0.6893706377102102,0.49013670260439773,0.0766113243010416,1.2111624507270213,0.22356561546286882,1.8615574765218725,0.860859742109742,1.1898116374366374,1.2287661926709916,0.19718129392518569,0.27,0.1187214611872146,0.15384615384615385,0.013333333333333334,0.04472049689440994,0.02040816326530612,0.020833333333333332,0.0075,0.0026702269692923898,0.4263698630136986,0.3647260273972603,2.5,15.900000000000006,3.9750000000000014,0.22666666666666666,5.648401826484018,1.1963470319634704,0.11333333333333333,29.12093023255814,20.34567901234568,6.0,0.12,0.02,0.013333333333333334,0.023333333333333334,0.03333333333333333,4.305424,5.0758416,1.1680087401826598,5.47343274018266,6.275407711289439,17.658686190401838,6.718414451912321,23.0778593337478,17.87882048956097,19.620153377644563,0.1693443,22.7176722,0.7362137,0.39,1.0,1.9,1.44,0.2511747,0.8959763,0.8510152,0.009644212000000001,0.006482665048372355,0.005442035999999999,0.010128668,0.002383165017181079,0.427226,0.007431,0.5314839,0.3097001,0.002033,5.2955222,0.0147412
45,2.491075700507598,1.7779104776324606,0.30489870285654114,-0.2811041176916138,0.0,0.6893706377102102,0.49013670260439773,0.0766113243010416,1.2111624507270213,0.22356561546286882,1.8615574765218725,0.860859742109742,1.1898116374366374,1.2287661926709916,0.19718129392518569,0.27,0.1187214611872146,0.15384615384615385,0.013333333333333334,0.04472049689440994,0.02040816326530612,0.020833333333333332,0.0075,0.0026702269692923898,0.4263698630136986,0.3647260273972603,2.5,15.900000000000006,3.9750000000000014,0.22666666666666666,5.648401826484018,1.1963470319634704,0.11333333333333333,29.12093023255814,20.34567901234568,6.0,0.12,0.02,0.013333333333333334,0.023333333333333334,0.03333333333333333,4.305424,5.0758416,1.1680087401826598,5.47343274018266,6.275407711289439,17.658686190401838,6.718414451912321,23.0778593337478,17.87882048956097,19.620153377644563,0.1693443,22.7176722,0.7362137,0.39,1.0,1.9,1.44,0.2511747,0.8959763,0.8510152,0.009644212000000001,0.006482665048372355,0.005442035999999999,0.010128668,0.002383165017181079,0.427226,0.007431,0.5314839,0.3097001,0.002033,5.2955222,0.0147412
46,2.491075700507598,1.7779104776324606,0.30489870285654114,-0.2811041176916138,0.0,0.6893706377102102,0.49013670260439773,0.0766113243010416,1.2111624507270213,0.22356561546286882,1.8615574765218725,0.860859742109742,1.1898116374366374,1.2287661926709916,0.19718129392518569,0.27,0.1187214611872146,0.15384615384615385,0.013333333333333334,0.04472049689440994,0.02040816326530612,0.020833333333333332,0.0075,0.0026702269692923898,0.4263698630136986,0.3647260273972603,2.5,15.900000000000006,3.9750000000000014,0.22666666666666666,5.648401826484018,1.1963470319634704,0.11333333333333333,29.12093023255814,20.34567901234568,6.0,0.12,0.02,0.013333333333333334,0.023333333333333334,0.03333333333333333,4.305424,5.0758416,1.1680087401826598,5.47343274018266,6.275407711289439,17.658686190401838,6.718414451912321,23.0778593337478,17.87882048956097,19.620153377644563,0.1693443,22.7176722,0.7362137,0.39,1.0,1.9,1.44,0.2511747,0.8959763,0.8510152,0.009644212000000001,0.006482665048372355,0.005442035999999999,0.010128668,0.002383165017181079,0.427226,0.007431,0.5314839,0.3097001,0.002033,5.2955222,0.0147412
47,2.491075700507598,1.7779104776324606,0.30489870285654114,-0.2811041176916138,0.0,0.6893706377102102,0.49013670260439773,0.0766113243010416,1.2111624507270213,0.22356561546286882,1.8615574765218725,0.860859742109742,1.1898116374366374,1.2287661926709916,0.19718129392518569,0.27,0.1187214611872146,0.15384615384615385,0.013333333333333334,0.04472049689440994,0.02040816326530612,0.020833333333333332,0.0075,0.0026702269692923898,0.4263698630136986,0.3647260273972603,2.5,15.900000000000006,3.9750000000000014,0.22666666666666666,5.648401826484018,1.1963470319634704,0.11333333333333333,29.12093023255814,20.34567901234568,6.0,0.12,0.02,0.013333333333333334,0.023333333333333334,0.03333333333333333,4.305424,5.0758416,1.1680087401826598,5.47343274018266,6.275407711289439,17.658686190401838,6.718414451912321,23.0778593337478,17.87882048956097,19.620153377644563,0.1693443,22.7176722,0.7362137,0.39,1.0,1.9,1.44,0.2511747,0.8959763,0.8510152,0.009644212000000001,0.006482665048372355,0.005442035999999999,0.010128668,0.002383165017181079,0.427226,0.007431,0.5314839,0.3097001,0.002033,5.2955222,0.0147412
48,2.491075700507598,1.7779104776324606,0.30489870285654114,-0.2811041176916138,0.0,0.6893706377102102,0.49013670260439773,0.0766113243010416,1.2111624507270213,0.22356561546286882,1.8615574765218725,0.860859742109742,1.1898116374366374,1.2287661926709916,0.19718129392518569,0.27,0.1187214611872146,0.15384615384615385,0.013333333333333334,0.04472049689440994,0.02040816326530612,0.020833333333333332,0.0075,0.0026702269692923898,0.4263698630136986,0.3647260273972603,2.5,15.900000000000006,3.9750000000000014,0.22666666666666666,5.648401826484018,1.1963470319634704,0.11333333333333333,29.12093023255814,20.34567901234568,6.0,0.12,0.02,0.013333333333333334,0.023333333333333334,0.03333333333333333,4.305424,5.0758416,1.1680087401826598,5.47343274018266,6.275407711289439,17.658686190401838,6.718414451912321,23.0778593337478,17.87882048956097,19.620153377644563,0.1693443,22.7176722,0.7362137,0.39,1.0,1.9,1.44,0.2511747,0.8959763,0.8510152,0.009644212000000001,0.006482665048372355,0.005442035999999999,0.010128668,0.002383165017181079,0.427226,0.007431,0.5314839,0.3097001,0.002033,5.2955222,0.0147412
49,2.491075700507598,1.7779104776324606,0.30489870285654114,-0.2811041176916138,0.0,0.6893706377102102,0.49013670260439773,0.0766113243010416,1.2111624507270213,0.22356561546286882,1.8615574765218725,0.860859742109742,1.1898116374366374,1.2287661926709916,0.19718129392518569,0.27,0.1187214611872146,0.15384615384615385,0.013333333333333334,0.04472049689440994,0.02040816326530612,0.020833333333333332,0.0075,0.0026702269692923898,0.4263698630136986,0.3647260273972603,2.5,15.900000000000006,3.9750000000000014,0.22666666666666666,5.648401826484018,1.1963470319634704,0.11333333333333333,29.12093023255814,20.34567901234568,6.0,0.12,0.02,0.013333333333333334,0.023333333333333334,0.03333333333333333,4.305424,5.0758416,1.1680087401826598,5.47343274018266,6.275407711289439,17.658686190401838,6.718414451912321,23.0778593337478,17.87882048956097,19.620153377644563,0.1693443,22.7176722,0.7362137,0.39,1.0,1.9,1.44,0.2511747,0.8959763,0.8510152,0.009644212000000001,0.006482665048372355,0.005442035999999999,0.010128668,0.002383165017181079,0.427226,0.007431,0.5314839,0.3097001,0.002033,5.2955222,0.0147412
50,2.491075700507598,1.7779104776324606,0.30489870285654114,-0.2811041176916138,0.0,0.6893706377102102,0.49013670260439773,0.0766113243010416,1.2111624507270213,0.22356561546286882,1.8615574765218725,0.860859742109742,1.1898116374366374,1.2287661926709916,0.19718129392518569,0.27,0.1187214611872146,0.15384615384615385,0.013333333333333334,0.04472049689440994,0.02040816326530612,0.020833333333333332,0.0075,0.0026702269692923898,0.4263698630136986,0.3647260273972603,2.5,15.900000000000006,3.9750000000000014,0.22666666666666666,5.648401826484018,1.1963470319634704,0.11333333333333333,29.12093023255814,20.34567901234568,6.0,0.12,0.02,0.013333333333333334,0.023333333333333334,0.03333333333333333,4.305424,5.0758416,1.1680087401826598,5.47343274018266,6.275407711289439,17.658686190401838,6.718414451912321,23.0778593337478,17.87882048956097,19.620153377644563,0.1693443,22.7176722,0.7362137,0.39,1.0,1.9,1.44,0.2511747,0.8959763,0.8510152,0.009644212000000001,0.006482665048372355,0.005442035999999999,0.010128668,0.002383165017181079,0.427226,0.007431,0.5314839,0.3097001,0.002033,5.2955222,0.0147412
51,2.491075700507598,1.7779104776324606,0.30489870285654114,-0.2811041176916138,0.0,0.6893706377102102,0.49013670260439773,0.0766113243010416,1.2111624507270213,0.22356561546286882,1.8615574765218725,0.860859742109742,1.1898116374366374,1.2287661926709916,0.19718129392518569,0.27,0.1187214611872146,0.15384615384615385,0.013333333333333334,0.04472049689440994,0.02040816326530612,0.020833333333333332,0.0075,0.0026702269692923898,0.4263698630136986,0.3647260273972603,2.5,15.900000000000006,3.9750000000000014,0.22666666666666666,5.648401826484018,1.1963470319634704,0.11333333333333333,29.12093023255814,20.34567901234568,6.0,0.12,0.02,0.013333333333333334,0.023333333333333334,0.03333333333333333,4.305424,5.0758416,1.1680087401826598,5.47343274018266,6.275407711289439,17.658686190401838,6.718414451912321,23.0778593337478,17.87882048956097,19.620153377644563,0.1693443,22.7176722,0.7362137,0.39,1.0,1.9,1.44,0.2511747,0.8959763,0.8510152,0.009644212000000001,0.006482665048372355,0.005442035999999999,0.010128668,0.002383165017181079,0.427226,0.007431,0.5314839,0.3097001,0.002033,5.2955222,0.0147412
52,2.491075700507598,1.7779104776324606,0.30489870285654114,-0.2811041176916138,0.0,0.6893706377102102,0.49013670260439773,0.0766113243010416,1.2111624507270213,0.22356561546286882,1.8615574765218725,0.860859742109742,1.1898116374366374,1.2287661926709916,0.19718129392518569,0.27,0.1187214611872146,0.15384615384615385,0.013333333333333334,0.04472049689440994,0.02040816326530612,0.020833333333333332,0.0075,0.0026702269692923898,0.4263698630136986,0.3647260273972603,2.5,15.900000000000006,3.9750000000000014,0.22666666666666666,5.648401826484018,1.1963470319634704,0.11333333333333333,29.12093023255814,20.34567901234568,6.0,0.12,0.02,0.013333333333333334,0.023333333333333334,0.03333333333333333,4.305424,5.0758416,1.1680087401826598,5.47343274018266,6.275407711289439,17.658686190401838,6.718414451912321,23.0778593337478,17.87882048956097,19.620153377644563,0.1693443,22.7176722,0.7362137,0.39,1.0,1.9,1.44,0.2511747,0.8959763,0.8510152,0.009644212000000001,0.006482665048372355,0.005442035999999999,0.010128668,0.002383165017181079,0.427226,0.007431,0.5314839,0.3097001,0.002033,5.2955222,0.0147412
53,2.491075700507598,1.7779104776324606,0.30489870285654114,-0.2811041176916138,0.0,0.6893706377102102,0.49013670260439773,0.0766113243010416,1.2111624507270213,0.22356561546286882,1.8615574765218725,0.860859742109742,1.1898116374366374,1.2287661926709916,0.19718129392518569,0.27,0.1187214611872146,0.15384615384615385,0.013333333333333334,0.04472049689440994,0.02040816326530612,0.020833333333333332,0.0075,0.0026702269692923898,0.4263698630136986,0.3647260273972603,2.5,15.900000000000006,3.9750000000000014,0.22666666666666666,5.648401826484018,1.1963470319634704,0.11333333333333333,29.12093023255814,20.34567901234568,6.0,0.12,0.02,0.013333333333333334,0.023333333333333334,0.03333333333333333,4.305424,5.0758416,1.1680087401826598,5.47343274018266,6.275407711289439,17.658686190401838,6.718414451912321,23.0778593337478,17.87882048956097,19.620153377644563,0.1693443,22.7176722,0.7362137,0.39,1.0,1.9,1.44,0.2511747,0.8959763,0.8510152,0.009644212000000001,0.006482665048372355,0.005442035999999999,0.010128668,0.002383165017181079,0.427226,0.007431,0.5314839,0.3097001,0.002033,5.2955222,0.0147412
54,2.491075700507598,1.7779104776324606,0.30489870285654114,-0.2811041176916138,0.0,0.6893706377102102,0.49013670260439773,0.0766113243010416,1.2111624507270213,0.22356561546286882,1.8615574765218725,0.860859742109742,1.1898116374366374,1.2287661926709916,0.19718129392518569,0.27,0.1187214611872146,0.15384615384615385,0.013333333333333334,0.04472049689440994,0.02040816326530612,0.020833333333333332,0.0075,0.0026702269692923898,0.4263698630136986,0.3647260273972603,2.5,15.900000000000006,3.9750000000000014,0.22666666666666666,5.648401826484018,1.1963470319634704,0.11333333333333333,29.12093023255814,20.34567901234568,6.0,0.12,0.02,0.013333333333333334,0.023333333333333334,0.03333333333333333,4.305424,5.0758416,1.1680087401826598,5.47343274018266,6.275407711289439,17.658686190401838,6.718414451912321,23.0778593337478,17.87882048956097,19.620153377644563,0.1693443,22.7176722,0.7362137,0.39,1.0,1.9,1.44,0.2511747,0.8959763,0.8510152,0.009644212000000001,0.006482665048372355,0.005442035999999999,0.010128668,0.002383165017181079,0.427226,0.007431,0.5314839,0.3097001,0.002033,5.2955222,0.0147412
55,2.491075700507598,1.7779104776324606,0.30489870285654114,-0.2811041176916138,0.0,0.6893706377102102,0.49013670260439773,0.0766113243010416,1.2111624507270213,0.22356561546286882,1.8615574765218725,0.860859742109742,1.1898116374366374,1.2287661926709916,0.19718129392518569,0.27,0.1187214611872146,0.15384615384615385,0.013333333333333334,0.04472049689440994,0.02040816326530612,0.020833333333333332,0.0075,0.0026702269692923898,0.4263698630136986,0.3647260273972603,2.5,15.900000000000006,3.9750000000000014,0.22666666666666666,5.648401826484018,1.1963470319634704,0.11333333333333333,29.12093023255814,20.34567901234568,6.0,0.12,0.02,0.013333333333333334,0.023333333333333334,0.03333333333333333,4.305424,5.0758416,1.1680087401826598,5.47343274018266,6.275407711289439,17.658686190401838,6.718414451912321,23.0778593337478,17.87882048956097,19.620153377644563,0.1693443,22.7176722,0.7362137,0.39,1.0,1.9,1.44,0.2511747,0.8959763,0.8510152,0.009644212000000001,0.006482665048372355,0.005442035999999999,0.010128668,0.002383165017181079,0.427226,0.007431,0.5314839,0.3097001,0.002033,5.2955222,0.0147412
56,2.491075700507598,1.7779104776324606,0.30489870285654114,-0.2811041176916138,0.0,0.6893706377102102,0.49013670260439773,0.0766113243010416,1.2111624507270213,0.22356561546286882,1.8615574765218725,0.860859742109742,1.1898116374366374,1.2287661926709916,0.19718129392518569,0.27,0.1187214611872146,0.15384615384615385,0.013333333333333334,0.04472049689440994,0.02040816326530612,0.020833333333333332,0.0075,0.0026702269692923898,0.4263698630136986,0.3647260273972603,2.5,15.900000000000006,3.9750000000000014,0.22666666666666666,5.648401826484018,1.1963470319634704,0.11333333333333333,29.12093023255814,20.34567901234568,6.0,0.12,0.02,0.013333333333333334,0.023333333333333334,0.03333333333333333,4.305424,5.0758416,1.1680087401826598,5.47343274018266,6.275407711289439,17.658686190401838,6.718414451912321,23.0778593337478,17.87882048956097,19.620153377644563,0.1693443,22.7176722,0.7362137,0.39,1.0,1.9,1.44,0.2511747,0.8959763,0.8510152,0.009644212000000001,0.006482665048372355,0.005442035999999999,0.010128668,0.002383165017181079,0.427226,0.007431,0.5314839,0.3097001,0.002033,5.2955222,0.0147412
57,2.491075700507598,1.7779104776324606,0.30489870285654114,-0.2811041176916138,0.0,0.6893706377102102,0.49013670260439773,0.0766113243010416,1.2111624507270213,0.22356561546286882,1.8615574765218725,0.860859742109742,1.1898116374366374,1.2287661926709916,0.19718129392518569,0.27,0.1187214611872146,0.15384615384615385,0.013333333333333334,0.04472049689440994,0.02040816326530612,0.020833333333333332,0.0075,0.0026702269692923898,0.4263698630136986,0.3647260273972603,2.5,15.900000000000006,3.9750000000000014,0.22666666666666666,5.648401826484018,1.1963470319634704,0.11333333333333333,29.12093023255814,20.34567901234568,6.0,0.12,0.02,0.013333333333333334,0.023333333333333334,0.03333333333333333,4.305424,5.0758416,1.1680087401826598,5.47343274018266,6.275407711289439,17.658686190401838,6.718414451912321,23.0778593337478,17.87882048956097,19.620153377644563,0.1693443,22.7176722,0.7362137,0.39,1.0,1.9,1.44,0.2511747,0.8959763,0.8510152,0.009644212000000001,0.006482665048372355,0.005442035999999999,0.010128668,0.002383165017181079,0.427226,0.007431,0.5314839,0.3097001,0.002033,5.2955222,0.0147412
58,2.491075700507598,1.7779104776324606,0.30489870285654114,-0.2811041176916138,0.0,0.6893706377102102,0.49013670260439773,0.0766113243010416,1.2111624507270213,0.22356561546286882,1.8615574765218725,0.860859742109742,1.1898116374366374,1.2287661926709916,0.19718129392518569,0.27,0.1187214611872146,0.15384615384615385,0.013333333333333334,0.04472049689440994,0.02040816326530612,0.020833333333333332,0.0075,0.0026702269692923898,0.4263698630136986,0.3647260273972603,2.5,15.900000000000006,3.9750000000000014,0.22666666666666666,5.648401826484018,1.1963470319634704,0.11333333333333333,29.12093023255814,20.34567901234568,6.0,0.12,0.02,0.013333333333333334,0.023333333333333334,0.03333333333333333,4.305424,5.0758416,1.1680087401826598,5.47343274018266,6.275407711289439,17.658686190401838,6.718414451912321,23.0778593337478,17.87882048956097,19.620153377644563,0.1693443,22.7176722,0.7362137,0.39,1.0,1.9,1.44,0.2511747,0.8959763,0.8510152,0.009644212000000001,0.006482665048372355,0.005442035999999999,0.010128668,0.002383165017181079,0.427226,0.007431,0.5314839,0.3097001,0.002033,5.2955222,0.0147412
59,2.491075700507598,1.7779104776324606,0.30489870285654114,-0.2811041176916138,0.0,0.6893706377102102,0.49013670260439773,0.0766113243010416,1.2111624507270213,0.22356561546286882,1.8615574765218725,0.860859742109742,1.1898116374366374,1.2287661926709916,0.19718129392518569,0.27,0.1187214611872146,0.15384615384615385,0.013333333333333334,0.04472049689440994,0.02040816326530612,0.020833333333333332,0.0075,0.0026702269692923898,0.4263698630136986,0.3647260273972603,2.5,15.900000000000006,3.9750000000000014,0.22666666666666666,5.648401826484018,1.1963470319634704,0.11333333333333333,29.12093023255814,20.34567901234568,6.0,0.12,0.02,0.013333333333333334,0.023333333333333334,0.03333333333333333,4.305424,5.0758416,1.1680087401826598,5.47343274018266,6.275407711289439,17.658686190401838,6.718414451912321,23.0778593337478,17.87882048956097,19.620153377644563,0.1693443,22.7176722,0.7362137,0.39,1.0,1.9,1.44,0.2511747,0.8959763,0.8510152,0.009644212000000001,0.006482665048372355,0.005442035999999999,0.010128668,0.002383165017181079,0.427226,0.007431,0.5314839,0.3097001,0.002033,5.2955222,0.0147412
60,2.491075700507598,1.7779104776324606,0.30489870285654114,-0.2811041176916138,0.0,0.6893706377102102,0.49013670260439773,0.0766113243010416,1.2111624507270213,0.22356561546286882,1.8615574765218725,0.860859742109742,1.1898116374366374,1.2287661926709916,0.19718129392518569,0.27,0.1187214611872146,0.15384615384615385,0.013333333333333334,0.04472049689440994,0.02040816326530612,0.020833333333333332,0.0075,0.0026702269692923898,0.4263698630136986,0.3647260273972603,2.5,15.900000000000006,3.9750000000000014,0.22666666666666666,5.648401826484018,1.1963470319634704,0.11333333333333333,29.12093023255814,20.34567901234568,6.0,0.12,0.02,0.013333333333333334,0.023333333333333334,0.03333333333333333,4.305424,5.0758416,1.1680087401826598,5.47343274018266,6.275407711289439,17.658686190401838,6.718414451912321,23.0778593337478,17.87882048956097,19.620153377644563,0.1693443,22.7176722,0.7362137,0.39,1.0,1.9,1.44,0.2511747,0.8959763,0.8510152,0.009644212000000001,0.006482665048372355,0.005442035999999999,0.010128668,0.002383165017181079,0.427226,0.007431,0.5314839,0.3097001,0.002033,5.2955222,0.0147412
61,2.491075700507598,1.7779104776324606,0.30489870285654114,-0.2811041176916138,0.0,0.6893706377102102,0.49013670260439773,0.0766113243010416,1.2111624507270213,0.22356561546286882,1.8615574765218725,0.860859742109742,1.1898116374366374,1.2287661926709916,0.19718129392518569,0.27,0.1187214611872146,0.15384615384615385,0.013333333333333334,0.04472049689440994,0.02040816326530612,0.020833333333333332,0.0075,0.0026702269692923898,0.4263698630136986,0.3647260273972603,2.5,15.900000000000006,3.9750000000000014,0.22666666666666666,5.648401826484018,1.1963470319634704,0.11333333333333333,29.12093023255814,20.34567901234568,6.0,0.12,0.02,0.013333333333333334,0.023333333333333334,0.03333333333333333,4.305424,5.0758416,1.1680087401826598,5.47343274018266,6.275407711289439,17.658686190401838,6.718414451912321,23.0778593337478,17.87882048956097,19.620153377644563,0.1693443,22.7176722,0.7362137,0.39,1.0,1.9,1.44,0.2511747,0.8959763,0.8510152,0.009644212000000001,0.006482665048372355,0.005442035999999999,0.010128668,0.002383165017181079,0.427226,0.007431,0.5314839,0.3097001,0.002033,5.2955222,0.0147412
62,2.491075700507598,1.7779104776324606,0.30489870285654114,-0.2811041176916138,0.0,0.6893706377102102,0.49013670260439773,0.0766113243010416,1.2111624507270213,0.22356561546286882,1.8615574765218725,0.860859742109742,1.1898116374366374,1.2287661926709916,0.19718129392518569,0.27,0.1187214611872146,0.15384615384615385,0.013333333333333334,0.04472049689440994,0.02040816326530612,0.020833333333333332,0.0075,0.0026702269692923898,0.4263698630136986,0.3647260273972603,2.5,15.900000000000006,3.9750000000000014,0.22666666666666666,5.648401826484018,1.1963470319634704,0.11333333333333333,29.12093023255814,20.34567901234568,6.0,0.12,0.02,0.013333333333333334,0.023333333333333334,0.03333333333333333,4.305424,5.0758416,1.1680087401826598,5.47343274018266,6.275407711289439,17.658686190401838,6.718414451912321,23.0778593337478,17.87882048956097,19.620153377644563,0.1693443,22.7176722,0.7362137,0.39,1.0,1.9,1.44,0.2511747,0.8959763,0.8510152,0.009644212000000001,0.006482665048372355,0.005442035999999999,0.010128668,0.002383165017181079,0.427226,0.007431,0.5314839,0.3097001,0.002033,5.2955222,0.0147412
63,2.491075700507598,1.7779104776324606,0.30489870285654114,-0.2811041176916138,0.0,0.6893706377102102,0.49013670260439773,0.0766113243010416,1.2111624507270213,0.22356561546286882,1.8615574765218725,0.860859742109742,1.1898116374366374,1.2287661926709916,0.19718129392518569,0.27,0.1187214611872146,0.15384615384615385,0.013333333333333334,0.04472049689440994,0.02040816326530612,0.020833333333333332,0.0075,0.0026702269692923898,0.4263698630136986,0.3647260273972603,2.5,15.900000000000006,3.9750000000000014,0.22666666666666666,5.648401826484018,1.1963470319634704,0.11333333333333333,29.12093023255814,20.34567901234568,6.0,0.12,0.02,0.013333333333333334,0.023333333333333334,0.03333333333333333,4.305424,5.0758416,1.1680087401826598,5.47343274018266,6.275407711289439,17.658686190401838,6.718414451912321,23.0778593337478,17.87882048956097,19.620153377644563,0.1693443,22.7176722,0.7362137,0.39,1.0,1.9,1.44,0.2511747,0.8959763,0.8510152,0.009644212000000001,0.006482665048372355,0.005442035999999999,0.010128668,0.002383165017181079,0.427226,0.007431,0.5314839,0.3097001,0.002033,5.2955222,0.0147412
64,2.491075700507598,1.7779104776324606,0.30489870285654114,-0.2811041176916138,0.0,0.6893706377102102,0.49013670260439773,0.0766113243010416,1.2111624507270213,0.22356561546286882,1.8615574765218725,0.860859742109742,1.1898116374366374,1.2287661926709916,0.19718129392518569,0.27,0.1187214611872146,0.15384615384615385,0.013333333333333334,0.04472049689440994,0.02040816326530612,0.020833333333333332,0.0075,0.0026702269692923898,0.4263698630136986,0.3647260273972603,2.5,15.900000000000006,3.9750000000000014,0.22666666666666666,5.648401826484018,1.1963470319634704,0.11333333333333333,29.12093023255814,20.34567901234568,6.0,0.12,0.02,0.013333333333333334,0.023333333333333334,0.03333333333333333,4.305424,5.0758416,1.1680087401826598,5.47343274018266,6.275407711289439,17.658686190401838,6.718414451912321,23.0778593337478,17.87882048956097,19.620153377644563,0.1693443,22.7176722,0.7362137,0.39,1.0,1.9,1.44,0.2511747,0.8959763,0.8510152,0.009644212000000001,0.006482665048372355,0.005442035999999999,0.010128668,0.002383165017181079,0.427226,0.007431,0.5314839,0.3097001,0.002033,5.2955222,0.0147412
65,2.4808176167311053,2.0983218906901264,0.36628681601243224,-0.25510296747617334,0.004011685370564221,0.26730019213415585,0.5028062756154228,0.10267488100521228,1.4928407340694916,0.2445652020094812,1.6185542954780572,0.8480366392866393,1.129310356038297,1.144989761141851,0.17501795960007438,0.27666666666666667,0.1152073732718894,0.16,0.013333333333333334,0.04315659679408138,0.028901734104046242,0.026490066225165563,0.009819967266775777,0.0027218290691344584,0.4369369369369369,0.4166666666666667,3.0,20.0,5.0,0.24,6.152073732718894,1.2258064516129032,0.10666666666666667,32.23943661971831,20.843373493975903,6.0,0.11666666666666667,0.02,0.016666666666666666,0.03333333333333333,0.04,4.74242609186836,4.785666117781573,1.2092460724042835,5.951672164272644,6.084633910806064,17.460883751854468,7.166397877319395,25.41653463423665,21.635384905069728,19.834010942145504,0.2139831753339616,32.8340587960335,0.6031030035411657,0.39,1.0,1.9,1.44,0.2595238411443821,0.8978887032638404,0.8542169399718411,0.010671792479275253,0.007037579849292703,0.005357480890854116,0.009844857899327514,0.002395946503818417,0.3870713508977864,0.007513812003670395,0.4857917360635106,0.27453267202937737,0.0016085604982405486,6.38954068503372,0.01
66,2.4808176167311053,2.0983218906901264,0.36628681601243224,-0.25510296747617334,0.004011685370564221,0.26730019213415585,0.5028062756154228,0.10267488100521228,1.4928407340694916,0.2445652020094812,1.6185542954780572,0.8480366392866393,1.129310356038297,1.144989761141851,0.17501795960007438,0.27666666666666667,0.1152073732718894,0.16,0.013333333333333334,0.04315659679408138,0.028901734104046242,0.026490066225165563,0.009819967266775777,0.0027218290691344584,0.4369369369369369,0.4166666666666667,3.0,20.0,5.0,0.24,6.152073732718894,1.2258064516129032,0.10666666666666667,32.23943661971831,20.843373493975903,6.0,0.11666666666666667,0.02,0.016666666666666666,0.03333333333333333,0.04,4.74242609186836,4.785666117781573,1.2092460724042835,5.951672164272644,6.084633910806064,17.460883751854468,7.166397877319395,25.41653463423665,21.635384905069728,19.834010942145504,0.2139831753339616,32.8340587960335,0.6031030035411657,0.39,1.0,1.9,1.44,0.2595238411443821,0.8978887032638404,0.8542169399718411,0.010671792479275253,0.007037579849292703,0.005357480890854116,0.009844857899327514,0.002395946503818417,0.3870713508977864,0.007513812003670395,0.4857917360635106,0.27453267202937737,0.0016085604982405486,6.38954068503372,0.01
67,2.4808176167311053,2.0983218906901264,0.36628681601243224,-0.25510296747617334,0.004011685370564221,0.26730019213415585,0.5028062756154228,0.10267488100521228,1.4928407340694916,0.2445652020094812,1.6185542954780572,0.8480366392866393,1.129310356038297,1.144989761141851,0.17501795960007438,0.27666666666666667,0.1152073732718894,0.16,0.013333333333333334,0.04315659679408138,0.028901734104046242,0.026490066225165563,0.009819967266775777,0.0027218290691344584,0.4369369369369369,0.4166666666666667,3.0,20.0,5.0,0.24,6.152073732718894,1.2258064516129032,0.10666666666666667,32.23943661971831,20.843373493975903,6.0,0.11666666666666667,0.02,0.016666666666666666,0.03333333333333333,0.04,4.74242609186836,4.785666117781573,1.2092460724042835,5.951672164272644,6.084633910806064,17.460883751854468,7.166397877319395,25.41653463423665,21.635384905069728,19.834010942145504,0.2139831753339616,32.8340587960335,0.6031030035411657,0.39,1.0,1.9,1.44,0.2595238411443821,0.8978887032638404,0.8542169399718411,0.010671792479275253,0.007037579849292703,0.005357480890854116,0.009844857899327514,0.002395946503818417,0.3870713508977864,0.007513812003670395,0.4857917360635106,0.27453267202937737,0.0016085604982405486,6.38954068503372,0.01
68,2.4808176167311053,2.0983218906901264,0.36628681601243224,-0.25510296747617334,0.004011685370564221,0.26730019213415585,0.5028062756154228,0.10267488100521228,1.4928407340694916,0.2445652020094812,1.6185542954780572,0.8480366392866393,1.129310356038297,1.144989761141851,0.17501795960007438,0.27666666666666667,0.1152073732718894,0.16,0.013333333333333334,0.04315659679408138,0.028901734104046242,0.026490066225165563,0.009819967266775777,0.0027218290691344584,0.4369369369369369,0.4166666666666667,3.0,20.0,5.0,0.24,6.152073732718894,1.2258064516129032,0.10666666666666667,32.23943661971831,20.843373493975903,6.0,0.11666666666666667,0.02,0.016666666666666666,0.03333333333333333,0.04,4.74242609186836,4.785666117781573,1.2092460724042835,5.951672164272644,6.084633910806064,17.460883751854468,7.166397877319395,25.41653463423665,21.635384905069728,19.834010942145504,0.2139831753339616,32.8340587960335,0.6031030035411657,0.39,1.0,1.9,1.44,0.2595238411443821,0.8978887032638404,0.8542169399718411,0.010671792479275253,0.007037579849292703,0.005357480890854116,0.009844857899327514,0.002395946503818417,0.3870713508977864,0.007513812003670395,0.4857917360635106,0.27453267202937737,0.0016085604982405486,6.38954068503372,0.01
69,2.4808176167311053,2.0983218906901264,0.36628681601243224,-0.25510296747617334,0.004011685370564221,0.26730019213415585,0.5028062756154228,0.10267488100521228,1.4928407340694916,0.2445652020094812,1.6185542954780572,0.8480366392866393,1.129310356038297,1.144989761141851,0.17501795960007438,0.27666666666666667,0.1152073732718894,0.16,0.013333333333333334,0.04315659679408138,0.028901734104046242,0.026490066225165563,0.009819967266775777,0.0027218290691344584,0.4369369369369369,0.4166666666666667,3.0,20.0,5.0,0.24,6.152073732718894,1.2258064516129032,0.10666666666666667,32.23943661971831,20.843373493975903,6.0,0.11666666666666667,0.02,0.016666666666666666,0.03333333333333333,0.04,4.74242609186836,4.785666117781573,1.2092460724042835,5.951672164272644,6.084633910806064,17.460883751854468,7.166397877319395,25.41653463423665,21.635384905069728,19.834010942145504,0.2139831753339616,32.8340587960335,0.6031030035411657,0.39,1.0,1.9,1.44,0.2595238411443821,0.8978887032638404,0.8542169399718411,0.010671792479275253,0.007037579849292703,0.005357480890854116,0.009844857899327514,0.002395946503818417,0.3870713508977864,0.007513812003670395,0.4857917360635106,0.27453267202937737,0.0016085604982405486,6.38954068503372,0.01
70,2.4808176167311053,2.0983218906901264,0.36628681601243224,-0.25510296747617334,0.004011685370564221,0.26730019213415585,0.5028062756154228,0.10267488100521228,1.4928407340694916,0.2445652020094812,1.6185542954780572,0.8480366392866393,1.129310356038297,1.144989761141851,0.17501795960007438,0.27666666666666667,0.1152073732718894,0.16,0.013333333333333334,0.04315659679408138,0.028901734104046242,0.026490066225165563,0.009819967266775777,0.0027218290691344584,0.4369369369369369,0.4166666666666667,3.0,20.0,5.0,0.24,6.152073732718894,1.2258064516129032,0.10666666666666667,32.23943661971831,20.843373493975903,6.0,0.11666666666666667,0.02,0.016666666666666666,0.03333333333333333,0.04,4.74242609186836,4.785666117781573,1.2092460724042835,5.951672164272644,6.084633910806064,17.460883751854468,7.166397877319395,25.41653463423665,21.635384905069728,19.834010942145504,0.2139831753339616,32.8340587960335,0.6031030035411657,0.39,1.0,1.9,1.44,0.2595238411443821,0.8978887032638404,0.8542169399718411,0.010671792479275253,0.007037579849292703,0.005357480890854116,0.009844857899327514,0.002395946503818417,0.3870713508977864,0.007513812003670395,0.4857917360635106,0.27453267202937737,0.0016085604982405486,6.38954068503372,0.01
71,2.4808176167311053,2.0983218906901264,0.36628681601243224,-0.25510296747617334,0.004011685370564221,0.26730019213415585,0.5028062756154228,0.10267488100521228,1.4928407340694916,0.2445652020094812,1.6185542954780572,0.8480366392866393,1.129310356038297,1.144989761141851,0.17501795960007438,0.27666666666666667,0.1152073732718894,0.16,0.013333333333333334,0.04315659679408138,0.028901734104046242,0.026490066225165563,0.009819967266775777,0.0027218290691344584,0.4369369369369369,0.4166666666666667,3.0,20.0,5.0,0.24,6.152073732718894,1.2258064516129032,0.10666666666666667,32.23943661971831,20.843373493975903,6.0,0.11666666666666667,0.02,0.016666666666666666,0.03333333333333333,0.04,4.74242609186836,4.785666117781573,1.2092460724042835,5.951672164272644,6.084633910806064,17.460883751854468,7.166397877319395,25.41653463423665,21.635384905069728,19.834010942145504,0.2139831753339616,32.8340587960335,0.6031030035411657,0.39,1.0,1.9,1.44,0.2595238411443821,0.8978887032638404,0.8542169399718411,0.010671792479275253,0.007037579849292703,0.005357480890854116,0.009844857899327514,0.002395946503818417,0.3870713508977864,0.007513812003670395,0.4857917360635106,0.27453267202937737,0.0016085604982405486,6.38954068503372,0.01
72,2.4808176167311053,2.0983218906901264,0.36628681601243224,-0.25510296747617334,0.004011685370564221,0.26730019213415585,0.5028062756154228,0.10267488100521228,1.4928407340694916,0.2445652020094812,1.6185542954780572,0.8480366392866393,1.129310356038297,1.144989761141851,0.17501795960007438,0.27666666666666667,0.1152073732718894,0.16,0.013333333333333334,0.04315659679408138,0.028901734104046242,0.026490066225165563,0.009819967266775777,0.0027218290691344584,0.4369369369369369,0.4166666666666667,3.0,20.0,5.0,0.24,6.152073732718894,1.2258064516129032,0.10666666666666667,32.23943661971831,20.843373493975903,6.0,0.11666666666666667,0.02,0.016666666666666666,0.03333333333333333,0.04,4.74242609186836,4.785666117781573,1.2092460724042835,5.951672164272644,6.084633910806064,17.460883751854468,7.166397877319395,25.41653463423665,21.635384905069728,19.834010942145504,0.2139831753339616,32.8340587960335,0.6031030035411657,0.39,1.0,1.9,1.44,0.2595238411443821,0.8978887032638404,0.8542169399718411,0.010671792479275253,0.007037579849292703,0.005357480890854116,0.009844857899327514,0.002395946503818417,0.3870713508977864,0.007513812003670395,0.4857917360635106,0.27453267202937737,0.0016085604982405486,6.38954068503372,0.01
73,2.4808176167311053,2.0983218906901264,0.36628681601243224,-0.25510296747617334,0.004011685370564221,0.26730019213415585,0.5028062756154228,0.10267488100521228,1.4928407340694916,0.2445652020094812,1.6185542954780572,0.8480366392866393,1.129310356038297,1.144989761141851,0.17501795960007438,0.27666666666666667,0.1152073732718894,0.16,0.013333333333333334,0.04315659679408138,0.028901734104046242,0.026490066225165563,0.009819967266775777,0.0027218290691344584,0.4369369369369369,0.4166666666666667,3.0,20.0,5.0,0.24,6.152073732718894,1.2258064516129032,0.10666666666666667,32.23943661971831,20.843373493975903,6.0,0.11666666666666667,0.02,0.016666666666666666,0.03333333333333333,0.04,4.74242609186836,4.785666117781573,1.2092460724042835,5.951672164272644,6.084633910806064,17.460883751854468,7.166397877319395,25.41653463423665,21.635384905069728,19.834010942145504,0.2139831753339616,32.8340587960335,0.6031030035411657,0.39,1.0,1.9,1.44,0.2595238411443821,0.8978887032638404,0.8542169399718411,0.010671792479275253,0.007037579849292703,0.005357480890854116,0.009844857899327514,0.002395946503818417,0.3870713508977864,0.007513812003670395,0.4857917360635106,0.27453267202937737,0.0016085604982405486,6.38954068503372,0.01
74,2.4808176167311053,2.0983218906901264,0.36628681601243224,-0.25510296747617334,0.004011685370564221,0.26730019213415585,0.5028062756154228,0.10267488100521228,1.4928407340694916,0.2445652020094812,1.6185542954780572,0.8480366392866393,1.129310356038297,1.144989761141851,0.17501795960007438,0.27666666666666667,0.1152073732718894,0.16,0.013333333333333334,0.04315659679408138,0.028901734104046242,0.026490066225165563,0.009819967266775777,0.0027218290691344584,0.4369369369369369,0.4166666666666667,3.0,20.0,5.0,0.24,6.152073732718894,1.2258064516129032,0.10666666666666667,32.23943661971831,20.843373493975903,6.0,0.11666666666666667,0.02,0.016666666666666666,0.03333333333333333,0.04,4.74242609186836,4.785666117781573,1.2092460724042835,5.951672164272644,6.084633910806064,17.460883751854468,7.166397877319395,25.41653463423665,21.635384905069728,19.834010942145504,0.2139831753339616,32.8340587960335,0.6031030035411657,0.39,1.0,1.9,1.44,0.2595238411443821,0.8978887032638404,0.8542169399718411,0.010671792479275253,0.007037579849292703,0.005357480890854116,0.009844857899327514,0.002395946503818417,0.3870713508977864,0.007513812003670395,0.4857917360635106,0.27453267202937737,0.0016085604982405486,6.38954068503372,0.01
75,2.4808176167311053,2.0983218906901264,0.36628681601243224,-0.25510296747617334,0.004011685370564221,0.26730019213415585,0.5028062756154228,0.10267488100521228,1.4928407340694916,0.2445652020094812,1.6185542954780572,0.8480366392866393,1.129310356038297,1.144989761141851,0.17501795960007438,0.27666666666666667,0.1152073732718894,0.16,0.013333333333333334,0.04315659679408138,0.028901734104046242,0.026490066225165563,0.009819967266775777,0.0027218290691344584,0.4369369369369369,0.4166666666666667,3.0,20.0,5.0,0.24,6.152073732718894,1.2258064516129032,0.10666666666666667,32.23943661971831,20.843373493975903,6.0,0.11666666666666667,0.02,0.016666666666666666,0.03333333333333333,0.04,4.74242609186836,4.785666117781573,1.2092460724042835,5.951672164272644,6.084633910806064,17.460883751854468,7.166397877319395,25.41653463423665,21.635384905069728,19.834010942145504,0.2139831753339616,32.8340587960335,0.6031030035411657,0.39,1.0,1.9,1.44,0.2595238411443821,0.8978887032638404,0.8542169399718411,0.010671792479275253,0.007037579849292703,0.005357480890854116,0.009844857899327514,0.002395946503818417,0.3870713508977864,0.007513812003670395,0.4857917360635106,0.27453267202937737,0.0016085604982405486,6.38954068503372,0.01
76,2.4808176167311053,2.0983218906901264,0.36628681601243224,-0.25510296747617334,0.004011685370564221,0.26730019213415585,0.5028062756154228,0.10267488100521228,1.4928407340694916,0.2445652020094812,1.6185542954780572,0.8480366392866393,1.129310356038297,1.144989761141851,0.17501795960007438,0.27666666666666667,0.1152073732718894,0.16,0.013333333333333334,0.04315659679408138,0.028901734104046242,0.026490066225165563,0.009819967266775777,0.0027218290691344584,0.4369369369369369,0.4166666666666667,3.0,20.0,5.0,0.24,6.152073732718894,1.2258064516129032,0.10666666666666667,32.23943661971831,20.843373493975903,6.0,0.11666666666666667,0.02,0.016666666666666666,0.03333333333333333,0.04,4.74242609186836,4.785666117781573,1.2092460724042835,5.951672164272644,6.084633910806064,17.460883751854468,7.166397877319395,25.41653463423665,21.635384905069728,19.834010942145504,0.2139831753339616,32.8340587960335,0.6031030035411657,0.39,1.0,1.9,1.44,0.2595238411443821,0.8978887032638404,0.8542169399718411,0.010671792479275253,0.007037579849292703,0.005357480890854116,0.009844857899327514,0.002395946503818417,0.3870713508977864,0.007513812003670395,0.4857917360635106,0.27453267202937737,0.0016085604982405486,6.38954068503372,0.01
77,2.4285459392048,1.7838123580546634,0.35297382668137117,-0.2621423956668104,0.0,0.5539021501355756,0.5003023816360804,0.036150921067515954,1.2473590553510672,0.3499004145830663,1.7597972774416273,0.9974862267362267,1.1196935286935286,1.1971469016306477,0.25295524508483536,0.2733333333333333,0.11926605504587157,0.15384615384615385,0.013333333333333334,0.055900621118012424,0.02386634844868735,0.016587677725118485,0.008592910848549946,0.0024554941682013503,0.37683284457478006,0.40615835777126097,3.0,16.0,4.0,0.23333333333333334,5.770642201834862,1.1743119266055047,0.11,27.925233644859812,22.109756097560975,7.0,0.15,0.02666666666666667,0.013333333333333334,0.03333333333333333,0.023333333333333334,4.423031895388581,5.1429347210215735,1.141247020246309,5.56427891563489,6.928159576148783,19.46306148719847,7.050804550536503,21.770999128754934,17.11582516533444,19.725109835093747,0.1779875894045463,25.13146956879921,0.6991267908067903,0.39,1.0,1.9,1.44,0.2527927861936386,0.8954001974910009,0.8549218088192805,0.009969900889048798,0.006637199685602252,0.005357031924976196,0.00971872349947291,0.0024096202875415564,0.37168132622747463,0.007310270711328308,0.4908018215826894,0.3275660731889491,0.0022990230911481835,5.5752672435226565,0.01
78,2.4285459392048,1.7838123580546634,0.35297382668137117,-0.2621423956668104,0.0,0.5539021501355756,0.5003023816360804,0.036150921067515954,1.2473590553510672,0.3499004145830663,1.7597972774416273,0.9974862267362267,1.1196935286935286,1.1971469016306477,0.25295524508483536,0.2733333333333333,0.11926605504587157,0.15384615384615385,0.013333333333333334,0.055900621118012424,0.02386634844868735,0.016587677725118485,0.008592910848549946,0.0024554941682013503,0.37683284457478006,0.40615835777126097,3.0,16.0,4.0,0.23333333333333334,5.770642201834862,1.1743119266055047,0.11,27.925233644859812,22.109756097560975,7.0,0.15,0.02666666666666667,0.013333333333333334,0.03333333333333333,0.023333333333333334,4.423031895388581,5.1429347210215735,1.141247020246309,5.56427891563489,6.928159576148783,19.46306148719847,7.050804550536503,21.770999128754934,17.11582516533444,19.725109835093747,0.1779875894045463,25.13146956879921,0.6991267908067903,0.39,1.0,1.9,1.44,0.2527927861936386,0.8954001974910009,0.8549218088192805,0.009969900889048798,0.006637199685602252,0.005357031924976196,0.00971872349947291,0.0024096202875415564,0.37168132622747463,0.007310270711328308,0.4908018215826894,0.3275660731889491,0.0022990230911481835,5.5752672435226565,0.01
79,2.4285459392048,1.7838123580546634,0.35297382668137117,-0.2621423956668104,0.0,0.5539021501355756,0.5003023816360804,0.036150921067515954,1.2473590553510672,0.3499004145830663,1.7597972774416273,0.9974862267362267,1.1196935286935286,1.1971469016306477,0.25295524508483536,0.2733333333333333,0.11926605504587157,0.15384615384615385,0.013333333333333334,0.055900621118012424,0.02386634844868735,0.016587677725118485,0.008592910848549946,0.0024554941682013503,0.37683284457478006,0.40615835777126097,3.0,16.0,4.0,0.23333333333333334,5.770642201834862,1.1743119266055047,0.11,27.925233644859812,22.109756097560975,7.0,0.15,0.02666666666666667,0.013333333333333334,0.03333333333333333,0.023333333333333334,4.423031895388581,5.1429347210215735,1.141247020246309,5.56427891563489,6.928159576148783,19.46306148719847,7.050804550536503,21.770999128754934,17.11582516533444,19.725109835093747,0.1779875894045463,25.13146956879921,0.6991267908067903,0.39,1.0,1.9,1.44,0.2527927861936386,0.8954001974910009,0.8549218088192805,0.009969900889048798,0.006637199685602252,0.005357031924976196,0.00971872349947291,0.0024096202875415564,0.37168132622747463,0.007310270711328308,0.4908018215826894,0.3275660731889491,0.0022990230911481835,5.5752672435226565,0.01
80,2.4285459392048,1.7838123580546634,0.35297382668137117,-0.2621423956668104,0.0,0.5539021501355756,0.5003023816360804,0.036150921067515954,1.2473590553510672,0.3499004145830663,1.7597972774416273,0.9974862267362267,1.1196935286935286,1.1971469016306477,0.25295524508483536,0.2733333333333333,0.11926605504587157,0.15384615384615385,0.013333333333333334,0.055900621118012424,0.02386634844868735,0.016587677725118485,0.008592910848549946,0.0024554941682013503,0.37683284457478006,0.40615835777126097,3.0,16.0,4.0,0.23333333333333334,5.770642201834862,1.1743119266055047,0.11,27.925233644859812,22.109756097560975,7.0,0.15,0.02666666666666667,0.013333333333333334,0.03333333333333333,0.023333333333333334,4.423031895388581,5.1429347210215735,1.141247020246309,5.56427891563489,6.928159576148783,19.46306148719847,7.050804550536503,21.770999128754934,17.11582516533444,19.725109835093747,0.1779875894045463,25.13146956879921,0.6991267908067903,0.39,1.0,1.9,1.44,0.2527927861936386,0.8954001974910009,0.8549218088192805,0.009969900889048798,0.006637199685602252,0.005357031924976196,0.00971872349947291,0.0024096202875415564,0.37168132622747463,0.007310270711328308,0.4908018215826894,0.3275660731889491,0.0022990230911481835,5.5752672435226565,0.01
81,2.4285459392048,1.7838123580546634,0.35297382668137117,-0.2621423956668104,0.0,0.5539021501355756,0.5003023816360804,0.036150921067515954,1.2473590553510672,0.3499004145830663,1.7597972774416273,0.9974862267362267,1.1196935286935286,1.1971469016306477,0.25295524508483536,0.2733333333333333,0.11926605504587157,0.15384615384615385,0.013333333333333334,0.055900621118012424,0.02386634844868735,0.016587677725118485,0.008592910848549946,0.0024554941682013503,0.37683284457478006,0.40615835777126097,3.0,16.0,4.0,0.23333333333333334,5.770642201834862,1.1743119266055047,0.11,27.925233644859812,22.109756097560975,7.0,0.15,0.02666666666666667,0.013333333333333334,0.03333333333333333,0.023333333333333334,4.423031895388581,5.1429347210215735,1.141247020246309,5.56427891563489,6.928159576148783,19.46306148719847,7.050804550536503,21.770999128754934,17.11582516533444,19.725109835093747,0.1779875894045463,25.13146956879921,0.6991267908067903,0.39,1.0,1.9,1.44,0.2527927861936386,0.8954001974910009,0.8549218088192805,0.009969900889048798,0.006637199685602252,0.005357031924976196,0.00971872349947291,0.0024096202875415564,0.37168132622747463,0.007310270711328308,0.4908018215826894,0.3275660731889491,0.0022990230911481835,5.5752672435226565,0.01
82,2.4285459392048,1.7838123580546634,0.35297382668137117,-0.2621423956668104,0.0,0.5539021501355756,0.5003023816360804,0.036150921067515954,1.2473590553510672,0.3499004145830663,1.7597972774416273,0.9974862267362267,1.1196935286935286,1.1971469016306477,0.25295524508483536,0.2733333333333333,0.11926605504587157,0.15384615384615385,0.013333333333333334,0.055900621118012424,0.02386634844868735,0.016587677725118485,0.008592910848549946,0.0024554941682013503,0.37683284457478006,0.40615835777126097,3.0,16.0,4.0,0.23333333333333334,5.770642201834862,1.1743119266055047,0.11,27.925233644859812,22.109756097560975,7.0,0.15,0.02666666666666667,0.013333333333333334,0.03333333333333333,0.023333333333333334,4.423031895388581,5.1429347210215735,1.141247020246309,5.56427891563489,6.928159576148783,19.46306148719847,7.050804550536503,21.770999128754934,17.11582516533444,19.725109835093747,0.1779875894045463,25.13146956879921,0.6991267908067903,0.39,1.0,1.9,1.44,0.2527927861936386,0.8954001974910009,0.8549218088192805,0.009969900889048798,0.006637199685602252,0.005357031924976196,0.00971872349947291,0.0024096202875415564,0.37168132622747463,0.007310270711328308,0.4908018215826894,0.3275660731889491,0.0022990230911481835,5.5752672435226565,0.01
83,2.4285459392048,1.7838123580546634,0.35297382668137117,-0.2621423956668104,0.0,0.5539021501355756,0.5003023816360804,0.036150921067515954,1.2473590553510672,0.3499004145830663,1.7597972774416273,0.9974862267362267,1.1196935286935286,1.1971469016306477,0.25295524508483536,0.2733333333333333,0.11926605504587157,0.15384615384615385,0.013333333333333334,0.055900621118012424,0.02386634844868735,0.016587677725118485,0.008592910848549946,0.0024554941682013503,0.37683284457478006,0.40615835777126097,3.0,16.0,4.0,0.23333333333333334,5.770642201834862,1.1743119266055047,0.11,27.925233644859812,22.109756097560975,7.0,0.15,0.02666666666666667,0.013333333333333334,0.03333333333333333,0.023333333333333334,4.423031895388581,5.1429347210215735,1.141247020246309,5.56427891563489,6.928159576148783,19.46306148719847,7.050804550536503,21.770999128754934,17.11582516533444,19.725109835093747,0.1779875894045463,25.13146956879921,0.6991267908067903,0.39,1.0,1.9,1.44,0.2527927861936386,0.8954001974910009,0.8549218088192805,0.009969900889048798,0.006637199685602252,0.005357031924976196,0.00971872349947291,0.0024096202875415564,0.37168132622747463,0.007310270711328308,0.4908018215826894,0.3275660731889491,0.0022990230911481835,5.5752672435226565,0.01
84,2.4285459392048,1.7838123580546634,0.35297382668137117,-0.2621423956668104,0.0,0.5539021501355756,0.5003023816360804,0.036150921067515954,1.2473590553510672,0.3499004145830663,1.7597972774416273,0.9974862267362267,1.1196935286935286,1.1971469016306477,0.25295524508483536,0.2733333333333333,0.11926605504587157,0.15384615384615385,0.013333333333333334,0.055900621118012424,0.02386634844868735,0.016587677725118485,0.008592910848549946,0.0024554941682013503,0.37683284457478006,0.40615835777126097,3.0,16.0,4.0,0.23333333333333334,5.770642201834862,1.1743119266055047,0.11,27.925233644859812,22.109756097560975,7.0,0.15,0.02666666666666667,0.013333333333333334,0.03333333333333333,0.023333333333333334,4.423031895388581,5.1429347210215735,1.141247020246309,5.56427891563489,6.928159576148783,19.46306148719847,7.050804550536503,21.770999128754934,17.11582516533444,19.725109835093747,0.1779875894045463,25.13146956879921,0.6991267908067903,0.39,1.0,1.9,1.44,0.2527927861936386,0.8954001974910009,0.8549218088192805,0.009969900889048798,0.006637199685602252,0.005357031924976196,0.00971872349947291,0.0024096202875415564,0.37168132622747463,0.007310270711328308,0.4908018215826894,0.3275660731889491,0.0022990230911481835,5.5752672435226565,0.01
85,2.4285459392048,1.7838123580546634,0.35297382668137117,-0.2621423956668104,0.0,0.5539021501355756,0.5003023816360804,0.036150921067515954,1.2473590553510672,0.3499004145830663,1.7597972774416273,0.9974862267362267,1.1196935286935286,1.1971469016306477,0.25295524508483536,0.2733333333333333,0.11926605504587157,0.15384615384615385,0.013333333333333334,0.055900621118012424,0.02386634844868735,0.016587677725118485,0.008592910848549946,0.0024554941682013503,0.37683284457478006,0.40615835777126097,3.0,16.0,4.0,0.23333333333333334,5.770642201834862,1.1743119266055047,0.11,27.925233644859812,22.109756097560975,7.0,0.15,0.02666666666666667,0.013333333333333334,0.03333333333333333,0.023333333333333334,4.423031895388581,5.1429347210215735,1.141247020246309,5.56427891563489,6.928159576148783,19.46306148719847,7.050804550536503,21.770999128754934,17.11582516533444,19.725109835093747,0.1779875894045463,25.13146956879921,0.6991267908067903,0.39,1.0,1.9,1.44,0.2527927861936386,0.8954001974910009,0.8549218088192805,0.009969900889048798,0.006637199685602252,0.005357031924976196,0.00971872349947291,0.0024096202875415564,0.37168132622747463,0.007310270711328308,0.4908018215826894,0.3275660731889491,0.0022990230911481835,5.5752672435226565,0.01
86,2.4285459392048,1.7838123580546634,0.35297382668137117,-0.2621423956668104,0.0,0.5539021501355756,0.5003023816360804,0.036150921067515954,1.2473590553510672,0.3499004145830663,1.7597972774416273,0.9974862267362267,1.1196935286935286,1.1971469016306477,0.25295524508483536,0.2733333333333333,0.11926605504587157,0.15384615384615385,0.013333333333333334,0.055900621118012424,0.02386634844868735,0.016587677725118485,0.008592910848549946,0.0024554941682013503,0.37683284457478006,0.40615835777126097,3.0,16.0,4.0,0.23333333333333334,5.770642201834862,1.1743119266055047,0.11,27.925233644859812,22.109756097560975,7.0,0.15,0.02666666666666667,0.013333333333333334,0.03333333333333333,0.023333333333333334,4.423031895388581,5.1429347210215735,1.141247020246309,5.56427891563489,6.928159576148783,19.46306148719847,7.050804550536503,21.770999128754934,17.11582516533444,19.725109835093747,0.1779875894045463,25.13146956879921,0.6991267908067903,0.39,1.0,1.9,1.44,0.2527927861936386,0.8954001974910009,0.8549218088192805,0.009969900889048798,0.006637199685602252,0.005357031924976196,0.00971872349947291,0.0024096202875415564,0.37168132622747463,0.007310270711328308,0.4908018215826894,0.3275660731889491,0.0022990230911481835,5.5752672435226565,0.01
87,2.4285459392048,1.7838123580546634,0.35297382668137117,-0.2621423956668104,0.0,0.5539021501355756,0.5003023816360804,0.036150921067515954,1.2473590553510672,0.3499004145830663,1.7597972774416273,0.9974862267362267,1.1196935286935286,1.1971469016306477,0.25295524508483536,0.2733333333333333,0.11926605504587157,0.15384615384615385,0.013333333333333334,0.055900621118012424,0.02386634844868735,0.016587677725118485,0.008592910848549946,0.0024554941682013503,0.37683284457478006,0.40615835777126097,3.0,16.0,4.0,0.23333333333333334,5.770642201834862,1.1743119266055047,0.11,27.925233644859812,22.109756097560975,7.0,0.15,0.02666666666666667,0.013333333333333334,0.03333333333333333,0.023333333333333334,4.423031895388581,5.1429347210215735,1.141247020246309,5.56427891563489,6.928159576148783,19.46306148719847,7.050804550536503,21.770999128754934,17.11582516533444,19.725109835093747,0.1779875894045463,25.13146956879921,0.6991267908067903,0.39,1.0,1.9,1.44,0.2527927861936386,0.8954001974910009,0.8549218088192805,0.009969900889048798,0.006637199685602252,0.005357031924976196,0.00971872349947291,0.0024096202875415564,0.37168132622747463,0.007310270711328308,0.4908018215826894,0.3275660731889491,0.0022990230911481835,5.5752672435226565,0.01
88,2.4285459392048,1.7838123580546634,0.35297382668137117,-0.2621423956668104,0.0,0.5539021501355756,0.5003023816360804,0.036150921067515954,1.2473590553510672,0.3499004145830663,1.7597972774416273,0.9974862267362267,1.1196935286935286,1.1971469016306477,0.25295524508483536,0.2733333333333333,0.11926605504587157,0.15384615384615385,0.013333333333333334,0.055900621118012424,0.02386634844868735,0.016587677725118485,0.008592910848549946,0.0024554941682013503,0.37683284457478006,0.40615835777126097,3.0,16.0,4.0,0.23333333333333334,5.770642201834862,1.1743119266055047,0.11,27.925233644859812,22.109756097560975,7.0,0.15,0.02666666666666667,0.013333333333333334,0.03333333333333333,0.023333333333333334,4.423031895388581,5.1429347210215735,1.141247020246309,5.56427891563489,6.928159576148783,19.46306148719847,7.050804550536503,21.770999128754934,17.11582516533444,19.725109835093747,0.1779875894045463,25.13146956879921,0.6991267908067903,0.39,1.0,1.9,1.44,0.2527927861936386,0.8954001974910009,0.8549218088192805,0.009969900889048798,0.006637199685602252,0.005357031924976196,0.00971872349947291,0.0024096202875415564,0.37168132622747463,0.007310270711328308,0.4908018215826894,0.3275660731889491,0.0022990230911481835,5.5752672435226565,0.01
89,2.384231018058857,2.1981970223022773,0.3745180943497185,-0.2557068603733236,0.0,0.06722276178018494,0.5496928324675211,0.04959058831719181,1.5989136015175645,0.33115789473684193,1.7630861874480297,0.9245152717652716,1.175192840784946,1.4411861104295314,0.26898637596323755,0.26,0.12162162162162163,0.14814814814814814,0.013333333333333334,0.0480295566502463,0.022598870056497175,0.02391304347826087,0.005917159763313609,0.0010934937124111536,0.33994708994708994,0.43915343915343913,3.0,20.200000000000017,5.050000000000004,0.23666666666666666,5.981981981981982,1.2387387387387387,0.10666666666666667,25.009174311926607,29.141025641025642,6.0,0.13,0.02,0.006666666666666667,0.02666666666666667,0.03666666666666667,4.5964081507149945,5.685124707164924,1.2159212653084166,5.812329416023411,6.699043913938819,27.360971753692137,6.000911860075662,18.29756397812825,16.05715130531206,19.54351895991554,0.15,26.64828565795582,0.6933535504495885,0.39,1.0,1.9,1.44,0.2427165610815403,0.8892405954324536,0.8545666969658102,0.010194009302380437,0.006583544926307219,0.005215219339979963,0.009506729863481476,0.0022936017062994683,0.4001340573404884,0.006611773351426983,0.5385802521363792,0.32603169851167685,0.002488910692198008,6.082438166033809,0.01
90,2.384231018058857,2.1981970223022773,0.3745180943497185,-0.2557068603733236,0.0,0.06722276178018494,0.5496928324675211,0.04959058831719181,1.5989136015175645,0.33115789473684193,1.7630861874480297,0.9245152717652716,1.175192840784946,1.4411861104295314,0.26898637596323755,0.26,0.12162162162162163,0.14814814814814814,0.013333333333333334,0.0480295566502463,0.022598870056497175,0.02391304347826087,0.005917159763313609,0.0010934937124111536,0.33994708994708994,0.43915343915343913,3.0,20.200000000000017,5.050000000000004,0.23666666666666666,5.981981981981982,1.2387387387387387,0.10666666666666667,25.009174311926607,29.141025641025642,6.0,0.13,0.02,0.006666666666666667,0.02666666666666667,0.03666666666666667,4.5964081507149945,5.685124707164924,1.2159212653084166,5.812329416023411,6.699043913938819,27.360971753692137,6.000911860075662,18.29756397812825,16.05715130531206,19.54351895991554,0.15,26.64828565795582,0.6933535504495885,0.39,1.0,1.9,1.44,0.2427165610815403,0.8892405954324536,0.8545666969658102,0.010194009302380437,0.006583544926307219,0.005215219339979963,0.009506729863481476,0.0022936017062994683,0.4001340573404884,0.006611773351426983,0.5385802521363792,0.32603169851167685,0.002488910692198008,6.082438166033809,0.01
91,2.304991777996734,2.063856910399318,0.29468773278133714,-0.2582488874666833,0.0,0.20469602228276207,0.5023885973842901,0.10654710627300495,1.454921206742023,0.3262302382542864,1.699402166890557,0.8699094516594517,1.1880052354479598,1.2625694542815284,0.17171787276324343,0.27,0.1187214611872146,0.15384615384615385,0.013333333333333334,0.04477611940298507,0.04057971014492753,0.016359918200409,0.007462686567164179,0.0041444641799881585,0.27442827442827444,0.4864864864864865,3.0,20.0,5.0,0.25,5.936073059360731,1.178082191780822,0.10666666666666667,26.967441860465115,27.691358024691358,6.0,0.12,0.016666666666666666,0.023333333333333334,0.04666666666666667,0.02666666666666667,4.611079740655392,5.8653833081831115,1.146571706968279,5.7576514476236715,6.745577942641242,25.77312345783235,6.607868110731535,20.40811857108474,16.92392651702879,19.640940439554445,0.19837050896825903,23.76583695776323,0.6421623725755314,0.39,1.0,1.9,1.44,0.25101475893399955,0.8923185678132773,0.8542066030042276,0.010032736181204135,0.006707859621132429,0.005301148200884937,0.009675924797411525,0.002365916062041298,0.40630599611667134,0.007394952076038978,0.5465087769208685,0.3142581038301051,0.00171061638279374,5.995341692507441,0.01
92,2.304991777996734,2.063856910399318,0.29468773278133714,-0.2582488874666833,0.0,0.20469602228276207,0.5023885973842901,0.10654710627300495,1.454921206742023,0.3262302382542864,1.699402166890557,0.8699094516594517,1.1880052354479598,1.2625694542815284,0.17171787276324343,0.27,0.1187214611872146,0.15384615384615385,0.013333333333333334,0.04477611940298507,0.04057971014492753,0.016359918200409,0.007462686567164179,0.0041444641799881585,0.27442827442827444,0.4864864864864865,3.0,20.0,5.0,0.25,5.936073059360731,1.178082191780822,0.10666666666666667,26.967441860465115,27.691358024691358,6.0,0.12,0.016666666666666666,0.023333333333333334,0.04666666666666667,0.02666666666666667,4.611079740655392,5.8653833081831115,1.146571706968279,5.7576514476236715,6.745577942641242,25.77312345783235,6.607868110731535,20.40811857108474,16.92392651702879,19.640940439554445,0.19837050896825903,23.76583695776323,0.6421623725755314,0.39,1.0,1.9,1.44,0.25101475893399955,0.8923185678132773,0.8542066030042276,0.010032736181204135,0.006707859621132429,0.005301148200884937,0.009675924797411525,0.002365916062041298,0.40630599611667134,0.007394952076038978,0.5465087769208685,0.3142581038301051,0.00171061638279374,5.995341692507441,0.01
93,2.304991777996734,2.063856910399318,0.29468773278133714,-0.2582488874666833,0.0,0.20469602228276207,0.5023885973842901,0.10654710627300495,1.454921206742023,0.3262302382542864,1.699402166890557,0.8699094516594517,1.1880052354479598,1.2625694542815284,0.17171787276324343,0.27,0.1187214611872146,0.15384615384615385,0.013333333333333334,0.04477611940298507,0.04057971014492753,0.016359918200409,0.007462686567164179,0.0041444641799881585,0.27442827442827444,0.4864864864864865,3.0,20.0,5.0,0.25,5.936073059360731,1.178082191780822,0.10666666666666667,26.967441860465115,27.691358024691358,6.0,0.12,0.016666666666666666,0.023333333333333334,0.04666666666666667,0.02666666666666667,4.611079740655392,5.8653833081831115,1.146571706968279,5.7576514476236715,6.745577942641242,25.77312345783235,6.607868110731535,20.40811857108474,16.92392651702879,19.640940439554445,0.19837050896825903,23.76583695776323,0.6421623725755314,0.39,1.0,1.9,1.44,0.25101475893399955,0.8923185678132773,0.8542066030042276,0.010032736181204135,0.006707859621132429,0.005301148200884937,0.009675924797411525,0.002365916062041298,0.40630599611667134,0.007394952076038978,0.5465087769208685,0.3142581038301051,0.00171061638279374,5.995341692507441,0.01
94,2.304991777996734,2.063856910399318,0.29468773278133714,-0.2582488874666833,0.0,0.20469602228276207,0.5023885973842901,0.10654710627300495,1.454921206742023,0.3262302382542864,1.699402166890557,0.8699094516594517,1.1880052354479598,1.2625694542815284,0.17171787276324343,0.27,0.1187214611872146,0.15384615384615385,0.013333333333333334,0.04477611940298507,0.04057971014492753,0.016359918200409,0.007462686567164179,0.0041444641799881585,0.27442827442827444,0.4864864864864865,3.0,20.0,5.0,0.25,5.936073059360731,1.178082191780822,0.10666666666666667,26.967441860465115,27.691358024691358,6.0,0.12,0.016666666666666666,0.023333333333333334,0.04666666666666667,0.02666666666666667,4.611079740655392,5.8653833081831115,1.146571706968279,5.7576514476236715,6.745577942641242,25.77312345783235,6.607868110731535,20.40811857108474,16.92392651702879,19.640940439554445,0.19837050896825903,23.76583695776323,0.6421623725755314,0.39,1.0,1.9,1.44,0.25101475893399955,0.8923185678132773,0.8542066030042276,0.010032736181204135,0.006707859621132429,0.005301148200884937,0.009675924797411525,0.002365916062041298,0.40630599611667134,0.007394952076038978,0.5465087769208685,0.3142581038301051,0.00171061638279374,5.995341692507441,0.01
95,2.304991777996734,2.063856910399318,0.29468773278133714,-0.2582488874666833,0.0,0.20469602228276207,0.5023885973842901,0.10654710627300495,1.454921206742023,0.3262302382542864,1.699402166890557,0.8699094516594517,1.1880052354479598,1.2625694542815284,0.17171787276324343,0.27,0.1187214611872146,0.15384615384615385,0.013333333333333334,0.04477611940298507,0.04057971014492753,0.016359918200409,0.007462686567164179,0.0041444641799881585,0.27442827442827444,0.4864864864864865,3.0,20.0,5.0,0.25,5.936073059360731,1.178082191780822,0.10666666666666667,26.967441860465115,27.691358024691358,6.0,0.12,0.016666666666666666,0.023333333333333334,0.04666666666666667,0.02666666666666667,4.611079740655392,5.8653833081831115,1.146571706968279,5.7576514476236715,6.745577942641242,25.77312345783235,6.607868110731535,20.40811857108474,16.92392651702879,19.640940439554445,0.19837050896825903,23.76583695776323,0.6421623725755314,0.39,1.0,1.9,1.44,0.25101475893399955,0.8923185678132773,0.8542066030042276,0.010032736181204135,0.006707859621132429,0.005301148200884937,0.009675924797411525,0.002365916062041298,0.40630599611667134,0.007394952076038978,0.5465087769208685,0.3142581038301051,0.00171061638279374,5.995341692507441,0.01
96,2.304991777996734,2.063856910399318,0.29468773278133714,-0.2582488874666833,0.0,0.20469602228276207,0.5023885973842901,0.10654710627300495,1.454921206742023,0.3262302382542864,1.699402166890557,0.8699094516594517,1.1880052354479598,1.2625694542815284,0.17171787276324343,0.27,0.1187214611872146,0.15384615384615385,0.013333333333333334,0.04477611940298507,0.04057971014492753,0.016359918200409,0.007462686567164179,0.0041444641799881585,0.27442827442827444,0.4864864864864865,3.0,20.0,5.0,0.25,5.936073059360731,1.178082191780822,0.10666666666666667,26.967441860465115,27.691358024691358,6.0,0.12,0.016666666666666666,0.023333333333333334,0.04666666666666667,0.02666666666666667,4.611079740655392,5.8653833081831115,1.146571706968279,5.7576514476236715,6.745577942641242,25.77312345783235,6.607868110731535,20.40811857108474,16.92392651702879,19.640940439554445,0.19837050896825903,23.76583695776323,0.6421623725755314,0.39,1.0,1.9,1.44,0.25101475893399955,0.8923185678132773,0.8542066030042276,0.010032736181204135,0.006707859621132429,0.005301148200884937,0.009675924797411525,0.002365916062041298,0.40630599611667134,0.007394952076038978,0.5465087769208685,0.3142581038301051,0.00171061638279374,5.995341692507441,0.01
97,2.304991777996734,2.063856910399318,0.29468773278133714,-0.2582488874666833,0.0,0.20469602228276207,0.5023885973842901,0.10654710627300495,1.454921206742023,0.3262302382542864,1.699402166890557,0.8699094516594517,1.1880052354479598,1.2625694542815284,0.17171787276324343,0.27,0.1187214611872146,0.15384615384615385,0.013333333333333334,0.04477611940298507,0.04057971014492753,0.016359918200409,0.007462686567164179,0.0041444641799881585,0.27442827442827444,0.4864864864864865,3.0,20.0,5.0,0.25,5.936073059360731,1.178082191780822,0.10666666666666667,26.967441860465115,27.691358024691358,6.0,0.12,0.016666666666666666,0.023333333333333334,0.04666666666666667,0.02666666666666667,4.611079740655392,5.8653833081831115,1.146571706968279,5.7576514476236715,6.745577942641242,25.77312345783235,6.607868110731535,20.40811857108474,16.92392651702879,19.640940439554445,0.19837050896825903,23.76583695776323,0.6421623725755314,0.39,1.0,1.9,1.44,0.25101475893399955,0.8923185678132773,0.8542066030042276,0.010032736181204135,0.006707859621132429,0.005301148200884937,0.009675924797411525,0.002365916062041298,0.40630599611667134,0.007394952076038978,0.5465087769208685,0.3142581038301051,0.00171061638279374,5.995341692507441,0.01
98,2.304991777996734,2.063856910399318,0.29468773278133714,-0.2582488874666833,0.0,0.20469602228276207,0.5023885973842901,0.10654710627300495,1.454921206742023,0.3262302382542864,1.699402166890557,0.8699094516594517,1.1880052354479598,1.2625694542815284,0.17171787276324343,0.27,0.1187214611872146,0.15384615384615385,0.013333333333333334,0.04477611940298507,0.04057971014492753,0.016359918200409,0.007462686567164179,0.0041444641799881585,0.27442827442827444,0.4864864864864865,3.0,20.0,5.0,0.25,5.936073059360731,1.178082191780822,0.10666666666666667,26.967441860465115,27.691358024691358,6.0,0.12,0.016666666666666666,0.023333333333333334,0.04666666666666667,0.02666666666666667,4.611079740655392,5.8653833081831115,1.146571706968279,5.7576514476236715,6.745577942641242,25.77312345783235,6.607868110731535,20.40811857108474,16.92392651702879,19.640940439554445,0.19837050896825903,23.76583695776323,0.6421623725755314,0.39,1.0,1.9,1.44,0.25101475893399955,0.8923185678132773,0.8542066030042276,0.010032736181204135,0.006707859621132429,0.005301148200884937,0.009675924797411525,0.002365916062041298,0.40630599611667134,0.007394952076038978,0.5465087769208685,0.3142581038301051,0.00171061638279374,5.995341692507441,0.01
99,2.304991777996734,2.063856910399318,0.29468773278133714,-0.2582488874666833,0.0,0.20469602228276207,0.5023885973842901,0.10654710627300495,1.454921206742023,0.3262302382542864,1.699402166890557,0.8699094516594517,1.1880052354479598,1.2625694542815284,0.17171787276324343,0.27,0.1187214611872146,0.15384615384615385,0.013333333333333334,0.04477611940298507,0.04057971014492753,0.016359918200409,0.007462686567164179,0.0041444641799881585,0.27442827442827444,0.4864864864864865,3.0,20.0,5.0,0.25,5.936073059360731,1.178082191780822,0.10666666666666667,26.967441860465115,27.691358024691358,6.0,0.12,0.016666666666666666,0.023333333333333334,0.04666666666666667,0.02666666666666667,4.611079740655392,5.8653833081831115,1.146571706968279,5.7576514476236715,6.745577942641242,25.77312345783235,6.607868110731535,20.40811857108474,16.92392651702879,19.640940439554445,0.19837050896825903,23.76583695776323,0.6421623725755314,0.39,1.0,1.9,1.44,0.25101475893399955,0.8923185678132773,0.8542066030042276,0.010032736181204135,0.006707859621132429,0.005301148200884937,0.009675924797411525,0.002365916062041298,0.40630599611667134,0.007394952076038978,0.5465087769208685,0.3142581038301051,0.00171061638279374,5.995341692507441,0.01
100,2.276779219953083,1.969737906909964,0.34355222796206486,-0.24493001782049056,0.0,0.20841910290154472,0.511083700977193,0.054757181020005055,1.403897024912766,0.2248024445707789,1.8251211252054902,0.8230716135716135,1.2070773928800242,1.2331743038952792,0.2097873490175526,0.27,0.1141552511415525,0.16,0.013333333333333334,0.04438964241676942,0.032448377581120944,0.02145922746781116,0.0069124423963133645,0.003484320557491289,0.3459715639810427,0.41390205371248023,3.0,20.0,5.0,0.2633333333333333,5.926940639269406,1.2968036529680365,0.09333333333333334,25.209302325581394,29.88888888888889,7.0,0.12,0.02,0.02,0.03666666666666667,0.03333333333333333,4.451804273841345,6.785665740635785,1.2775962582045983,5.729400532045943,6.891829875129323,27.693706438367812,6.001463456603371,18.307161228975072,18.444925472480904,19.798486799944424,0.16856258100360663,24.23987966612953,0.5626306569614056,0.39,1.0,1.9,1.44,0.2508876022297339,0.9,0.860491920086434,0.010087475333856977,0.006398455048936638,0.005175087381130467,0.009657945029034354,0.002351624133817927,0.3852888219152104,0.006327891073622573,0.5762886334358188,0.3447017713381862,0.002127299531728604,6.35411148450506,0.01
101,2.276779219953083,1.969737906909964,0.34355222796206486,-0.24493001782049056,0.0,0.20841910290154472,0.511083700977193,0.054757181020005055,1.403897024912766,0.2248024445707789,1.8251211252054902,0.8230716135716135,1.2070773928800242,1.2331743038952792,0.2097873490175526,0.27,0.1141552511415525,0.16,0.013333333333333334,0.04438964241676942,0.032448377581120944,0.02145922746781116,0.0069124423963133645,0.003484320557491289,0.3459715639810427,0.41390205371248023,3.0,20.0,5.0,0.2633333333333333,5.926940639269406,1.2968036529680365,0.09333333333333334,25.209302325581394,29.88888888888889,7.0,0.12,0.02,0.02,0.03666666666666667,0.03333333333333333,4.451804273841345,6.785665740635785,1.2775962582045983,5.729400532045943,6.891829875129323,27.693706438367812,6.001463456603371,18.307161228975072,18.444925472480904,19.798486799944424,0.16856258100360663,24.23987966612953,0.5626306569614056,0.39,1.0,1.9,1.44,0.2508876022297339,0.9,0.860491920086434,0.010087475333856977,0.006398455048936638,0.005175087381130467,0.009657945029034354,0.002351624133817927,0.3852888219152104,0.006327891073622573,0.5762886334358188,0.3447017713381862,0.002127299531728604,6.35411148450506,0.01
102,2.276779219953083,1.969737906909964,0.34355222796206486,-0.24493001782049056,0.0,0.20841910290154472,0.511083700977193,0.054757181020005055,1.403897024912766,0.2248024445707789,1.8251211252054902,0.8230716135716135,1.2070773928800242,1.2331743038952792,0.2097873490175526,0.27,0.1141552511415525,0.16,0.013333333333333334,0.04438964241676942,0.032448377581120944,0.02145922746781116,0.0069124423963133645,0.003484320557491289,0.3459715639810427,0.41390205371248023,3.0,20.0,5.0,0.2633333333333333,5.926940639269406,1.2968036529680365,0.09333333333333334,25.209302325581394,29.88888888888889,7.0,0.12,0.02,0.02,0.03666666666666667,0.03333333333333333,4.451804273841345,6.785665740635785,1.2775962582045983,5.729400532045943,6.891829875129323,27.693706438367812,6.001463456603371,18.307161228975072,18.444925472480904,19.798486799944424,0.16856258100360663,24.23987966612953,0.5626306569614056,0.39,1.0,1.9,1.44,0.2508876022297339,0.9,0.860491920086434,0.010087475333856977,0.006398455048936638,0.005175087381130467,0.009657945029034354,0.002351624133817927,0.3852888219152104,0.006327891073622573,0.5762886334358188,0.3447017713381862,0.002127299531728604,6.35411148450506,0.01
103,2.276779219953083,1.969737906909964,0.34355222796206486,-0.24493001782049056,0.0,0.20841910290154472,0.511083700977193,0.054757181020005055,1.403897024912766,0.2248024445707789,1.8251211252054902,0.8230716135716135,1.2070773928800242,1.2331743038952792,0.2097873490175526,0.27,0.1141552511415525,0.16,0.013333333333333334,0.04438964241676942,0.032448377581120944,0.02145922746781116,0.0069124423963133645,0.003484320557491289,0.3459715639810427,0.41390205371248023,3.0,20.0,5.0,0.2633333333333333,5.926940639269406,1.2968036529680365,0.09333333333333334,25.209302325581394,29.88888888888889,7.0,0.12,0.02,0.02,0.03666666666666667,0.03333333333333333,4.451804273841345,6.785665740635785,1.2775962582045983,5.729400532045943,6.891829875129323,27.693706438367812,6.001463456603371,18.307161228975072,18.444925472480904,19.798486799944424,0.16856258100360663,24.23987966612953,0.5626306569614056,0.39,1.0,1.9,1.44,0.2508876022297339,0.9,0.860491920086434,0.010087475333856977,0.006398455048936638,0.005175087381130467,0.009657945029034354,0.002351624133817927,0.3852888219152104,0.006327891073622573,0.5762886334358188,0.3447017713381862,0.002127299531728604,6.35411148450506,0.01
104,2.276779219953083,1.969737906909964,0.34355222796206486,-0.24493001782049056,0.0,0.20841910290154472,0.511083700977193,0.054757181020005055,1.403897024912766,0.2248024445707789,1.8251211252054902,0.8230716135716135,1.2070773928800242,1.2331743038952792,0.2097873490175526,0.27,0.1141552511415525,0.16,0.013333333333333334,0.04438964241676942,0.032448377581120944,0.02145922746781116,0.0069124423963133645,0.003484320557491289,0.3459715639810427,0.41390205371248023,3.0,20.0,5.0,0.2633333333333333,5.926940639269406,1.2968036529680365,0.09333333333333334,25.209302325581394,29.88888888888889,7.0,0.12,0.02,0.02,0.03666666666666667,0.03333333333333333,4.451804273841345,6.785665740635785,1.2775962582045983,5.729400532045943,6.891829875129323,27.693706438367812,6.001463456603371,18.307161228975072,18.444925472480904,19.798486799944424,0.16856258100360663,24.23987966612953,0.5626306569614056,0.39,1.0,1.9,1.44,0.2508876022297339,0.9,0.860491920086434,0.010087475333856977,0.006398455048936638,0.005175087381130467,0.009657945029034354,0.002351624133817927,0.3852888219152104,0.006327891073622573,0.5762886334358188,0.3447017713381862,0.002127299531728604,6.35411148450506,0.01
105,2.276779219953083,1.969737906909964,0.34355222796206486,-0.24493001782049056,0.0,0.20841910290154472,0.511083700977193,0.054757181020005055,1.403897024912766,0.2248024445707789,1.8251211252054902,0.8230716135716135,1.2070773928800242,1.2331743038952792,0.2097873490175526,0.27,0.1141552511415525,0.16,0.013333333333333334,0.04438964241676942,0.032448377581120944,0.02145922746781116,0.0069124423963133645,0.003484320557491289,0.3459715639810427,0.41390205371248023,3.0,20.0,5.0,0.2633333333333333,5.926940639269406,1.2968036529680365,0.09333333333333334,25.209302325581394,29.88888888888889,7.0,0.12,0.02,0.02,0.03666666666666667,0.03333333333333333,4.451804273841345,6.785665740635785,1.2775962582045983,5.729400532045943,6.891829875129323,27.693706438367812,6.001463456603371,18.307161228975072,18.444925472480904,19.798486799944424,0.16856258100360663,24.23987966612953,0.5626306569614056,0.39,1.0,1.9,1.44,0.2508876022297339,0.9,0.860491920086434,0.010087475333856977,0.006398455048936638,0.005175087381130467,0.009657945029034354,0.002351624133817927,0.3852888219152104,0.006327891073622573,0.5762886334358188,0.3447017713381862,0.002127299531728604,6.35411148450506,0.01
106,2.276779219953083,1.969737906909964,0.34355222796206486,-0.24493001782049056,0.0,0.20841910290154472,0.511083700977193,0.054757181020005055,1.403897024912766,0.2248024445707789,1.8251211252054902,0.8230716135716135,1.2070773928800242,1.2331743038952792,0.2097873490175526,0.27,0.1141552511415525,0.16,0.013333333333333334,0.04438964241676942,0.032448377581120944,0.02145922746781116,0.0069124423963133645,0.003484320557491289,0.3459715639810427,0.41390205371248023,3.0,20.0,5.0,0.2633333333333333,5.926940639269406,1.2968036529680365,0.09333333333333334,25.209302325581394,29.88888888888889,7.0,0.12,0.02,0.02,0.03666666666666667,0.03333333333333333,4.451804273841345,6.785665740635785,1.2775962582045983,5.729400532045943,6.891829875129323,27.693706438367812,6.001463456603371,18.307161228975072,18.444925472480904,19.798486799944424,0.16856258100360663,24.23987966612953,0.5626306569614056,0.39,1.0,1.9,1.44,0.2508876022297339,0.9,0.860491920086434,0.010087475333856977,0.006398455048936638,0.005175087381130467,0.009657945029034354,0.002351624133817927,0.3852888219152104,0.006327891073622573,0.5762886334358188,0.3447017713381862,0.002127299531728604,6.35411148450506,0.01
107,2.276779219953083,1.969737906909964,0.34355222796206486,-0.24493001782049056,0.0,0.20841910290154472,0.511083700977193,0.054757181020005055,1.403897024912766,0.2248024445707789,1.8251211252054902,0.8230716135716135,1.2070773928800242,1.2331743038952792,0.2097873490175526,0.27,0.1141552511415525,0.16,0.013333333333333334,0.04438964241676942,0.032448377581120944,0.02145922746781116,0.0069124423963133645,0.003484320557491289,0.3459715639810427,0.41390205371248023,3.0,20.0,5.0,0.2633333333333333,5.926940639269406,1.2968036529680365,0.09333333333333334,25.209302325581394,29.88888888888889,7.0,0.12,0.02,0.02,0.03666666666666667,0.03333333333333333,4.451804273841345,6.785665740635785,1.2775962582045983,5.729400532045943,6.891829875129323,27.693706438367812,6.001463456603371,18.307161228975072,18.444925472480904,19.798486799944424,0.16856258100360663,24.23987966612953,0.5626306569614056,0.39,1.0,1.9,1.44,0.2508876022297339,0.9,0.860491920086434,0.010087475333856977,0.006398455048936638,0.005175087381130467,0.009657945029034354,0.002351624133817927,0.3852888219152104,0.006327891073622573,0.5762886334358188,0.3447017713381862,0.002127299531728604,6.35411148450506,0.01
108,2.2638264764814915,1.9060963618485744,0.4384048941083858,-0.23187771804454038,0.0,0.15120293856907194,0.511286013870398,0.058052923312536454,1.33675742466564,0.3295063092257084,1.8154179012534106,0.8771893384393384,1.2096661759293341,1.1699457920795246,0.216792969956713,0.27,0.1141552511415525,0.16,0.013333333333333334,0.04449938195302843,0.0215633423180593,0.01939655172413793,0.009987515605493134,0.0036923076923076922,0.3126050420168067,0.44873949579831934,2.5,20.0,5.0,0.27666666666666667,5.904109589041096,1.3013698630136987,0.09333333333333334,25.567441860465117,29.950617283950617,7.0,0.12,0.02666666666666667,0.02,0.02666666666666667,0.03,4.428025234775617,6.942818880179059,1.268512875781294,5.696538110556911,6.880440524242098,27.694662788477476,6.16990541957428,18.776814053550655,18.190194109028102,19.784840725661258,0.16740755140487124,23.482408065240822,0.5496446945153816,0.39,1.0,1.9,1.44,0.2508136775342802,0.8997924306211139,0.8615614945380404,0.010061211175066276,0.006406333834964956,0.005178335853661703,0.00965380983202128,0.002354278270623781,0.37565297262972536,0.006256017167014059,0.5759471248711356,0.3512730645322522,0.0020435570640797065,5.80526000451208,0.01
109,2.2638264764814915,1.9060963618485744,0.4384048941083858,-0.23187771804454038,0.0,0.15120293856907194,0.511286013870398,0.058052923312536454,1.33675742466564,0.3295063092257084,1.8154179012534106,0.8771893384393384,1.2096661759293341,1.1699457920795246,0.216792969956713,0.27,0.1141552511415525,0.16,0.013333333333333334,0.04449938195302843,0.0215633423180593,0.01939655172413793,0.009987515605493134,0.0036923076923076922,0.3126050420168067,0.44873949579831934,2.5,20.0,5.0,0.27666666666666667,5.904109589041096,1.3013698630136987,0.09333333333333334,25.567441860465117,29.950617283950617,7.0,0.12,0.02666666666666667,0.02,0.02666666666666667,0.03,4.428025234775617,6.942818880179059,1.268512875781294,5.696538110556911,6.880440524242098,27.694662788477476,6.16990541957428,18.776814053550655,18.190194109028102,19.784840725661258,0.16740755140487124,23.482408065240822,0.5496446945153816,0.39,1.0,1.9,1.44,0.2508136775342802,0.8997924306211139,0.8615614945380404,0.010061211175066276,0.006406333834964956,0.005178335853661703,0.00965380983202128,0.002354278270623781,0.37565297262972536,0.006256017167014059,0.5759471248711356,0.3512730645322522,0.0020435570640797065,5.80526000451208,0.01
110,2.2548900965490746,2.0438540388614785,0.4617916850679211,-0.26346219378232527,0.0,0.012706566402000463,0.5030172901384429,0.06258864785374302,1.4782481008692927,0.31470818537740136,1.7817150680528995,0.920017057017057,1.1956881174381175,1.2962452890128722,0.22406123929562127,0.27,0.1141552511415525,0.16,0.013333333333333334,0.044444444444444446,0.03367875647668394,0.017130620985010708,0.009685230024213076,0.0016863406408094434,0.2686084142394822,0.4935275080906149,3.0,21.0,5.25,0.25666666666666665,5.858447488584475,1.264840182648402,0.10333333333333333,26.72093023255814,31.0,7.0,0.12,0.02666666666666667,0.01,0.043333333333333335,0.02666666666666667,4.4211020113543995,7.082377885091183,1.2409684166727095,5.662070428027109,6.921879844695692,28.7900460077486,6.327504406677562,19.918190758634644,18.66463168830722,19.839197460413622,0.1650961642456633,23.434016652142287,0.5479979921016079,0.39,1.0,1.9,1.44,0.2521476554551788,0.9,0.8609093989003103,0.010114778754219601,0.006463920491331278,0.005147637304841982,0.009655124597003191,0.00236933339554888,0.3760297773954401,0.006408438658539275,0.5684343139958827,0.35476348346799425,0.0021325714469882908,6.457834436566117,0.013838307062529505
111,2.048124939810545,1.9518016724532505,0.33761806836908037,-0.28045799450068326,0.0,0.03916319348889717,0.49426997676664836,0.059495218454416535,1.3980364772321856,0.2629868964279303,1.758459540905294,0.8845161967661965,1.184103478392952,1.2071894806627441,0.2389993279211169,0.2733333333333333,0.11467889908256881,0.16,0.013333333333333334,0.04326328800988875,0.029023746701846966,0.02391304347826087,0.006920415224913495,0.003988603988603989,0.2786377708978328,0.46439628482972134,3.0,21.0,5.25,0.27666666666666667,5.761467889908257,1.1788990825688073,0.10666666666666667,26.570093457943926,31.451219512195124,7.0,0.11666666666666667,0.02,0.023333333333333334,0.03666666666666667,0.03666666666666667,4.407208619853574,6.822517680251979,1.1538146282184303,5.561023248072004,6.881186997939456,29.351115624503475,6.22819632710484,19.8854267951342,18.50802649741741,19.915162489483148,0.1676531082563382,23.784694767182987,0.5255169918760927,0.39,1.0,1.9,1.44,0.2535978053473682,0.8992384638130998,0.8619954086250445,0.010174362750238045,0.006429360940880095,0.005152518953699066,0.009750648369293286,0.002351475840297737,0.368690641492636,0.006522736048650896,0.558467408357888,0.3561909070765008,0.002118684046052506,6.289267014870588,0.01
112,2.048124939810545,1.9518016724532505,0.33761806836908037,-0.28045799450068326,0.0,0.03916319348889717,0.49426997676664836,0.059495218454416535,1.3980364772321856,0.2629868964279303,1.758459540905294,0.8845161967661965,1.184103478392952,1.2071894806627441,0.2389993279211169,0.2733333333333333,0.11467889908256881,0.16,0.013333333333333334,0.04326328800988875,0.029023746701846966,0.02391304347826087,0.006920415224913495,0.003988603988603989,0.2786377708978328,0.46439628482972134,3.0,21.0,5.25,0.27666666666666667,5.761467889908257,1.1788990825688073,0.10666666666666667,26.570093457943926,31.451219512195124,7.0,0.11666666666666667,0.02,0.023333333333333334,0.03666666666666667,0.03666666666666667,4.407208619853574,6.822517680251979,1.1538146282184303,5.561023248072004,6.881186997939456,29.351115624503475,6.22819632710484,19.8854267951342,18.50802649741741,19.915162489483148,0.1676531082563382,23.784694767182987,0.5255169918760927,0.39,1.0,1.9,1.44,0.2535978053473682,0.8992384638130998,0.8619954086250445,0.010174362750238045,0.006429360940880095,0.005152518953699066,0.009750648369293286,0.002351475840297737,0.368690641492636,0.006522736048650896,0.558467408357888,0.3561909070765008,0.002118684046052506,6.289267014870588,0.01
113,2.048124939810545,1.9518016724532505,0.33761806836908037,-0.28045799450068326,0.0,0.03916319348889717,0.49426997676664836,0.059495218454416535,1.3980364772321856,0.2629868964279303,1.758459540905294,0.8845161967661965,1.184103478392952,1.2071894806627441,0.2389993279211169,0.2733333333333333,0.11467889908256881,0.16,0.013333333333333334,0.04326328800988875,0.029023746701846966,0.02391304347826087,0.006920415224913495,0.003988603988603989,0.2786377708978328,0.46439628482972134,3.0,21.0,5.25,0.27666666666666667,5.761467889908257,1.1788990825688073,0.10666666666666667,26.570093457943926,31.451219512195124,7.0,0.11666666666666667,0.02,0.023333333333333334,0.03666666666666667,0.03666666666666667,4.407208619853574,6.822517680251979,1.1538146282184303,5.561023248072004,6.881186997939456,29.351115624503475,6.22819632710484,19.8854267951342,18.50802649741741,19.915162489483148,0.1676531082563382,23.784694767182987,0.5255169918760927,0.39,1.0,1.9,1.44,0.2535978053473682,0.8992384638130998,0.8619954086250445,0.010174362750238045,0.006429360940880095,0.005152518953699066,0.009750648369293286,0.002351475840297737,0.368690641492636,0.006522736048650896,0.558467408357888,0.3561909070765008,0.002118684046052506,6.289267014870588,0.01
114,2.048124939810545,1.9518016724532505,0.33761806836908037,-0.28045799450068326,0.0,0.03916319348889717,0.49426997676664836,0.059495218454416535,1.3980364772321856,0.2629868964279303,1.758459540905294,0.8845161967661965,1.184103478392952,1.2071894806627441,0.2389993279211169,0.2733333333333333,0.11467889908256881,0.16,0.013333333333333334,0.04326328800988875,0.029023746701846966,0.02391304347826087,0.006920415224913495,0.003988603988603989,0.2786377708978328,0.46439628482972134,3.0,21.0,5.25,0.27666666666666667,5.761467889908257,1.1788990825688073,0.10666666666666667,26.570093457943926,31.451219512195124,7.0,0.11666666666666667,0.02,0.023333333333333334,0.03666666666666667,0.03666666666666667,4.407208619853574,6.822517680251979,1.1538146282184303,5.561023248072004,6.881186997939456,29.351115624503475,6.22819632710484,19.8854267951342,18.50802649741741,19.915162489483148,0.1676531082563382,23.784694767182987,0.5255169918760927,0.39,1.0,1.9,1.44,0.2535978053473682,0.8992384638130998,0.8619954086250445,0.010174362750238045,0.006429360940880095,0.005152518953699066,0.009750648369293286,0.002351475840297737,0.368690641492636,0.006522736048650896,0.558467408357888,0.3561909070765008,0.002118684046052506,6.289267014870588,0.01
115,2.048124939810545,1.9518016724532505,0.33761806836908037,-0.28045799450068326,0.0,0.03916319348889717,0.49426997676664836,0.059495218454416535,1.3980364772321856,0.2629868964279303,1.758459540905294,0.8845161967661965,1.184103478392952,1.2071894806627441,0.2389993279211169,0.2733333333333333,0.11467889908256881,0.16,0.013333333333333334,0.04326328800988875,0.029023746701846966,0.02391304347826087,0.006920415224913495,0.003988603988603989,0.2786377708978328,0.46439628482972134,3.0,21.0,5.25,0.27666666666666667,5.761467889908257,1.1788990825688073,0.10666666666666667,26.570093457943926,31.451219512195124,7.0,0.11666666666666667,0.02,0.023333333333333334,0.03666666666666667,0.03666666666666667,4.407208619853574,6.822517680251979,1.1538146282184303,5.561023248072004,6.881186997939456,29.351115624503475,6.22819632710484,19.8854267951342,18.50802649741741,19.915162489483148,0.1676531082563382,23.784694767182987,0.5255169918760927,0.39,1.0,1.9,1.44,0.2535978053473682,0.8992384638130998,0.8619954086250445,0.010174362750238045,0.006429360940880095,0.005152518953699066,0.009750648369293286,0.002351475840297737,0.368690641492636,0.006522736048650896,0.558467408357888,0.3561909070765008,0.002118684046052506,6.289267014870588,0.01
116,2.048124939810545,1.9518016724532505,0.33761806836908037,-0.28045799450068326,0.0,0.03916319348889717,0.49426997676664836,0.059495218454416535,1.3980364772321856,0.2629868964279303,1.758459540905294,0.8845161967661965,1.184103478392952,1.2071894806627441,0.2389993279211169,0.2733333333333333,0.11467889908256881,0.16,0.013333333333333334,0.04326328800988875,0.029023746701846966,0.02391304347826087,0.006920415224913495,0.003988603988603989,0.2786377708978328,0.46439628482972134,3.0,21.0,5.25,0.27666666666666667,5.761467889908257,1.1788990825688073,0.10666666666666667,26.570093457943926,31.451219512195124,7.0,0.11666666666666667,0.02,0.023333333333333334,0.03666666666666667,0.03666666666666667,4.407208619853574,6.822517680251979,1.1538146282184303,5.561023248072004,6.881186997939456,29.351115624503475,6.22819632710484,19.8854267951342,18.50802649741741,19.915162489483148,0.1676531082563382,23.784694767182987,0.5255169918760927,0.39,1.0,1.9,1.44,0.2535978053473682,0.8992384638130998,0.8619954086250445,0.010174362750238045,0.006429360940880095,0.005152518953699066,0.009750648369293286,0.002351475840297737,0.368690641492636,0.006522736048650896,0.558467408357888,0.3561909070765008,0.002118684046052506,6.289267014870588,0.01
117,2.0259862185842237,1.917641249205976,0.3081095645733972,-0.26233318091365027,0.0,0.06256858571850069,0.4899365651186467,0.06517738272378418,1.3625273013635453,0.23454781199351699,1.6455399719408335,0.8646647704147703,1.1692086217875692,1.2892379792655906,0.2012778594227931,0.27,0.1141552511415525,0.16,0.013333333333333334,0.043209876543209874,0.013477088948787063,0.026905829596412557,0.0068415051311288486,0.004395604395604396,0.39009287925696595,0.4040247678018576,3.0,22.0,5.5,0.26666666666666666,5.968036529680365,1.360730593607306,0.09333333333333334,25.358139534883723,30.604938271604937,6.0,0.11666666666666667,0.02,0.02666666666666667,0.016666666666666666,0.04,4.433142840111677,6.963638667172191,1.3778404089935614,5.810983249105239,6.448204359183499,28.627822171590307,6.053196234207249,18.130320995820977,20.534768659818436,19.80474779974469,0.17697046418099074,28.653707908429745,0.5144044310257962,0.39,1.0,1.9,1.44,0.25266057931962344,0.8988699446894305,0.8584633175432659,0.009738526174542319,0.006240501320993127,0.004974858529093577,0.00973713266747369,0.0023210408557900243,0.35767783210853643,0.006891079031764855,0.5366937139696171,0.34440291038121573,0.0021426069481748342,6.525295756836839,0.01
118,2.0259862185842237,1.917641249205976,0.3081095645733972,-0.26233318091365027,0.0,0.06256858571850069,0.4899365651186467,0.06517738272378418,1.3625273013635453,0.23454781199351699,1.6455399719408335,0.8646647704147703,1.1692086217875692,1.2892379792655906,0.2012778594227931,0.27,0.1141552511415525,0.16,0.013333333333333334,0.043209876543209874,0.013477088948787063,0.026905829596412557,0.0068415051311288486,0.004395604395604396,0.39009287925696595,0.4040247678018576,3.0,22.0,5.5,0.26666666666666666,5.968036529680365,1.360730593607306,0.09333333333333334,25.358139534883723,30.604938271604937,6.0,0.11666666666666667,0.02,0.02666666666666667,0.016666666666666666,0.04,4.433142840111677,6.963638667172191,1.3778404089935614,5.810983249105239,6.448204359183499,28.627822171590307,6.053196234207249,18.130320995820977,20.534768659818436,19.80474779974469,0.17697046418099074,28.653707908429745,0.5144044310257962,0.39,1.0,1.9,1.44,0.25266057931962344,0.8988699446894305,0.8584633175432659,0.009738526174542319,0.006240501320993127,0.004974858529093577,0.00973713266747369,0.0023210408557900243,0.35767783210853643,0.006891079031764855,0.5366937139696171,0.34440291038121573,0.0021426069481748342,6.525295756836839,0.01
119,2.0259862185842237,1.917641249205976,0.3081095645733972,-0.26233318091365027,0.0,0.06256858571850069,0.4899365651186467,0.06517738272378418,1.3625273013635453,0.23454781199351699,1.6455399719408335,0.8646647704147703,1.1692086217875692,1.2892379792655906,0.2012778594227931,0.27,0.1141552511415525,0.16,0.013333333333333334,0.043209876543209874,0.013477088948787063,0.026905829596412557,0.0068415051311288486,0.004395604395604396,0.39009287925696595,0.4040247678018576,3.0,22.0,5.5,0.26666666666666666,5.968036529680365,1.360730593607306,0.09333333333333334,25.358139534883723,30.604938271604937,6.0,0.11666666666666667,0.02,0.02666666666666667,0.016666666666666666,0.04,4.433142840111677,6.963638667172191,1.3778404089935614,5.810983249105239,6.448204359183499,28.627822171590307,6.053196234207249,18.130320995820977,20.534768659818436,19.80474779974469,0.17697046418099074,28.653707908429745,0.5144044310257962,0.39,1.0,1.9,1.44,0.25266057931962344,0.8988699446894305,0.8584633175432659,0.009738526174542319,0.006240501320993127,0.004974858529093577,0.00973713266747369,0.0023210408557900243,0.35767783210853643,0.006891079031764855,0.5366937139696171,0.34440291038121573,0.0021426069481748342,6.525295756836839,0.01
